// Auto-generated by tools/embed_font.ps1 - do not edit.
#pragma once
#include <cstddef>
namespace neon::embedded {
static const unsigned char kEmbeddedFontData[] = {
  0x00, 0x01, 0x00, 0x00, 0x00, 0x11, 0x01, 0x00, 0x00, 0x04, 0x00, 0x10, 0x44, 0x53, 0x49, 0x47,
  0x00, 0x00, 0x00, 0x01, 0x00, 0x01, 0xCD, 0xB4, 0x00, 0x00, 0x00, 0x08, 0x47, 0x44, 0x45, 0x46,
  0x05, 0x19, 0x05, 0x0F, 0x00, 0x00, 0x01, 0x1C, 0x00, 0x00, 0x00, 0x1C, 0x47, 0x53, 0x55, 0x42,
  0x25, 0x5F, 0x12, 0xBB, 0x00, 0x00, 0x01, 0x38, 0x00, 0x00, 0x03, 0x64, 0x4F, 0x53, 0x2F, 0x32,
  0x68, 0x81, 0x74, 0x27, 0x00, 0x00, 0x04, 0x9C, 0x00, 0x00, 0x00, 0x60, 0x63, 0x6D, 0x61, 0x70,
  0xCC, 0x3B, 0xF4, 0x5D, 0x00, 0x00, 0x04, 0xFC, 0x00, 0x00, 0x09, 0x82, 0x63, 0x76, 0x74, 0x20,
  0x1F, 0xC1, 0x68, 0xFC, 0x00, 0x01, 0xBF, 0x04, 0x00, 0x00, 0x00, 0xE2, 0x66, 0x70, 0x67, 0x6D,
  0x76, 0x64, 0x80, 0x7C, 0x00, 0x01, 0xBF, 0xE8, 0x00, 0x00, 0x0D, 0x16, 0x67, 0x61, 0x73, 0x70,
  0x00, 0x00, 0x00, 0x10, 0x00, 0x01, 0xBE, 0xFC, 0x00, 0x00, 0x00, 0x08, 0x67, 0x6C, 0x79, 0x66,
  0x77, 0xFE, 0x8D, 0x14, 0x00, 0x00, 0x0E, 0x80, 0x00, 0x01, 0x87, 0xAE, 0x68, 0x65, 0x61, 0x64,
  0x08, 0x75, 0x47, 0xDE, 0x00, 0x01, 0x96, 0x30, 0x00, 0x00, 0x00, 0x36, 0x68, 0x68, 0x65, 0x61,
  0x04, 0xA7, 0x06, 0x7A, 0x00, 0x01, 0x96, 0x68, 0x00, 0x00, 0x00, 0x24, 0x68, 0x6D, 0x74, 0x78,
  0xEF, 0x7A, 0x59, 0x60, 0x00, 0x01, 0x96, 0x8C, 0x00, 0x00, 0x0A, 0x46, 0x6C, 0x6F, 0x63, 0x61,
  0x1F, 0xA1, 0xBD, 0x64, 0x00, 0x01, 0xA0, 0xD4, 0x00, 0x00, 0x05, 0x26, 0x6D, 0x61, 0x78, 0x70,
  0x04, 0x2A, 0x0D, 0xC6, 0x00, 0x01, 0xA5, 0xFC, 0x00, 0x00, 0x00, 0x20, 0x6E, 0x61, 0x6D, 0x65,
  0x41, 0xC0, 0x13, 0xDA, 0x00, 0x01, 0xA6, 0x1C, 0x00, 0x00, 0x06, 0x7E, 0x70, 0x6F, 0x73, 0x74,
  0xE4, 0x9C, 0x7B, 0x75, 0x00, 0x01, 0xAC, 0x9C, 0x00, 0x00, 0x12, 0x5D, 0x70, 0x72, 0x65, 0x70,
  0xD7, 0x19, 0xD6, 0xEA, 0x00, 0x01, 0xCD, 0x00, 0x00, 0x00, 0x00, 0xB1, 0x00, 0x01, 0x00, 0x00,
  0x00, 0x0C, 0x00, 0x00, 0x00, 0x00, 0x00, 0x00, 0x00, 0x02, 0x00, 0x02, 0x02, 0x78, 0x02, 0x7B,
  0x00, 0x03, 0x02, 0x8F, 0x02, 0x8F, 0x00, 0x03, 0x00, 0x01, 0x00, 0x00, 0x00, 0x0A, 0x00, 0x5E,
  0x01, 0x4A, 0x00, 0x02, 0x44, 0x46, 0x4C, 0x54, 0x00, 0x0E, 0x6C, 0x61, 0x74, 0x6E, 0x00, 0x24,
  0x00, 0x04, 0x00, 0x00, 0x00, 0x00, 0xFF, 0xFF, 0x00, 0x06, 0x00, 0x00, 0x00, 0x03, 0x00, 0x06,
  0x00, 0x09, 0x00, 0x0D, 0x00, 0x10, 0x00, 0x0A, 0x00, 0x01, 0x43, 0x41, 0x54, 0x20, 0x00, 0x1C,
  0x00, 0x00, 0xFF, 0xFF, 0x00, 0x06, 0x00, 0x01, 0x00, 0x04, 0x00, 0x07, 0x00, 0x0A, 0x00, 0x0E,
  0x00, 0x11, 0x00, 0x00, 0xFF, 0xFF, 0x00, 0x07, 0x00, 0x02, 0x00, 0x05, 0x00, 0x08, 0x00, 0x0B,
  0x00, 0x0C, 0x00, 0x0F, 0x00, 0x12, 0x00, 0x13, 0x61, 0x61, 0x6C, 0x74, 0x00, 0x74, 0x61, 0x61,
  0x6C, 0x74, 0x00, 0x7A, 0x61, 0x61, 0x6C, 0x74, 0x00, 0x80, 0x63, 0x63, 0x6D, 0x70, 0x00, 0x86,
  0x63, 0x63, 0x6D, 0x70, 0x00, 0x8C, 0x63, 0x63, 0x6D, 0x70, 0x00, 0x92, 0x66, 0x72, 0x61, 0x63,
  0x00, 0x98, 0x66, 0x72, 0x61, 0x63, 0x00, 0x9E, 0x66, 0x72, 0x61, 0x63, 0x00, 0xA4, 0x6C, 0x69,
  0x67, 0x61, 0x00, 0xAA, 0x6C, 0x69, 0x67, 0x61, 0x00, 0xB0, 0x6C, 0x69, 0x67, 0x61, 0x00, 0xB6,
  0x6C, 0x6F, 0x63, 0x6C, 0x00, 0xBC, 0x6F, 0x72, 0x64, 0x6E, 0x00, 0xC2, 0x6F, 0x72, 0x64, 0x6E,
  0x00, 0xCA, 0x6F, 0x72, 0x64, 0x6E, 0x00, 0xD2, 0x73, 0x75, 0x70, 0x73, 0x00, 0xDA, 0x73, 0x75,
  0x70, 0x73, 0x00, 0xE0, 0x73, 0x75, 0x70, 0x73, 0x00, 0xE6, 0x00, 0x00, 0x00, 0x01, 0x00, 0x00,
  0x00, 0x00, 0x00, 0x01, 0x00, 0x00, 0x00, 0x00, 0x00, 0x01, 0x00, 0x00, 0x00, 0x00, 0x00, 0x01,
  0x00, 0x01, 0x00, 0x00, 0x00, 0x01, 0x00, 0x01, 0x00, 0x00, 0x00, 0x01, 0x00, 0x01, 0x00, 0x00,
  0x00, 0x01, 0x00, 0x04, 0x00, 0x00, 0x00, 0x01, 0x00, 0x04, 0x00, 0x00, 0x00, 0x01, 0x00, 0x04,
  0x00, 0x00, 0x00, 0x01, 0x00, 0x07, 0x00, 0x00, 0x00, 0x01, 0x00, 0x07, 0x00, 0x00, 0x00, 0x01,
  0x00, 0x07, 0x00, 0x00, 0x00, 0x01, 0x00, 0x02, 0x00, 0x00, 0x00, 0x02, 0x00, 0x05, 0x00, 0x06,
  0x00, 0x00, 0x00, 0x02, 0x00, 0x05, 0x00, 0x06, 0x00, 0x00, 0x00, 0x02, 0x00, 0x05, 0x00, 0x06,
  0x00, 0x00, 0x00, 0x01, 0x00, 0x03, 0x00, 0x00, 0x00, 0x01, 0x00, 0x03, 0x00, 0x00, 0x00, 0x01,
  0x00, 0x03, 0x00, 0x0B, 0x00, 0x18, 0x00, 0x20, 0x00, 0x2A, 0x00, 0x34, 0x00, 0x3C, 0x00, 0x44,
  0x00, 0x4E, 0x00, 0x56, 0x00, 0x5E, 0x00, 0x66, 0x00, 0x6E, 0x00, 0x01, 0x00, 0x00, 0x00, 0x01,
  0x01, 0x30, 0x00, 0x06, 0x00, 0x00, 0x00, 0x02, 0x00, 0x56, 0x00, 0x68, 0x00, 0x06, 0x00, 0x00,
  0x00, 0x02, 0x00, 0x72, 0x00, 0x86, 0x00, 0x01, 0x00, 0x00, 0x00, 0x01, 0x00, 0x90, 0x00, 0x04,
  0x00, 0x00, 0x00, 0x01, 0x00, 0x8E, 0x00, 0x06, 0x00, 0x00, 0x00, 0x02, 0x00, 0xB2, 0x00, 0xC4,
  0x00, 0x04, 0x00, 0x00, 0x00, 0x01, 0x00, 0xCC, 0x00, 0x04, 0x00, 0x00, 0x00, 0x01, 0x00, 0xD8,
  0x00, 0x01, 0x00, 0x00, 0x00, 0x01, 0x01, 0x02, 0x00, 0x04, 0x00, 0x00, 0x00, 0x01, 0x01, 0x00,
  0x00, 0x01, 0x00, 0x00, 0x00, 0x01, 0x01, 0x16, 0x00, 0x03, 0x00, 0x00, 0x00, 0x01, 0x01, 0x1C,
  0x00, 0x01, 0x01, 0x22, 0x00, 0x01, 0x00, 0x00, 0x00, 0x08, 0x00, 0x03, 0x00, 0x00, 0x00, 0x01,
  0x01, 0x0A, 0x00, 0x02, 0x01, 0x18, 0x01, 0x10, 0x00, 0x01, 0x00, 0x00, 0x00, 0x08, 0x00, 0x03,
  0x00, 0x00, 0x00, 0x02, 0x01, 0x0A, 0x01, 0x10, 0x00, 0x01, 0x01, 0x0A, 0x00, 0x01, 0x00, 0x00,
  0x00, 0x09, 0x00, 0x03, 0x00, 0x00, 0x00, 0x02, 0x01, 0x02, 0x00, 0xFC, 0x00, 0x01, 0x01, 0x02,
  0x00, 0x01, 0x00, 0x00, 0x00, 0x09, 0x00, 0x01, 0x00, 0xF4, 0x00, 0x09, 0x00, 0x01, 0x00, 0xF8,
  0x00, 0x02, 0x00, 0x0A, 0x00, 0x20, 0x00, 0x02, 0x00, 0x06, 0x00, 0x0E, 0x02, 0x06, 0x00, 0x03,
  0x02, 0x19, 0x01, 0xF9, 0x02, 0x07, 0x00, 0x03, 0x02, 0x19, 0x01, 0xFB, 0x00, 0x01, 0x00, 0x04,
  0x02, 0x08, 0x00, 0x03, 0x02, 0x19, 0x01, 0xFB, 0x00, 0x03, 0x00, 0x01, 0x00, 0xD4, 0x00, 0x01,
  0x00, 0xDE, 0x00, 0x00, 0x00, 0x01, 0x00, 0x00, 0x00, 0x0A, 0x00, 0x03, 0x00, 0x01, 0x00, 0xC2,
  0x00, 0x01, 0x00, 0xD4, 0x00, 0x00, 0x00, 0x01, 0x00, 0x00, 0x00, 0x0A, 0x00, 0x01, 0x00, 0xCA,
  0x00, 0x01, 0x00, 0x08, 0x00, 0x01, 0x00, 0x04, 0x02, 0x75, 0x00, 0x03, 0x00, 0xC1, 0x02, 0x13,
  0x00, 0x01, 0x00, 0xBC, 0x00, 0x01, 0x00, 0x08, 0x00, 0x02, 0x00, 0x06, 0x00, 0x0C, 0x00, 0xF5,
  0x00, 0x02, 0x00, 0xA4, 0x00, 0xF6, 0x00, 0x02, 0x00, 0xB4, 0x00, 0x02, 0x00, 0xA8, 0x00, 0x09,
  0x00, 0xF7, 0x00, 0xF8, 0x00, 0xF7, 0x00, 0xA5, 0x00, 0xF8, 0x02, 0x01, 0x02, 0x02, 0x02, 0x03,
  0x02, 0x04, 0x00, 0x01, 0x00, 0x32, 0x00, 0x01, 0x00, 0x01, 0x00, 0xA0, 0x00, 0x02, 0x00, 0x0A,
  0x00, 0x14, 0x00, 0x01, 0x00, 0x04, 0x00, 0x40, 0x00, 0x02, 0x02, 0x0B, 0x00, 0x01, 0x00, 0x04,
  0x00, 0xB8, 0x00, 0x02, 0x02, 0x0B, 0x00, 0x02, 0x00, 0x8A, 0x00, 0x04, 0x00, 0xF7, 0x00, 0xF8,
  0x00, 0xF7, 0x00, 0xF8, 0x00, 0x01, 0x00, 0x01, 0x00, 0xA4, 0x00, 0x01, 0x00, 0x02, 0x02, 0x78,
  0x02, 0x79, 0x00, 0x01, 0x00, 0x01, 0x02, 0x7B, 0x00, 0x01, 0x00, 0x01, 0x00, 0xB4, 0x00, 0x01,
  0x00, 0x01, 0x02, 0x0B, 0x00, 0x01, 0x00, 0x01, 0x00, 0x3C, 0x00, 0x02, 0x00, 0x01, 0x01, 0xF8,
  0x01, 0xFB, 0x00, 0x00, 0x00, 0x01, 0x00, 0x02, 0x01, 0xF8, 0x01, 0xFA, 0x00, 0x02, 0x00, 0x01,
  0x01, 0xF7, 0x02, 0x00, 0x00, 0x00, 0x00, 0x01, 0x00, 0x02, 0x00, 0x04, 0x00, 0x7B, 0x00, 0x01,
  0x00, 0x02, 0x00, 0x49, 0x00, 0xC1, 0x00, 0x01, 0x00, 0x01, 0x00, 0x43, 0x00, 0x01, 0x00, 0x01,
  0x00, 0x9B, 0x00, 0x01, 0x00, 0x09, 0x00, 0x04, 0x00, 0x49, 0x00, 0x7B, 0x00, 0xA4, 0x00, 0xC1,
  0x01, 0xF8, 0x01, 0xF9, 0x01, 0xFA, 0x01, 0xFB, 0x00, 0x01, 0x00, 0x02, 0x00, 0x3C, 0x00, 0xB4,
  0x00, 0x01, 0x00, 0x04, 0x00, 0x04, 0x00, 0x49, 0x00, 0x7B, 0x00, 0xC1, 0x00, 0x04, 0x03, 0xE8,
  0x01, 0x90, 0x00, 0x05, 0x00, 0x00, 0x02, 0x8A, 0x02, 0x58, 0x00, 0x00, 0x00, 0x4B, 0x02, 0x8A,
  0x02, 0x58, 0x00, 0x00, 0x01, 0x5E, 0x00, 0x32, 0x01, 0xC2, 0x00, 0x00, 0x00, 0x00, 0x05, 0x00,
  0x00, 0x00, 0x00, 0x00, 0x00, 0x00, 0x00, 0x00, 0x02, 0x87, 0x00, 0x00, 0x00, 0x00, 0x00, 0x00,
  0x00, 0x00, 0x00, 0x00, 0x00, 0x00, 0x43, 0x59, 0x52, 0x45, 0x00, 0xC0, 0x00, 0x00, 0xFB, 0x02,
  0x03, 0xE8, 0x00, 0x00, 0x00, 0x00, 0x03, 0xE8, 0x01, 0x76, 0x20, 0x00, 0x00, 0x9F, 0x00, 0x00,
  0x00, 0x00, 0x02, 0xEE, 0x03, 0xE8, 0x00, 0x00, 0x00, 0x20, 0x00, 0x03, 0x00, 0x00, 0x00, 0x03,
  0x00, 0x00, 0x00, 0x03, 0x00, 0x00, 0x02, 0x14, 0x00, 0x01, 0x00, 0x00, 0x00, 0x00, 0x00, 0x1C,
  0x00, 0x03, 0x00, 0x01, 0x00, 0x00, 0x02, 0x14, 0x00, 0x06, 0x01, 0xF8, 0x00, 0x00, 0x00, 0x09,
  0x00, 0xF7, 0x00, 0x03, 0x00, 0x00, 0x00, 0x00, 0x00, 0x00, 0x00, 0x03, 0x00, 0x00, 0x00, 0x00,
  0x00, 0x00, 0x00, 0x00, 0x00, 0x00, 0x00, 0x00, 0x00, 0x00, 0x00, 0x00, 0x00, 0x00, 0x00, 0x00,
  0x00, 0x00, 0x00, 0x00, 0x00, 0x00, 0x00, 0x00, 0x00, 0x00, 0x00, 0x00, 0x00, 0x00, 0x00, 0x00,
  0x00, 0x03, 0x02, 0x10, 0x02, 0x16, 0x02, 0x12, 0x02, 0x36, 0x02, 0x56, 0x02, 0x6A, 0x02, 0x17,
  0x02, 0x1F, 0x02, 0x20, 0x02, 0x09, 0x02, 0x41, 0x02, 0x0E, 0x02, 0x24, 0x02, 0x13, 0x02, 0x19,
  0x01, 0xF7, 0x01, 0xF8, 0x01, 0xF9, 0x01, 0xFA, 0x01, 0xFB, 0x01, 0xFC, 0x01, 0xFD, 0x01, 0xFE,
  0x01, 0xFF, 0x02, 0x00, 0x02, 0x0D, 0x02, 0x18, 0x02, 0x47, 0x02, 0x44, 0x02, 0x46, 0x02, 0x14,
  0x02, 0x69, 0x00, 0x04, 0x00, 0x0F, 0x00, 0x10, 0x00, 0x16, 0x00, 0x1A, 0x00, 0x24, 0x00, 0x25,
  0x00, 0x2A, 0x00, 0x2D, 0x00, 0x38, 0x00, 0x3A, 0x00, 0x3C, 0x00, 0x42, 0x00, 0x43, 0x00, 0x49,
  0x00, 0x54, 0x00, 0x56, 0x00, 0x57, 0x00, 0x5B, 0x00, 0x60, 0x00, 0x64, 0x00, 0x6F, 0x00, 0x70,
  0x00, 0x72, 0x00, 0x73, 0x00, 0x77, 0x02, 0x1D, 0x02, 0x0A, 0x02, 0x1E, 0x02, 0x76, 0x02, 0x1A,
  0x02, 0x87, 0x00, 0x7B, 0x00, 0x86, 0x00, 0x87, 0x00, 0x8D, 0x00, 0x91, 0x00, 0x9B, 0x00, 0x9C,
  0x00, 0xA1, 0x00, 0xA4, 0x00, 0xAF, 0x00, 0xB1, 0x00, 0xB4, 0x00, 0xBA, 0x00, 0xBB, 0x00, 0xC1,
  0x00, 0xCC, 0x00, 0xCE, 0x00, 0xCF, 0x00, 0xD3, 0x00, 0xDA, 0x00, 0xDE, 0x00, 0xE9, 0x00, 0xEA,
  0x00, 0xEC, 0x00, 0xED, 0x00, 0xF1, 0x02, 0x1B, 0x02, 0x71, 0x02, 0x1C, 0x02, 0x4C, 0x00, 0x00,
  0x00, 0x08, 0x00, 0x0C, 0x00, 0x13, 0x00, 0x1B, 0x00, 0x48, 0x00, 0x4D, 0x00, 0x68, 0x00, 0x7C,
  0x00, 0x80, 0x00, 0x7E, 0x00, 0x7F, 0x00, 0x84, 0x00, 0x83, 0x00, 0x8A, 0x00, 0x92, 0x00, 0x98,
  0x00, 0x95, 0x00, 0x96, 0x00, 0xA6, 0x00, 0xAA, 0x00, 0xA8, 0x00, 0xA9, 0x00, 0xC0, 0x00, 0xC2,
  0x00, 0xC6, 0x00, 0xC4, 0x00, 0xC5, 0x00, 0xCA, 0x00, 0xDF, 0x00, 0xE3, 0x00, 0xE1, 0x00, 0xE2,
  0x02, 0x73, 0x02, 0x70, 0x02, 0x34, 0x02, 0x3C, 0x02, 0x6C, 0x02, 0x0C, 0x02, 0x6B, 0x00, 0xD8,
  0x02, 0x6E, 0x02, 0x6D, 0x02, 0x6F, 0x02, 0x80, 0x02, 0x85, 0x02, 0x45, 0x00, 0x0E, 0x00, 0x51,
  0x02, 0x4E, 0x02, 0x4A, 0x02, 0x49, 0x02, 0x48, 0x02, 0x3F, 0x02, 0x54, 0x02, 0x55, 0x02, 0x52,
  0x02, 0x51, 0x01, 0xE1, 0x02, 0x4F, 0x00, 0xF7, 0x00, 0xF8, 0x01, 0xC8, 0x00, 0x85, 0x00, 0xC9,
  0x02, 0x15, 0x02, 0x11, 0x02, 0x4D, 0x02, 0x53, 0x02, 0x39, 0x02, 0x4B, 0x02, 0x50, 0x02, 0x26,
  0x02, 0x27, 0x02, 0x0F, 0x02, 0x32, 0x00, 0x09, 0x00, 0x0D, 0x00, 0x52, 0x00, 0x53, 0x00, 0xCB,
  0x02, 0x22, 0x02, 0x21, 0x02, 0x2B, 0x02, 0x2C, 0x02, 0x2D, 0x02, 0x2E, 0x02, 0x43, 0x02, 0x5C,
  0x00, 0xF0, 0x00, 0x76, 0x02, 0x05, 0x02, 0x38, 0x02, 0x28, 0x02, 0x29, 0x00, 0xF5, 0x00, 0xF6,
  0x02, 0x74, 0x02, 0x0B, 0x02, 0x2F, 0x02, 0x2A, 0x02, 0x57, 0x00, 0x07, 0x00, 0x1E, 0x00, 0x05,
  0x00, 0x1F, 0x00, 0x21, 0x00, 0x2F, 0x00, 0x31, 0x00, 0x32, 0x00, 0x34, 0x00, 0x4A, 0x00, 0x4C,
  0x02, 0x68, 0x00, 0x4E, 0x00, 0x65, 0x00, 0x67, 0x00, 0x69, 0x00, 0xA5, 0x02, 0x84, 0x02, 0x8C,
  0x02, 0x89, 0x02, 0x81, 0x02, 0x86, 0x02, 0x8B, 0x02, 0x83, 0x02, 0x88, 0x02, 0x8A, 0x02, 0x82,
  0x00, 0x04, 0x07, 0x6E, 0x00, 0x00, 0x00, 0xB2, 0x00, 0x80, 0x00, 0x06, 0x00, 0x32, 0x00, 0x00,
  0x00, 0x0D, 0x00, 0x2F, 0x00, 0x7F, 0x01, 0x48, 0x01, 0x61, 0x01, 0x7F, 0x01, 0x92, 0x02, 0x1B,
  0x02, 0xBC, 0x02, 0xC7, 0x02, 0xCB, 0x02, 0xDD, 0x03, 0x01, 0x03, 0x26, 0x03, 0x35, 0x03, 0x7A,
  0x03, 0x7E, 0x03, 0x8A, 0x03, 0x8C, 0x03, 0x90, 0x03, 0xA1, 0x03, 0xB0, 0x03, 0xCE, 0x04, 0x0F,
  0x04, 0x15, 0x04, 0x1A, 0x04, 0x2F, 0x04, 0x35, 0x04, 0x3A, 0x04, 0x5F, 0x04, 0x63, 0x04, 0x6B,
  0x04, 0x75, 0x04, 0x9D, 0x04, 0xA5, 0x04, 0xB1, 0x04, 0xBB, 0x04, 0xC2, 0x04, 0xCC, 0x04, 0xD9,
  0x04, 0xDF, 0x04, 0xE9, 0x04, 0xF9, 0x05, 0x1D, 0x05, 0x25, 0x20, 0x15, 0x20, 0x1A, 0x20, 0x1E,
  0x20, 0x22, 0x20, 0x26, 0x20, 0x30, 0x20, 0x3A, 0x20, 0x44, 0x20, 0x74, 0x20, 0xAC, 0x20, 0xAF,
  0x20, 0xB4, 0x20, 0xB8, 0x20, 0xBD, 0x21, 0x16, 0x21, 0x22, 0x21, 0x90, 0x21, 0x93, 0x22, 0x02,
  0x22, 0x06, 0x22, 0x0F, 0x22, 0x11, 0x22, 0x15, 0x22, 0x1A, 0x22, 0x1E, 0x22, 0x2B, 0x22, 0x48,
  0x22, 0x60, 0x22, 0x65, 0x25, 0xB2, 0x25, 0xB6, 0x25, 0xBC, 0x25, 0xC0, 0x25, 0xCA, 0x26, 0x06,
  0x26, 0x60, 0x26, 0x63, 0x26, 0x66, 0x26, 0x6A, 0xF1, 0x01, 0xF8, 0xFF, 0xFB, 0x02, 0xFF, 0xFF,
  0x00, 0x00, 0x00, 0x00, 0x00, 0x0D, 0x00, 0x20, 0x00, 0x30, 0x00, 0xA0, 0x01, 0x4A, 0x01, 0x64,
  0x01, 0x92, 0x02, 0x1A, 0x02, 0xBC, 0x02, 0xC6, 0x02, 0xC9, 0x02, 0xD7, 0x03, 0x00, 0x03, 0x26,
  0x03, 0x35, 0x03, 0x7A, 0x03, 0x7E, 0x03, 0x84, 0x03, 0x8C, 0x03, 0x8E, 0x03, 0x91, 0x03, 0xA3,
  0x03, 0xB1, 0x04, 0x00, 0x04, 0x10, 0x04, 0x16, 0x04, 0x1B, 0x04, 0x30, 0x04, 0x36, 0x04, 0x3B,
  0x04, 0x62, 0x04, 0x6A, 0x04, 0x72, 0x04, 0x90, 0x04, 0xA0, 0x04, 0xAA, 0x04, 0xB6, 0x04, 0xC0,
  0x04, 0xCB, 0x04, 0xCF, 0x04, 0xDC, 0x04, 0xE2, 0x04, 0xEE, 0x05, 0x1A, 0x05, 0x24, 0x20, 0x13,
  0x20, 0x18, 0x20, 0x1C, 0x20, 0x20, 0x20, 0x26, 0x20, 0x30, 0x20, 0x39, 0x20, 0x44, 0x20, 0x74,
  0x20, 0xAC, 0x20, 0xAE, 0x20, 0xB4, 0x20, 0xB8, 0x20, 0xBD, 0x21, 0x16, 0x21, 0x22, 0x21, 0x90,
  0x21, 0x91, 0x22, 0x02, 0x22, 0x06, 0x22, 0x0F, 0x22, 0x11, 0x22, 0x15, 0x22, 0x1A, 0x22, 0x1E,
  0x22, 0x2B, 0x22, 0x48, 0x22, 0x60, 0x22, 0x64, 0x25, 0xB2, 0x25, 0xB6, 0x25, 0xBC, 0x25, 0xC0,
  0x25, 0xCA, 0x26, 0x05, 0x26, 0x60, 0x26, 0x63, 0x26, 0x65, 0x26, 0x6A, 0xF1, 0x00, 0xF8, 0xFF,
  0xFB, 0x01, 0xFF, 0xFF, 0x00, 0x01, 0xFF, 0xF5, 0x00, 0x00, 0x00, 0x00, 0x00, 0x00, 0x00, 0x00,
  0x00, 0x00, 0x00, 0xA7, 0x00, 0x00, 0xFF, 0xC0, 0x00, 0x00, 0x00, 0x00, 0x00, 0x00, 0xFF, 0x78,
  0xFF, 0x54, 0xFF, 0x46, 0xFE, 0x7C, 0xFE, 0xB3, 0x00, 0x00, 0xFE, 0x41, 0x00, 0x00, 0xFE, 0x20,
  0x00, 0x00, 0x00, 0x00, 0x00, 0x00, 0x00, 0x00, 0x00, 0x00, 0x00, 0x00, 0x00, 0x00, 0x00, 0x00,
  0x00, 0x00, 0x00, 0x00, 0x00, 0x00, 0x00, 0x00, 0x00, 0x00, 0x00, 0x00, 0x00, 0x00, 0x00, 0x00,
  0x00, 0x00, 0x00, 0x00, 0x00, 0x00, 0x00, 0x00, 0x00, 0x00, 0x00, 0x00, 0x00, 0x00, 0x00, 0x00,
  0x00, 0x00, 0xE2, 0x15, 0x00, 0x00, 0x00, 0x00, 0xE1, 0xE9, 0xE2, 0x27, 0xE1, 0xEF, 0xE1, 0xC1,
  0xE1, 0x90, 0xE1, 0x8C, 0x00, 0x00, 0xE1, 0x86, 0xE1, 0x85, 0xE1, 0x7E, 0xE1, 0x5F, 0xE1, 0x4D,
  0xE0, 0xCB, 0xE0, 0xC7, 0xE0, 0x53, 0xE0, 0x4A, 0xE0, 0x42, 0xE0, 0x41, 0xE0, 0x2B, 0xE0, 0x39,
  0xE0, 0x30, 0xE0, 0x24, 0xE0, 0x03, 0xDF, 0xE5, 0x00, 0x00, 0xDC, 0xAB, 0xDC, 0xA8, 0xDC, 0xA3,
  0xDC, 0xA0, 0xDC, 0x92, 0xDC, 0x5C, 0xDC, 0x03, 0xDC, 0x01, 0xDC, 0x00, 0xDB, 0xFD, 0x00, 0x00,
  0x00, 0x00, 0x00, 0x00, 0x00, 0x01, 0x00, 0x00, 0x00, 0x00, 0x00, 0xAE, 0x00, 0xCC, 0x01, 0x6A,
  0x02, 0xBA, 0x02, 0xE8, 0x00, 0x00, 0x03, 0x1C, 0x00, 0x00, 0x03, 0x1C, 0x03, 0x1E, 0x03, 0x22,
  0x00, 0x00, 0x00, 0x00, 0x00, 0x00, 0x00, 0x00, 0x00, 0x00, 0x03, 0x24, 0x00, 0x00, 0x03, 0x2E,
  0x00, 0x00, 0x03, 0x30, 0x03, 0x4A, 0x03, 0x84, 0x03, 0xA2, 0x03, 0xAC, 0x03, 0xB4, 0x03, 0xDC,
  0x03, 0xE6, 0x03, 0xEE, 0x04, 0x36, 0x04, 0x38, 0x04, 0x3A, 0x04, 0x40, 0x04, 0x5A, 0x04, 0x64,
  0x04, 0x72, 0x04, 0x7C, 0x04, 0x80, 0x04, 0x82, 0x04, 0x96, 0x04, 0x9C, 0x04, 0xAA, 0x04, 0xC0,
  0x04, 0xC6, 0x04, 0xC8, 0x00, 0x00, 0x04, 0xCA, 0x04, 0xCE, 0x00, 0x00, 0x00, 0x00, 0x00, 0x00,
  0x00, 0x00, 0x00, 0x00, 0x00, 0x00, 0x04, 0xC6, 0x00, 0x00, 0x00, 0x00, 0x00, 0x00, 0x00, 0x00,
  0x00, 0x00, 0x00, 0x00, 0x00, 0x00, 0x00, 0x00, 0x00, 0x00, 0x00, 0x00, 0x00, 0x00, 0x00, 0x00,
  0x00, 0x00, 0x00, 0x00, 0x00, 0x00, 0x00, 0x00, 0x00, 0x00, 0x04, 0xA6, 0x00, 0x00, 0x00, 0x00,
  0x00, 0x00, 0x00, 0x00, 0x00, 0x00, 0x00, 0x00, 0x00, 0x00, 0x00, 0x00, 0x00, 0x00, 0x00, 0x00,
  0x04, 0x94, 0x04, 0x96, 0x04, 0x96, 0x00, 0x00, 0x00, 0x03, 0x02, 0x10, 0x02, 0x16, 0x02, 0x12,
  0x02, 0x36, 0x02, 0x56, 0x02, 0x6A, 0x02, 0x17, 0x02, 0x1F, 0x02, 0x20, 0x02, 0x09, 0x02, 0x41,
  0x02, 0x0E, 0x02, 0x24, 0x02, 0x13, 0x02, 0x19, 0x01, 0xF7, 0x01, 0xF8, 0x01, 0xF9, 0x01, 0xFA,
  0x01, 0xFB, 0x01, 0xFC, 0x01, 0xFD, 0x01, 0xFE, 0x01, 0xFF, 0x02, 0x00, 0x02, 0x0D, 0x02, 0x18,
  0x02, 0x47, 0x02, 0x44, 0x02, 0x46, 0x02, 0x14, 0x02, 0x69, 0x00, 0x04, 0x00, 0x0F, 0x00, 0x10,
  0x00, 0x16, 0x00, 0x1A, 0x00, 0x24, 0x00, 0x25, 0x00, 0x2A, 0x00, 0x2D, 0x00, 0x38, 0x00, 0x3A,
  0x00, 0x3C, 0x00, 0x42, 0x00, 0x43, 0x00, 0x49, 0x00, 0x54, 0x00, 0x56, 0x00, 0x57, 0x00, 0x5B,
  0x00, 0x60, 0x00, 0x64, 0x00, 0x6F, 0x00, 0x70, 0x00, 0x72, 0x00, 0x73, 0x00, 0x77, 0x02, 0x1D,
  0x02, 0x0A, 0x02, 0x1E, 0x02, 0x76, 0x02, 0x1A, 0x02, 0x87, 0x00, 0x7B, 0x00, 0x86, 0x00, 0x87,
  0x00, 0x8D, 0x00, 0x91, 0x00, 0x9B, 0x00, 0x9C, 0x00, 0xA1, 0x00, 0xA4, 0x00, 0xAF, 0x00, 0xB1,
  0x00, 0xB4, 0x00, 0xBA, 0x00, 0xBB, 0x00, 0xC1, 0x00, 0xCC, 0x00, 0xCE, 0x00, 0xCF, 0x00, 0xD3,
  0x00, 0xDA, 0x00, 0xDE, 0x00, 0xE9, 0x00, 0xEA, 0x00, 0xEC, 0x00, 0xED, 0x00, 0xF1, 0x02, 0x1B,
  0x02, 0x71, 0x02, 0x1C, 0x02, 0x4C, 0x02, 0x33, 0x02, 0x32, 0x02, 0x11, 0x02, 0x34, 0x02, 0x3C,
  0x02, 0x35, 0x02, 0x3F, 0x02, 0x72, 0x02, 0x6C, 0x02, 0x85, 0x02, 0x6D, 0x00, 0xF7, 0x02, 0x26,
  0x02, 0x4D, 0x02, 0x25, 0x02, 0x6E, 0x02, 0x89, 0x02, 0x70, 0x02, 0x4A, 0x02, 0x02, 0x02, 0x03,
  0x02, 0x80, 0x02, 0x54, 0x02, 0x6B, 0x02, 0x0B, 0x02, 0x83, 0x02, 0x01, 0x00, 0xF8, 0x02, 0x27,
  0x02, 0x07, 0x02, 0x06, 0x02, 0x08, 0x02, 0x15, 0x00, 0x09, 0x00, 0x05, 0x00, 0x07, 0x00, 0x0D,
  0x00, 0x08, 0x00, 0x0C, 0x00, 0x0E, 0x00, 0x13, 0x00, 0x21, 0x00, 0x1B, 0x00, 0x1E, 0x00, 0x1F,
  0x00, 0x34, 0x00, 0x2F, 0x00, 0x31, 0x00, 0x32, 0x00, 0x17, 0x00, 0x48, 0x00, 0x4E, 0x00, 0x4A,
  0x00, 0x4C, 0x00, 0x52, 0x00, 0x4D, 0x02, 0x42, 0x00, 0x51, 0x00, 0x69, 0x00, 0x65, 0x00, 0x67,
  0x00, 0x68, 0x00, 0x74, 0x00, 0x55, 0x00, 0xD8, 0x00, 0x80, 0x00, 0x7C, 0x00, 0x7E, 0x00, 0x84,
  0x00, 0x7F, 0x00, 0x83, 0x00, 0x85, 0x00, 0x8A, 0x00, 0x98, 0x00, 0x92, 0x00, 0x95, 0x00, 0x96,
  0x00, 0xAA, 0x00, 0xA6, 0x00, 0xA8, 0x00, 0xA9, 0x00, 0x8E, 0x00, 0xC0, 0x00, 0xC6, 0x00, 0xC2,
  0x00, 0xC4, 0x00, 0xCA, 0x00, 0xC5, 0x02, 0x43, 0x00, 0xC9, 0x00, 0xE3, 0x00, 0xDF, 0x00, 0xE1,
  0x00, 0xE2, 0x00, 0xEE, 0x00, 0xCD, 0x00, 0xF0, 0x00, 0x0A, 0x00, 0x81, 0x00, 0x06, 0x00, 0x7D,
  0x00, 0x0B, 0x00, 0x82, 0x00, 0x11, 0x00, 0x88, 0x00, 0x14, 0x00, 0x8B, 0x00, 0x15, 0x00, 0x8C,
  0x00, 0x12, 0x00, 0x89, 0x00, 0x18, 0x00, 0x8F, 0x00, 0x19, 0x00, 0x90, 0x00, 0x22, 0x00, 0x99,
  0x00, 0x1C, 0x00, 0x93, 0x00, 0x20, 0x00, 0x97, 0x00, 0x23, 0x00, 0x9A, 0x00, 0x1D, 0x00, 0x94,
  0x00, 0x27, 0x00, 0x9E, 0x00, 0x26, 0x00, 0x9D, 0x00, 0x29, 0x00, 0xA0, 0x00, 0x28, 0x00, 0x9F,
  0x00, 0x2C, 0x00, 0xA3, 0x00, 0x2B, 0x00, 0xA2, 0x00, 0x37, 0x00, 0xAE, 0x00, 0x35, 0x00, 0xAC,
  0x00, 0x30, 0x00, 0xA7, 0x00, 0x36, 0x00, 0xAD, 0x00, 0x33, 0x00, 0xA5, 0x00, 0x2E, 0x00, 0xAB,
  0x00, 0x39, 0x00, 0xB0, 0x00, 0x3B, 0x00, 0xB2, 0x00, 0xB3, 0x00, 0x3D, 0x00, 0xB5, 0x00, 0x3F,
  0x00, 0xB7, 0x00, 0x3E, 0x00, 0xB6, 0x00, 0x40, 0x00, 0xB8, 0x00, 0x41, 0x00, 0xB9, 0x00, 0x44,
  0x00, 0xBC, 0x00, 0x46, 0x00, 0xBE, 0x00, 0x45, 0x00, 0xBD, 0x00, 0x47, 0x00, 0xBF, 0x00, 0x50,
  0x00, 0xC8, 0x00, 0x4B, 0x00, 0xC3, 0x00, 0x4F, 0x00, 0xC7, 0x00, 0x53, 0x00, 0xCB, 0x00, 0x58,
  0x00, 0xD0, 0x00, 0x5A, 0x00, 0xD2, 0x00, 0x59, 0x00, 0xD1, 0x00, 0x5C, 0x00, 0xD4, 0x00, 0x5F,
  0x00, 0xD7, 0x00, 0x5E, 0x00, 0xD6, 0x00, 0x5D, 0x00, 0xD5, 0x00, 0x62, 0x00, 0xDC, 0x00, 0x61,
  0x00, 0xDB, 0x00, 0x6E, 0x00, 0xE8, 0x00, 0x6B, 0x00, 0xE5, 0x00, 0x66, 0x00, 0xE0, 0x00, 0x6D,
  0x00, 0xE7, 0x00, 0x6A, 0x00, 0xE4, 0x00, 0x6C, 0x00, 0xE6, 0x00, 0x71, 0x00, 0xEB, 0x00, 0x75,
  0x00, 0xEF, 0x00, 0x76, 0x00, 0x78, 0x00, 0xF2, 0x00, 0x7A, 0x00, 0xF4, 0x00, 0x79, 0x00, 0xF3,
  0x00, 0xD9, 0x00, 0x63, 0x00, 0xDD, 0x02, 0x84, 0x02, 0x82, 0x02, 0x7D, 0x02, 0x7F, 0x02, 0x7E,
  0x02, 0x77, 0x02, 0x81, 0x02, 0x86, 0x02, 0x8B, 0x02, 0x8A, 0x02, 0x8C, 0x02, 0x88, 0x02, 0x8D,
  0x02, 0x8E, 0x01, 0xC9, 0x02, 0x30, 0x01, 0xCA, 0x01, 0xCB, 0x01, 0xCC, 0x01, 0xCE, 0x01, 0xCF,
  0x01, 0xED, 0x01, 0xC2, 0x01, 0xC3, 0x01, 0xC4, 0x01, 0xC5, 0x01, 0xC6, 0x01, 0xC7, 0x01, 0xC8,
  0x01, 0xD0, 0x01, 0xD1, 0x01, 0xF3, 0x01, 0xF4, 0x01, 0xF5, 0x01, 0xEB, 0x01, 0xF0, 0x01, 0xD2,
  0x01, 0xD3, 0x01, 0xD4, 0x01, 0xD5, 0x01, 0xD6, 0x01, 0xD7, 0x01, 0xD8, 0x01, 0xD9, 0x01, 0xDA,
  0x01, 0xDB, 0x01, 0xDC, 0x01, 0xDD, 0x01, 0xDE, 0x01, 0xDF, 0x01, 0xE0, 0x01, 0xE1, 0x01, 0xE2,
  0x01, 0xE3, 0x01, 0xE4, 0x01, 0xE5, 0x01, 0xE6, 0x01, 0xE7, 0x01, 0xE8, 0x01, 0xE9, 0x01, 0xEA,
  0x01, 0xEC, 0x01, 0xEF, 0x01, 0xF1, 0x01, 0xEE, 0x01, 0xF2, 0x01, 0x01, 0x01, 0x02, 0x01, 0x29,
  0x00, 0xFD, 0x01, 0x21, 0x01, 0x20, 0x01, 0x23, 0x01, 0x24, 0x01, 0x25, 0x01, 0x1E, 0x01, 0x1F,
  0x01, 0x26, 0x01, 0x09, 0x01, 0x07, 0x01, 0x13, 0x01, 0x1A, 0x00, 0xF9, 0x00, 0xFA, 0x00, 0xFB,
  0x00, 0xFC, 0x00, 0xFF, 0x01, 0x00, 0x01, 0x03, 0x01, 0x04, 0x01, 0x05, 0x01, 0x06, 0x01, 0x08,
  0x01, 0x0A, 0x01, 0x0B, 0x01, 0x0C, 0x01, 0x0D, 0x01, 0x0E, 0x01, 0x0F, 0x01, 0x10, 0x01, 0x11,
  0x01, 0x12, 0x01, 0x14, 0x01, 0x15, 0x01, 0x17, 0x01, 0x16, 0x01, 0x18, 0x01, 0x19, 0x01, 0x1C,
  0x01, 0x1D, 0x01, 0x1B, 0x01, 0x22, 0x01, 0x27, 0x01, 0x28, 0x01, 0x53, 0x01, 0x54, 0x01, 0x55,
  0x01, 0x56, 0x01, 0x59, 0x01, 0x5A, 0x01, 0x5D, 0x01, 0x5E, 0x01, 0x5F, 0x01, 0x60, 0x01, 0x62,
  0x01, 0x64, 0x01, 0x65, 0x01, 0x66, 0x01, 0x67, 0x01, 0x68, 0x01, 0x69, 0x01, 0x6A, 0x01, 0x6B,
  0x01, 0x6C, 0x01, 0x6E, 0x01, 0x6F, 0x01, 0x71, 0x01, 0x70, 0x01, 0x72, 0x01, 0x73, 0x01, 0x76,
  0x01, 0x77, 0x01, 0x75, 0x01, 0x7C, 0x01, 0x81, 0x01, 0x82, 0x01, 0x5B, 0x01, 0x5C, 0x01, 0x83,
  0x01, 0x57, 0x01, 0x7B, 0x01, 0x7A, 0x01, 0x7D, 0x01, 0x7E, 0x01, 0x7F, 0x01, 0x78, 0x01, 0x79,
  0x01, 0x80, 0x01, 0x63, 0x01, 0x61, 0x01, 0x6D, 0x01, 0x74, 0x01, 0x2A, 0x01, 0x84, 0x01, 0x2B,
  0x01, 0x85, 0x01, 0x2C, 0x01, 0x86, 0x01, 0x2D, 0x01, 0x87, 0x00, 0xFE, 0x01, 0x58, 0x01, 0x2E,
  0x01, 0x88, 0x01, 0x2F, 0x01, 0x89, 0x01, 0x30, 0x01, 0x8A, 0x01, 0x31, 0x01, 0x8B, 0x01, 0x32,
  0x01, 0x8C, 0x01, 0x33, 0x01, 0x8D, 0x01, 0x34, 0x01, 0x8E, 0x01, 0x35, 0x01, 0x8F, 0x01, 0xAD,
  0x01, 0xAE, 0x01, 0x37, 0x01, 0x91, 0x01, 0x38, 0x01, 0x92, 0x01, 0x39, 0x01, 0x93, 0x01, 0x3A,
  0x01, 0x94, 0x01, 0x3B, 0x01, 0x95, 0x01, 0x3C, 0x01, 0x96, 0x01, 0x3D, 0x01, 0x97, 0x01, 0x3E,
  0x01, 0x3F, 0x01, 0x99, 0x01, 0x40, 0x01, 0x9A, 0x01, 0x98, 0x01, 0x41, 0x01, 0x9B, 0x01, 0x42,
  0x01, 0x9C, 0x01, 0xAF, 0x01, 0xB0, 0x01, 0x43, 0x01, 0x9D, 0x01, 0x44, 0x01, 0x9E, 0x01, 0x45,
  0x01, 0x9F, 0x01, 0x46, 0x01, 0xA0, 0x01, 0x47, 0x01, 0xA1, 0x01, 0x48, 0x01, 0xA2, 0x01, 0x49,
  0x01, 0xA3, 0x01, 0x4A, 0x01, 0xA4, 0x01, 0x4B, 0x01, 0xA5, 0x01, 0x4C, 0x01, 0xA6, 0x01, 0x4D,
  0x01, 0xA7, 0x01, 0x4E, 0x01, 0xA8, 0x01, 0x4F, 0x01, 0xA9, 0x01, 0x50, 0x01, 0xAA, 0x01, 0x51,
  0x01, 0xAB, 0x01, 0x52, 0x01, 0xAC, 0x01, 0x36, 0x01, 0x90, 0x02, 0x22, 0x02, 0x21, 0x02, 0x23,
  0x02, 0x2B, 0x02, 0x2C, 0x02, 0x2A, 0x02, 0x73, 0x02, 0x74, 0x02, 0x0C, 0x02, 0x3E, 0x02, 0x37,
  0x02, 0x49, 0x02, 0x48, 0x02, 0x90, 0x02, 0x91, 0x02, 0x68, 0x00, 0xF5, 0x00, 0xF6, 0x00, 0x00,
  0x00, 0x03, 0x00, 0x7D, 0x00, 0x7D, 0x03, 0x6B, 0x03, 0xE8, 0x00, 0x03, 0x00, 0x0B, 0x00, 0x0F,
  0x00, 0x0A, 0xB7, 0x0E, 0x0C, 0x06, 0x04, 0x01, 0x00, 0x03, 0x30, 0x2B, 0x37, 0x11, 0x21, 0x11,
  0x01, 0x21, 0x11, 0x21, 0x15, 0x21, 0x15, 0x23, 0x11, 0x33, 0x35, 0x23, 0x7D, 0x02, 0xEE, 0xFE,
  0x0C, 0x01, 0x77, 0xFE, 0x0C, 0x01, 0x77, 0xFA, 0x7D, 0x7D, 0x7D, 0x03, 0x6B, 0xFC, 0x95, 0x01,
  0x77, 0x01, 0x77, 0x7D, 0x7D, 0xFE, 0x89, 0x7D, 0x00, 0x02, 0x00, 0x00, 0x00, 0x7D, 0x03, 0x6B,
  0x03, 0xE8, 0x00, 0x0F, 0x00, 0x17, 0x00, 0x86, 0x4B, 0xB0, 0x0A, 0x50, 0x58, 0x40, 0x2F, 0x03,
  0x01, 0x01, 0x0A, 0x09, 0x00, 0x01, 0x70, 0x0B, 0x01, 0x09, 0x00, 0x0A, 0x09, 0x6E, 0x00, 0x08,
  0x00, 0x06, 0x05, 0x08, 0x06, 0x65, 0x00, 0x0A, 0x0A, 0x02, 0x5D, 0x00, 0x02, 0x02, 0x49, 0x4B,
  0x04, 0x01, 0x00, 0x00, 0x4C, 0x4B, 0x0C, 0x07, 0x02, 0x05, 0x05, 0x4A, 0x05, 0x4C, 0x1B, 0x40,
  0x31, 0x03, 0x01, 0x01, 0x0A, 0x09, 0x0A, 0x01, 0x09, 0x7E, 0x0B, 0x01, 0x09, 0x00, 0x0A, 0x09,
  0x00, 0x7C, 0x00, 0x08, 0x00, 0x06, 0x05, 0x08, 0x06, 0x65, 0x00, 0x0A, 0x0A, 0x02, 0x5D, 0x00,
  0x02, 0x02, 0x49, 0x4B, 0x04, 0x01, 0x00, 0x00, 0x4C, 0x4B, 0x0C, 0x07, 0x02, 0x05, 0x05, 0x4A,
  0x05, 0x4C, 0x59, 0x40, 0x18, 0x00, 0x00, 0x17, 0x16, 0x15, 0x14, 0x13, 0x12, 0x11, 0x10, 0x00,
  0x0F, 0x00, 0x0F, 0x11, 0x11, 0x11, 0x11, 0x11, 0x11, 0x11, 0x0D, 0x09, 0x1B, 0x2B, 0x35, 0x11,
  0x33, 0x35, 0x33, 0x35, 0x21, 0x15, 0x33, 0x15, 0x33, 0x11, 0x23, 0x35, 0x21, 0x15, 0x11, 0x21,
  0x35, 0x23, 0x35, 0x23, 0x15, 0x23, 0x7D, 0x7D, 0x01, 0x77, 0x7D, 0x7D, 0xFA, 0xFE, 0x89, 0x01,
  0x77, 0x7D, 0x7D, 0x7D, 0x7D, 0x02, 0x71, 0x7D, 0x7D, 0x7D, 0x7D, 0xFD, 0x8F, 0xFA, 0xFA, 0x01,
  0x77, 0xFA, 0x7D, 0x7D, 0x00, 0x03, 0x00, 0x00, 0x00, 0x7D, 0x03, 0x6B, 0x03, 0xE8, 0x00, 0x03,
  0x00, 0x17, 0x00, 0x1F, 0x00, 0xA5, 0x4B, 0xB0, 0x0A, 0x50, 0x58, 0x40, 0x3C, 0x0A, 0x01, 0x06,
  0x0D, 0x0C, 0x05, 0x06, 0x70, 0x00, 0x08, 0x00, 0x0D, 0x06, 0x08, 0x0D, 0x65, 0x00, 0x0F, 0x00,
  0x03, 0x02, 0x0F, 0x03, 0x65, 0x00, 0x00, 0x00, 0x01, 0x5D, 0x00, 0x01, 0x01, 0x49, 0x4B, 0x0E,
  0x01, 0x0C, 0x0C, 0x07, 0x5D, 0x09, 0x01, 0x07, 0x07, 0x4C, 0x4B, 0x10, 0x0B, 0x02, 0x05, 0x05,
  0x02, 0x5E, 0x04, 0x01, 0x02, 0x02, 0x4A, 0x02, 0x4C, 0x1B, 0x40, 0x3D, 0x0A, 0x01, 0x06, 0x0D,
  0x0C, 0x0D, 0x06, 0x0C, 0x7E, 0x00, 0x08, 0x00, 0x0D, 0x06, 0x08, 0x0D, 0x65, 0x00, 0x0F, 0x00,
  0x03, 0x02, 0x0F, 0x03, 0x65, 0x00, 0x00, 0x00, 0x01, 0x5D, 0x00, 0x01, 0x01, 0x49, 0x4B, 0x0E,
  0x01, 0x0C, 0x0C, 0x07, 0x5D, 0x09, 0x01, 0x07, 0x07, 0x4C, 0x4B, 0x10, 0x0B, 0x02, 0x05, 0x05,
  0x02, 0x5E, 0x04, 0x01, 0x02, 0x02, 0x4A, 0x02, 0x4C, 0x59, 0x40, 0x1E, 0x04, 0x04, 0x1F, 0x1E,
  0x1D, 0x1C, 0x1B, 0x1A, 0x19, 0x18, 0x04, 0x17, 0x04, 0x17, 0x16, 0x15, 0x14, 0x13, 0x11, 0x11,
  0x11, 0x11, 0x11, 0x11, 0x12, 0x11, 0x10, 0x11, 0x09, 0x1D, 0x2B, 0x01, 0x23, 0x35, 0x33, 0x13,
  0x11, 0x23, 0x35, 0x21, 0x15, 0x23, 0x11, 0x33, 0x35, 0x33, 0x35, 0x33, 0x35, 0x33, 0x15, 0x33,
  0x15, 0x33, 0x15, 0x23, 0x23, 0x35, 0x23, 0x15, 0x23, 0x15, 0x21, 0x02, 0x71, 0x7D, 0x7D, 0xFA,
  0xFA, 0xFE, 0x89, 0xFA, 0x7D, 0x7D, 0x7D, 0x7D, 0x7D, 0x7D, 0x7D, 0x7D, 0x7D, 0x7D, 0x01, 0x77,
  0x03, 0x6B, 0x7D, 0xFE, 0x0C, 0xFE, 0x89, 0x7D, 0x7D, 0x01, 0x77, 0x7D, 0x7D, 0x7D, 0x7D, 0x7D,
  0x7D, 0x7D, 0x7D, 0x7D, 0x00, 0x04, 0x00, 0x00, 0x00, 0x7D, 0x03, 0x6B, 0x03, 0xE8, 0x00, 0x03,
  0x00, 0x07, 0x00, 0x17, 0x00, 0x1F, 0x00, 0xAE, 0x4B, 0xB0, 0x0A, 0x50, 0x58, 0x40, 0x3A, 0x0A,
  0x01, 0x08, 0x0D, 0x0C, 0x07, 0x08, 0x70, 0x0E, 0x01, 0x0C, 0x07, 0x0D, 0x0C, 0x6E, 0x00, 0x09,
  0x00, 0x0D, 0x08, 0x09, 0x0D, 0x65, 0x00, 0x0F, 0x00, 0x05, 0x04, 0x0F, 0x05, 0x65, 0x02, 0x01,
  0x00, 0x00, 0x01, 0x5D, 0x03, 0x10, 0x02, 0x01, 0x01, 0x49, 0x4B, 0x11, 0x0B, 0x02, 0x07, 0x07,
  0x04, 0x5E, 0x06, 0x01, 0x04, 0x04, 0x4A, 0x04, 0x4C, 0x1B, 0x40, 0x3C, 0x0A, 0x01, 0x08, 0x0D,
  0x0C, 0x0D, 0x08, 0x0C, 0x7E, 0x0E, 0x01, 0x0C, 0x07, 0x0D, 0x0C, 0x07, 0x7C, 0x00, 0x09, 0x00,
  0x0D, 0x08, 0x09, 0x0D, 0x65, 0x00, 0x0F, 0x00, 0x05, 0x04, 0x0F, 0x05, 0x65, 0x02, 0x01, 0x00,
  0x00, 0x01, 0x5D, 0x03, 0x10, 0x02, 0x01, 0x01, 0x49, 0x4B, 0x11, 0x0B, 0x02, 0x07, 0x07, 0x04,
  0x5E, 0x06, 0x01, 0x04, 0x04, 0x4A, 0x04, 0x4C, 0x59, 0x40, 0x2A, 0x08, 0x08, 0x00, 0x00, 0x1F,
  0x1E, 0x1D, 0x1C, 0x1B, 0x1A, 0x19, 0x18, 0x08, 0x17, 0x08, 0x17, 0x16, 0x15, 0x14, 0x13, 0x12,
  0x11, 0x10, 0x0F, 0x0E, 0x0D, 0x0C, 0x0B, 0x0A, 0x09, 0x07, 0x06, 0x05, 0x04, 0x00, 0x03, 0x00,
  0x03, 0x11, 0x12, 0x09, 0x15, 0x2B, 0x13, 0x15, 0x23, 0x35, 0x05, 0x23, 0x35, 0x33, 0x13, 0x11,
  0x23, 0x35, 0x21, 0x15, 0x23, 0x11, 0x33, 0x35, 0x33, 0x35, 0x21, 0x15, 0x33, 0x15, 0x23, 0x23,
  0x35, 0x23, 0x15, 0x23, 0x15, 0x21, 0xFA, 0x7D, 0x02, 0x71, 0x7D, 0x7D, 0x7D, 0xFA, 0xFE, 0x89,
  0xFA, 0x7D, 0x7D, 0x01, 0x77, 0x7D, 0x7D, 0x7D, 0x7D, 0x7D, 0x01, 0x77, 0x03, 0xE8, 0x7D, 0x7D,
  0x7D, 0x7D, 0xFE, 0x0C, 0xFE, 0x89, 0x7D, 0x7D, 0x01, 0x77, 0x7D, 0xFA, 0xFA, 0x7D, 0x7D, 0x7D,
  0x7D, 0x00, 0x00, 0x00, 0x00, 0x03, 0x00, 0x00, 0x00, 0x7D, 0x03, 0x6B, 0x03, 0xE8, 0x00, 0x17,
  0x00, 0x1B, 0x00, 0x23, 0x00, 0xB9, 0x4B, 0xB0, 0x0A, 0x50, 0x58, 0x40, 0x44, 0x07, 0x01, 0x01,
  0x10, 0x0F, 0x00, 0x01, 0x70, 0x11, 0x01, 0x0F, 0x00, 0x10, 0x0F, 0x00, 0x7C, 0x05, 0x01, 0x03,
  0x06, 0x01, 0x02, 0x0C, 0x03, 0x02, 0x65, 0x00, 0x0E, 0x00, 0x0A, 0x09, 0x0E, 0x0A, 0x65, 0x00,
  0x0D, 0x0D, 0x04, 0x5D, 0x00, 0x04, 0x04, 0x49, 0x4B, 0x00, 0x10, 0x10, 0x0C, 0x5D, 0x00, 0x0C,
  0x0C, 0x4C, 0x4B, 0x08, 0x01, 0x00, 0x00, 0x09, 0x5E, 0x12, 0x0B, 0x02, 0x09, 0x09, 0x4A, 0x09,
  0x4C, 0x1B, 0x40, 0x45, 0x07, 0x01, 0x01, 0x10, 0x0F, 0x10, 0x01, 0x0F, 0x7E, 0x11, 0x01, 0x0F,
  0x00, 0x10, 0x0F, 0x00, 0x7C, 0x05, 0x01, 0x03, 0x06, 0x01, 0x02, 0x0C, 0x03, 0x02, 0x65, 0x00,
  0x0E, 0x00, 0x0A, 0x09, 0x0E, 0x0A, 0x65, 0x00, 0x0D, 0x0D, 0x04, 0x5D, 0x00, 0x04, 0x04, 0x49,
  0x4B, 0x00, 0x10, 0x10, 0x0C, 0x5D, 0x00, 0x0C, 0x0C, 0x4C, 0x4B, 0x08, 0x01, 0x00, 0x00, 0x09,
  0x5E, 0x12, 0x0B, 0x02, 0x09, 0x09, 0x4A, 0x09, 0x4C, 0x59, 0x40, 0x22, 0x00, 0x00, 0x23, 0x22,
  0x21, 0x20, 0x1F, 0x1E, 0x1D, 0x1C, 0x1B, 0x1A, 0x19, 0x18, 0x00, 0x17, 0x00, 0x17, 0x16, 0x15,
  0x14, 0x13, 0x11, 0x11, 0x11, 0x11, 0x11, 0x11, 0x11, 0x11, 0x11, 0x13, 0x09, 0x1D, 0x2B, 0x35,
  0x11, 0x33, 0x35, 0x33, 0x35, 0x23, 0x35, 0x33, 0x35, 0x21, 0x15, 0x33, 0x15, 0x23, 0x15, 0x33,
  0x15, 0x33, 0x11, 0x23, 0x35, 0x21, 0x15, 0x13, 0x33, 0x35, 0x23, 0x03, 0x21, 0x35, 0x23, 0x35,
  0x23, 0x15, 0x23, 0x7D, 0x7D, 0x7D, 0x7D, 0x01, 0x77, 0x7D, 0x7D, 0x7D, 0x7D, 0xFA, 0xFE, 0x89,
  0x7D, 0x7D, 0x7D, 0x7D, 0x01, 0x77, 0x7D, 0x7D, 0x7D, 0x7D, 0x01, 0x77, 0x7D, 0x7D, 0x7D, 0x7D,
  0x7D, 0x7D, 0x7D, 0x7D, 0xFE, 0x89, 0x7D, 0x7D, 0x02, 0x71, 0x7D, 0xFE, 0x0C, 0x7D, 0x7D, 0x7D,
  0x00, 0x04, 0x00, 0x00, 0x00, 0x7D, 0x03, 0x6B, 0x03, 0xE8, 0x00, 0x03, 0x00, 0x07, 0x00, 0x17,
  0x00, 0x1F, 0x00, 0xB8, 0x4B, 0xB0, 0x0A, 0x50, 0x58, 0x40, 0x3D, 0x07, 0x01, 0x05, 0x0E, 0x0D,
  0x04, 0x05, 0x70, 0x0F, 0x01, 0x0D, 0x04, 0x0E, 0x0D, 0x6E, 0x00, 0x0C, 0x00, 0x0A, 0x09, 0x0C,
  0x0A, 0x65, 0x11, 0x03, 0x10, 0x03, 0x01, 0x01, 0x00, 0x5D, 0x02, 0x01, 0x00, 0x00, 0x49, 0x4B,
  0x00, 0x0E, 0x0E, 0x06, 0x5D, 0x00, 0x06, 0x06, 0x4C, 0x4B, 0x08, 0x01, 0x04, 0x04, 0x09, 0x5E,
  0x12, 0x0B, 0x02, 0x09, 0x09, 0x4A, 0x09, 0x4C, 0x1B, 0x40, 0x3F, 0x07, 0x01, 0x05, 0x0E, 0x0D,
  0x0E, 0x05, 0x0D, 0x7E, 0x0F, 0x01, 0x0D, 0x04, 0x0E, 0x0D, 0x04, 0x7C, 0x00, 0x0C, 0x00, 0x0A,
  0x09, 0x0C, 0x0A, 0x65, 0x11, 0x03, 0x10, 0x03, 0x01, 0x01, 0x00, 0x5D, 0x02, 0x01, 0x00, 0x00,
  0x49, 0x4B, 0x00, 0x0E, 0x0E, 0x06, 0x5D, 0x00, 0x06, 0x06, 0x4C, 0x4B, 0x08, 0x01, 0x04, 0x04,
  0x09, 0x5E, 0x12, 0x0B, 0x02, 0x09, 0x09, 0x4A, 0x09, 0x4C, 0x59, 0x40, 0x2E, 0x08, 0x08, 0x04,
  0x04, 0x00, 0x00, 0x1F, 0x1E, 0x1D, 0x1C, 0x1B, 0x1A, 0x19, 0x18, 0x08, 0x17, 0x08, 0x17, 0x16,
  0x15, 0x14, 0x13, 0x12, 0x11, 0x10, 0x0F, 0x0E, 0x0D, 0x0C, 0x0B, 0x0A, 0x09, 0x04, 0x07, 0x04,
  0x07, 0x06, 0x05, 0x00, 0x03, 0x00, 0x03, 0x11, 0x13, 0x09, 0x15, 0x2B, 0x13, 0x35, 0x33, 0x15,
  0x33, 0x35, 0x33, 0x15, 0x01, 0x11, 0x33, 0x35, 0x33, 0x35, 0x21, 0x15, 0x33, 0x15, 0x33, 0x11,
  0x23, 0x35, 0x21, 0x15, 0x35, 0x21, 0x35, 0x23, 0x35, 0x23, 0x15, 0x23, 0x7D, 0xFA, 0x7D, 0xFA,
  0xFD, 0x12, 0x7D, 0x7D, 0x01, 0x77, 0x7D, 0x7D, 0xFA, 0xFE, 0x89, 0x01, 0x77, 0x7D, 0x7D, 0x7D,
  0x03, 0x6B, 0x7D, 0x7D, 0x7D, 0x7D, 0xFD, 0x12, 0x01, 0x77, 0x7D, 0x7D, 0x7D, 0x7D, 0xFE, 0x89,
  0x7D, 0x7D, 0xFA, 0x7D, 0x7D, 0x7D, 0x00, 0x00, 0x00, 0x03, 0x00, 0x00, 0x00, 0x7D, 0x03, 0x6B,
  0x03, 0xE8, 0x00, 0x03, 0x00, 0x17, 0x00, 0x1F, 0x00, 0xB3, 0x4B, 0xB0, 0x0A, 0x50, 0x58, 0x40,
  0x3D, 0x0A, 0x01, 0x06, 0x0D, 0x0C, 0x05, 0x06, 0x70, 0x00, 0x08, 0x00, 0x0D, 0x06, 0x08, 0x0D,
  0x65, 0x00, 0x0F, 0x00, 0x03, 0x02, 0x0F, 0x03, 0x65, 0x00, 0x00, 0x00, 0x01, 0x5D, 0x10, 0x01,
  0x01, 0x01, 0x49, 0x4B, 0x0E, 0x01, 0x0C, 0x0C, 0x07, 0x5D, 0x09, 0x01, 0x07, 0x07, 0x4C, 0x4B,
  0x11, 0x0B, 0x02, 0x05, 0x05, 0x02, 0x5E, 0x04, 0x01, 0x02, 0x02, 0x4A, 0x02, 0x4C, 0x1B, 0x40,
  0x3E, 0x0A, 0x01, 0x06, 0x0D, 0x0C, 0x0D, 0x06, 0x0C, 0x7E, 0x00, 0x08, 0x00, 0x0D, 0x06, 0x08,
  0x0D, 0x65, 0x00, 0x0F, 0x00, 0x03, 0x02, 0x0F, 0x03, 0x65, 0x00, 0x00, 0x00, 0x01, 0x5D, 0x10,
  0x01, 0x01, 0x01, 0x49, 0x4B, 0x0E, 0x01, 0x0C, 0x0C, 0x07, 0x5D, 0x09, 0x01, 0x07, 0x07, 0x4C,
  0x4B, 0x11, 0x0B, 0x02, 0x05, 0x05, 0x02, 0x5E, 0x04, 0x01, 0x02, 0x02, 0x4A, 0x02, 0x4C, 0x59,
  0x40, 0x2A, 0x04, 0x04, 0x00, 0x00, 0x1F, 0x1E, 0x1D, 0x1C, 0x1B, 0x1A, 0x19, 0x18, 0x04, 0x17,
  0x04, 0x17, 0x16, 0x15, 0x14, 0x13, 0x12, 0x11, 0x10, 0x0F, 0x0E, 0x0D, 0x0C, 0x0B, 0x0A, 0x09,
  0x08, 0x07, 0x06, 0x05, 0x00, 0x03, 0x00, 0x03, 0x11, 0x12, 0x09, 0x15, 0x2B, 0x01, 0x15, 0x23,
  0x35, 0x01, 0x11, 0x23, 0x35, 0x21, 0x15, 0x23, 0x11, 0x33, 0x35, 0x33, 0x35, 0x33, 0x35, 0x33,
  0x15, 0x33, 0x15, 0x33, 0x15, 0x23, 0x23, 0x35, 0x23, 0x15, 0x23, 0x15, 0x21, 0x01, 0x77, 0x7D,
  0x02, 0x71, 0xFA, 0xFE, 0x89, 0xFA, 0x7D, 0x7D, 0x7D, 0x7D, 0x7D, 0x7D, 0x7D, 0x7D, 0x7D, 0x7D,
  0x01, 0x77, 0x03, 0xE8, 0x7D, 0x7D, 0xFE, 0x0C, 0xFE, 0x89, 0x7D, 0x7D, 0x01, 0x77, 0x7D, 0x7D,
  0x7D, 0x7D, 0x7D, 0x7D, 0x7D, 0x7D, 0x7D, 0x00, 0x00, 0x03, 0x00, 0x00, 0x00, 0x7D, 0x03, 0x6B,
  0x03, 0xE8, 0x00, 0x03, 0x00, 0x13, 0x00, 0x1B, 0x00, 0xAA, 0x4B, 0xB0, 0x0A, 0x50, 0x58, 0x40,
  0x3A, 0x05, 0x01, 0x03, 0x0C, 0x0B, 0x02, 0x03, 0x70, 0x0D, 0x01, 0x0B, 0x02, 0x0C, 0x0B, 0x6E,
  0x00, 0x0A, 0x00, 0x08, 0x07, 0x0A, 0x08, 0x65, 0x0E, 0x01, 0x01, 0x01, 0x00, 0x5D, 0x00, 0x00,
  0x00, 0x49, 0x4B, 0x00, 0x0C, 0x0C, 0x04, 0x5D, 0x00, 0x04, 0x04, 0x4C, 0x4B, 0x06, 0x01, 0x02,
  0x02, 0x07, 0x5E, 0x0F, 0x09, 0x02, 0x07, 0x07, 0x4A, 0x07, 0x4C, 0x1B, 0x40, 0x3C, 0x05, 0x01,
  0x03, 0x0C, 0x0B, 0x0C, 0x03, 0x0B, 0x7E, 0x0D, 0x01, 0x0B, 0x02, 0x0C, 0x0B, 0x02, 0x7C, 0x00,
  0x0A, 0x00, 0x08, 0x07, 0x0A, 0x08, 0x65, 0x0E, 0x01, 0x01, 0x01, 0x00, 0x5D, 0x00, 0x00, 0x00,
  0x49, 0x4B, 0x00, 0x0C, 0x0C, 0x04, 0x5D, 0x00, 0x04, 0x04, 0x4C, 0x4B, 0x06, 0x01, 0x02, 0x02,
  0x07, 0x5E, 0x0F, 0x09, 0x02, 0x07, 0x07, 0x4A, 0x07, 0x4C, 0x59, 0x40, 0x26, 0x04, 0x04, 0x00,
  0x00, 0x1B, 0x1A, 0x19, 0x18, 0x17, 0x16, 0x15, 0x14, 0x04, 0x13, 0x04, 0x13, 0x12, 0x11, 0x10,
  0x0F, 0x0E, 0x0D, 0x0C, 0x0B, 0x0A, 0x09, 0x08, 0x07, 0x06, 0x05, 0x00, 0x03, 0x00, 0x03, 0x11,
  0x10, 0x09, 0x15, 0x2B, 0x13, 0x35, 0x21, 0x15, 0x01, 0x11, 0x33, 0x35, 0x33, 0x35, 0x21, 0x15,
  0x33, 0x15, 0x33, 0x11, 0x23, 0x35, 0x21, 0x15, 0x35, 0x21, 0x35, 0x23, 0x35, 0x23, 0x15, 0x23,
  0x7D, 0x02, 0x71, 0xFD, 0x12, 0x7D, 0x7D, 0x01, 0x77, 0x7D, 0x7D, 0xFA, 0xFE, 0x89, 0x01, 0x77,
  0x7D, 0x7D, 0x7D, 0x03, 0x6B, 0x7D, 0x7D, 0xFD, 0x12, 0x01, 0x77, 0x7D, 0x7D, 0x7D, 0x7D, 0xFE,
  0x89, 0x7D, 0x7D, 0xFA, 0x7D, 0x7D, 0x7D, 0x00, 0x00, 0x04, 0x00, 0x00, 0x00, 0x00, 0x03, 0x6B,
  0x03, 0xE8, 0x00, 0x11, 0x00, 0x19, 0x00, 0x1D, 0x00, 0x21, 0x00, 0xC0, 0x4B, 0xB0, 0x0A, 0x50,
  0x58, 0x40, 0x46, 0x0B, 0x01, 0x09, 0x05, 0x04, 0x0A, 0x09, 0x70, 0x00, 0x0C, 0x00, 0x02, 0x00,
  0x0C, 0x02, 0x65, 0x07, 0x01, 0x05, 0x00, 0x01, 0x0D, 0x05, 0x01, 0x65, 0x00, 0x0A, 0x0A, 0x06,
  0x5D, 0x00, 0x06, 0x06, 0x49, 0x4B, 0x03, 0x01, 0x00, 0x00, 0x04, 0x5D, 0x11, 0x08, 0x02, 0x04,
  0x04, 0x4C, 0x4B, 0x00, 0x0D, 0x0D, 0x0E, 0x5D, 0x00, 0x0E, 0x0E, 0x4A, 0x4B, 0x00, 0x0F, 0x0F,
  0x10, 0x5D, 0x12, 0x01, 0x10, 0x10, 0x4E, 0x10, 0x4C, 0x1B, 0x40, 0x47, 0x0B, 0x01, 0x09, 0x05,
  0x04, 0x05, 0x09, 0x04, 0x7E, 0x00, 0x0C, 0x00, 0x02, 0x00, 0x0C, 0x02, 0x65, 0x07, 0x01, 0x05,
  0x00, 0x01, 0x0D, 0x05, 0x01, 0x65, 0x00, 0x0A, 0x0A, 0x06, 0x5D, 0x00, 0x06, 0x06, 0x49, 0x4B,
  0x03, 0x01, 0x00, 0x00, 0x04, 0x5D, 0x11, 0x08, 0x02, 0x04, 0x04, 0x4C, 0x4B, 0x00, 0x0D, 0x0D,
  0x0E, 0x5D, 0x00, 0x0E, 0x0E, 0x4A, 0x4B, 0x00, 0x0F, 0x0F, 0x10, 0x5D, 0x12, 0x01, 0x10, 0x10,
  0x4E, 0x10, 0x4C, 0x59, 0x40, 0x25, 0x1E, 0x1E, 0x00, 0x00, 0x1E, 0x21, 0x1E, 0x21, 0x20, 0x1F,
  0x1D, 0x1C, 0x1B, 0x1A, 0x19, 0x18, 0x17, 0x16, 0x15, 0x14, 0x13, 0x12, 0x00, 0x11, 0x00, 0x11,
  0x11, 0x11, 0x11, 0x11, 0x11, 0x11, 0x11, 0x11, 0x13, 0x09, 0x1C, 0x2B, 0x01, 0x11, 0x23, 0x15,
  0x23, 0x35, 0x21, 0x15, 0x23, 0x11, 0x33, 0x35, 0x33, 0x35, 0x21, 0x15, 0x33, 0x15, 0x23, 0x23,
  0x35, 0x23, 0x15, 0x23, 0x15, 0x21, 0x03, 0x33, 0x15, 0x23, 0x17, 0x35, 0x33, 0x15, 0x03, 0x6B,
  0x7D, 0x7D, 0xFE, 0x89, 0xFA, 0x7D, 0x7D, 0x01, 0x77, 0x7D, 0x7D, 0x7D, 0x7D, 0x7D, 0x01, 0x77,
  0x7D, 0x7D, 0x7D, 0x7D, 0xFA, 0x02, 0xEE, 0xFE, 0x89, 0x7D, 0xFA, 0x7D, 0x01, 0x77, 0x7D, 0x7D,
  0x7D, 0x7D, 0x7D, 0x7D, 0x7D, 0xFE, 0x89, 0x7D, 0x7D, 0x7D, 0x7D, 0x00, 0x00, 0x03, 0x00, 0x00,
  0x00, 0x7D, 0x03, 0x6B, 0x03, 0xE8, 0x00, 0x13, 0x00, 0x17, 0x00, 0x1F, 0x00, 0xA5, 0x4B, 0xB0,
  0x0A, 0x50, 0x58, 0x40, 0x3C, 0x05, 0x01, 0x01, 0x0E, 0x0D, 0x00, 0x01, 0x70, 0x04, 0x01, 0x02,
  0x0F, 0x01, 0x0D, 0x00, 0x02, 0x0D, 0x65, 0x00, 0x0C, 0x00, 0x08, 0x07, 0x0C, 0x08, 0x65, 0x00,
  0x0B, 0x0B, 0x03, 0x5D, 0x00, 0x03, 0x03, 0x49, 0x4B, 0x00, 0x0E, 0x0E, 0x0A, 0x5D, 0x00, 0x0A,
  0x0A, 0x4C, 0x4B, 0x06, 0x01, 0x00, 0x00, 0x07, 0x5E, 0x10, 0x09, 0x02, 0x07, 0x07, 0x4A, 0x07,
  0x4C, 0x1B, 0x40, 0x3D, 0x05, 0x01, 0x01, 0x0E, 0x0D, 0x0E, 0x01, 0x0D, 0x7E, 0x04, 0x01, 0x02,
  0x0F, 0x01, 0x0D, 0x00, 0x02, 0x0D, 0x65, 0x00, 0x0C, 0x00, 0x08, 0x07, 0x0C, 0x08, 0x65, 0x00,
  0x0B, 0x0B, 0x03, 0x5D, 0x00, 0x03, 0x03, 0x49, 0x4B, 0x00, 0x0E, 0x0E, 0x0A, 0x5D, 0x00, 0x0A,
  0x0A, 0x4C, 0x4B, 0x06, 0x01, 0x00, 0x00, 0x07, 0x5E, 0x10, 0x09, 0x02, 0x07, 0x07, 0x4A, 0x07,
  0x4C, 0x59, 0x40, 0x1E, 0x00, 0x00, 0x1F, 0x1E, 0x1D, 0x1C, 0x1B, 0x1A, 0x19, 0x18, 0x17, 0x16,
  0x15, 0x14, 0x00, 0x13, 0x00, 0x13, 0x11, 0x11, 0x11, 0x11, 0x11, 0x11, 0x11, 0x11, 0x11, 0x11,
  0x09, 0x1D, 0x2B, 0x35, 0x11, 0x33, 0x35, 0x33, 0x35, 0x33, 0x35, 0x33, 0x15, 0x33, 0x15, 0x33,
  0x15, 0x33, 0x11, 0x23, 0x35, 0x21, 0x15, 0x13, 0x33, 0x35, 0x23, 0x03, 0x21, 0x35, 0x23, 0x35,
  0x23, 0x15, 0x23, 0x7D, 0x7D, 0x7D, 0x7D, 0x7D, 0x7D, 0x7D, 0xFA, 0xFE, 0x89, 0x7D, 0x7D, 0x7D,
  0x7D, 0x01, 0x77, 0x7D, 0x7D, 0x7D, 0x7D, 0x01, 0x77, 0x7D, 0xFA, 0x7D, 0x7D, 0xFA, 0x7D, 0xFE,
  0x89, 0x7D, 0x7D, 0x02, 0x71, 0x7D, 0xFE, 0x0C, 0x7D, 0x7D, 0x7D, 0x00, 0x00, 0x04, 0x00, 0x00,
  0x00, 0x7D, 0x03, 0x6B, 0x03, 0xE8, 0x00, 0x15, 0x00, 0x19, 0x00, 0x1D, 0x00, 0x25, 0x00, 0xC3,
  0x4B, 0xB0, 0x0A, 0x50, 0x58, 0x40, 0x46, 0x00, 0x10, 0x05, 0x04, 0x05, 0x10, 0x04, 0x7E, 0x09,
  0x01, 0x04, 0x0F, 0x03, 0x04, 0x6E, 0x14, 0x0E, 0x02, 0x08, 0x00, 0x0D, 0x05, 0x08, 0x0D, 0x65,
  0x00, 0x12, 0x00, 0x01, 0x00, 0x12, 0x01, 0x65, 0x0B, 0x01, 0x06, 0x06, 0x07, 0x5D, 0x0C, 0x01,
  0x07, 0x07, 0x49, 0x4B, 0x11, 0x01, 0x0F, 0x0F, 0x05, 0x5D, 0x00, 0x05, 0x05, 0x4C, 0x4B, 0x13,
  0x0A, 0x02, 0x03, 0x03, 0x00, 0x5E, 0x02, 0x01, 0x00, 0x00, 0x4A, 0x00, 0x4C, 0x1B, 0x40, 0x47,
  0x00, 0x10, 0x05, 0x04, 0x05, 0x10, 0x04, 0x7E, 0x09, 0x01, 0x04, 0x0F, 0x05, 0x04, 0x0F, 0x7C,
  0x14, 0x0E, 0x02, 0x08, 0x00, 0x0D, 0x05, 0x08, 0x0D, 0x65, 0x00, 0x12, 0x00, 0x01, 0x00, 0x12,
  0x01, 0x65, 0x0B, 0x01, 0x06, 0x06, 0x07, 0x5D, 0x0C, 0x01, 0x07, 0x07, 0x49, 0x4B, 0x11, 0x01,
  0x0F, 0x0F, 0x05, 0x5D, 0x00, 0x05, 0x05, 0x4C, 0x4B, 0x13, 0x0A, 0x02, 0x03, 0x03, 0x00, 0x5E,
  0x02, 0x01, 0x00, 0x00, 0x4A, 0x00, 0x4C, 0x59, 0x40, 0x28, 0x1A, 0x1A, 0x00, 0x00, 0x25, 0x24,
  0x23, 0x22, 0x21, 0x20, 0x1F, 0x1E, 0x1A, 0x1D, 0x1A, 0x1D, 0x1C, 0x1B, 0x19, 0x18, 0x17, 0x16,
  0x00, 0x15, 0x00, 0x15, 0x14, 0x13, 0x11, 0x11, 0x11, 0x11, 0x11, 0x11, 0x11, 0x11, 0x11, 0x15,
  0x09, 0x1D, 0x2B, 0x01, 0x11, 0x23, 0x35, 0x21, 0x15, 0x23, 0x11, 0x33, 0x35, 0x33, 0x35, 0x33,
  0x35, 0x23, 0x35, 0x33, 0x15, 0x33, 0x15, 0x33, 0x15, 0x11, 0x23, 0x35, 0x33, 0x05, 0x15, 0x23,
  0x35, 0x01, 0x23, 0x35, 0x23, 0x15, 0x23, 0x15, 0x21, 0x03, 0x6B, 0xFA, 0xFE, 0x89, 0xFA, 0x7D,
  0x7D, 0x7D, 0x7D, 0xFA, 0x7D, 0x7D, 0x7D, 0x7D, 0xFE, 0x0C, 0x7D, 0x01, 0xF4, 0x7D, 0x7D, 0x7D,
  0x01, 0x77, 0x01, 0xF4, 0xFE, 0x89, 0x7D, 0x7D, 0x01, 0x77, 0x7D, 0x7D, 0x7D, 0x7D, 0x7D, 0xFA,
  0x7D, 0x01, 0x77, 0x7D, 0x7D, 0x7D, 0x7D, 0xFE, 0x89, 0x7D, 0x7D, 0x7D, 0x00, 0x02, 0x00, 0x00,
  0x00, 0x7D, 0x03, 0x6B, 0x03, 0xE8, 0x00, 0x13, 0x00, 0x17, 0x00, 0x98, 0x4B, 0xB0, 0x0A, 0x50,
  0x58, 0x40, 0x39, 0x00, 0x01, 0x03, 0x0B, 0x00, 0x01, 0x70, 0x00, 0x0B, 0x00, 0x03, 0x0B, 0x6E,
  0x00, 0x04, 0x00, 0x05, 0x0A, 0x04, 0x05, 0x65, 0x00, 0x0A, 0x00, 0x08, 0x06, 0x0A, 0x08, 0x65,
  0x00, 0x03, 0x03, 0x02, 0x5D, 0x00, 0x02, 0x02, 0x49, 0x4B, 0x00, 0x00, 0x00, 0x4C, 0x4B, 0x00,
  0x06, 0x06, 0x07, 0x5D, 0x0C, 0x09, 0x02, 0x07, 0x07, 0x4A, 0x07, 0x4C, 0x1B, 0x40, 0x3B, 0x00,
  0x01, 0x03, 0x0B, 0x03, 0x01, 0x0B, 0x7E, 0x00, 0x0B, 0x00, 0x03, 0x0B, 0x00, 0x7C, 0x00, 0x04,
  0x00, 0x05, 0x0A, 0x04, 0x05, 0x65, 0x00, 0x0A, 0x00, 0x08, 0x06, 0x0A, 0x08, 0x65, 0x00, 0x03,
  0x03, 0x02, 0x5D, 0x00, 0x02, 0x02, 0x49, 0x4B, 0x00, 0x00, 0x00, 0x4C, 0x4B, 0x00, 0x06, 0x06,
  0x07, 0x5D, 0x0C, 0x09, 0x02, 0x07, 0x07, 0x4A, 0x07, 0x4C, 0x59, 0x40, 0x16, 0x00, 0x00, 0x17,
  0x16, 0x15, 0x14, 0x00, 0x13, 0x00, 0x13, 0x11, 0x11, 0x11, 0x11, 0x11, 0x11, 0x11, 0x11, 0x11,
  0x0D, 0x09, 0x1D, 0x2B, 0x35, 0x11, 0x33, 0x35, 0x33, 0x35, 0x21, 0x15, 0x23, 0x15, 0x33, 0x15,
  0x23, 0x15, 0x33, 0x15, 0x21, 0x35, 0x23, 0x15, 0x11, 0x33, 0x35, 0x23, 0x7D, 0x7D, 0x02, 0x71,
  0xFA, 0xFA, 0xFA, 0xFA, 0xFE, 0x0C, 0x7D, 0x7D, 0x7D, 0x7D, 0x02, 0x71, 0x7D, 0x7D, 0x7D, 0xFA,
  0x7D, 0xFA, 0x7D, 0xFA, 0xFA, 0x01, 0x77, 0xFA, 0x00, 0x03, 0x00, 0x00, 0x00, 0x7D, 0x03, 0x6B,
  0x03, 0xE8, 0x00, 0x0B, 0x00, 0x0F, 0x00, 0x13, 0x00, 0x47, 0x40, 0x44, 0x00, 0x01, 0x00, 0x02,
  0x06, 0x01, 0x02, 0x65, 0x00, 0x06, 0x00, 0x09, 0x03, 0x06, 0x09, 0x65, 0x00, 0x03, 0x00, 0x04,
  0x08, 0x03, 0x04, 0x65, 0x00, 0x07, 0x07, 0x00, 0x5D, 0x00, 0x00, 0x00, 0x49, 0x4B, 0x00, 0x08,
  0x08, 0x05, 0x5D, 0x0A, 0x01, 0x05, 0x05, 0x4A, 0x05, 0x4C, 0x00, 0x00, 0x13, 0x12, 0x11, 0x10,
  0x0F, 0x0E, 0x0D, 0x0C, 0x00, 0x0B, 0x00, 0x0B, 0x11, 0x11, 0x11, 0x11, 0x11, 0x0B, 0x09, 0x19,
  0x2B, 0x35, 0x11, 0x21, 0x15, 0x33, 0x15, 0x23, 0x15, 0x33, 0x15, 0x23, 0x15, 0x01, 0x21, 0x35,
  0x21, 0x11, 0x21, 0x35, 0x21, 0x02, 0xEE, 0x7D, 0x7D, 0x7D, 0x7D, 0xFE, 0x0C, 0x01, 0x77, 0xFE,
  0x89, 0x01, 0x77, 0xFE, 0x89, 0x7D, 0x03, 0x6B, 0x7D, 0xFA, 0x7D, 0xFA, 0x7D, 0x01, 0xF4, 0xFA,
  0xFD, 0x8F, 0xFA, 0x00, 0x00, 0x01, 0x00, 0x00, 0x00, 0x7D, 0x03, 0x6B, 0x03, 0xE8, 0x00, 0x1B,
  0x00, 0x51, 0x40, 0x4E, 0x05, 0x01, 0x03, 0x08, 0x01, 0x06, 0x02, 0x03, 0x06, 0x65, 0x0B, 0x01,
  0x09, 0x0C, 0x01, 0x00, 0x0A, 0x09, 0x00, 0x65, 0x00, 0x07, 0x07, 0x04, 0x5D, 0x00, 0x04, 0x04,
  0x49, 0x4B, 0x00, 0x01, 0x01, 0x02, 0x5D, 0x00, 0x02, 0x02, 0x4C, 0x4B, 0x00, 0x0A, 0x0A, 0x0D,
  0x5E, 0x0E, 0x01, 0x0D, 0x0D, 0x4A, 0x0D, 0x4C, 0x00, 0x00, 0x00, 0x1B, 0x00, 0x1B, 0x1A, 0x19,
  0x18, 0x17, 0x16, 0x15, 0x14, 0x13, 0x11, 0x11, 0x11, 0x11, 0x11, 0x11, 0x11, 0x11, 0x11, 0x0F,
  0x09, 0x1D, 0x2B, 0x37, 0x35, 0x23, 0x35, 0x23, 0x11, 0x33, 0x35, 0x33, 0x35, 0x21, 0x15, 0x33,
  0x15, 0x23, 0x35, 0x23, 0x15, 0x23, 0x11, 0x33, 0x15, 0x33, 0x35, 0x33, 0x15, 0x23, 0x15, 0xFA,
  0x7D, 0x7D, 0x7D, 0x7D, 0x01, 0xF4, 0x7D, 0xFA, 0xFA, 0x7D, 0x7D, 0xFA, 0xFA, 0x7D, 0x7D, 0x7D,
  0x7D, 0x01, 0x77, 0x7D, 0x7D, 0x7D, 0x7D, 0x7D, 0x7D, 0xFE, 0x89, 0x7D, 0x7D, 0x7D, 0x7D, 0x00,
  0x00, 0x02, 0x00, 0x00, 0x00, 0x7D, 0x03, 0x6B, 0x03, 0xE8, 0x00, 0x03, 0x00, 0x23, 0x00, 0xB9,
  0x4B, 0xB0, 0x0A, 0x50, 0x58, 0x40, 0x44, 0x00, 0x0F, 0x00, 0x0E, 0x0E, 0x0F, 0x70, 0x12, 0x11,
  0x02, 0x0D, 0x04, 0x01, 0x02, 0x0C, 0x0D, 0x02, 0x65, 0x00, 0x0C, 0x00, 0x0B, 0x05, 0x0C, 0x0B,
  0x65, 0x07, 0x01, 0x05, 0x0A, 0x01, 0x08, 0x06, 0x05, 0x08, 0x65, 0x00, 0x00, 0x00, 0x01, 0x5D,
  0x00, 0x01, 0x01, 0x49, 0x4B, 0x00, 0x03, 0x03, 0x0E, 0x5D, 0x10, 0x01, 0x0E, 0x0E, 0x4C, 0x4B,
  0x00, 0x06, 0x06, 0x09, 0x5E, 0x00, 0x09, 0x09, 0x4A, 0x09, 0x4C, 0x1B, 0x40, 0x45, 0x00, 0x0F,
  0x00, 0x0E, 0x00, 0x0F, 0x0E, 0x7E, 0x12, 0x11, 0x02, 0x0D, 0x04, 0x01, 0x02, 0x0C, 0x0D, 0x02,
  0x65, 0x00, 0x0C, 0x00, 0x0B, 0x05, 0x0C, 0x0B, 0x65, 0x07, 0x01, 0x05, 0x0A, 0x01, 0x08, 0x06,
  0x05, 0x08, 0x65, 0x00, 0x00, 0x00, 0x01, 0x5D, 0x00, 0x01, 0x01, 0x49, 0x4B, 0x00, 0x03, 0x03,
  0x0E, 0x5D, 0x10, 0x01, 0x0E, 0x0E, 0x4C, 0x4B, 0x00, 0x06, 0x06, 0x09, 0x5E, 0x00, 0x09, 0x09,
  0x4A, 0x09, 0x4C, 0x59, 0x40, 0x22, 0x04, 0x04, 0x04, 0x23, 0x04, 0x23, 0x22, 0x21, 0x20, 0x1F,
  0x1E, 0x1D, 0x1C, 0x1B, 0x1A, 0x19, 0x18, 0x17, 0x16, 0x15, 0x14, 0x13, 0x11, 0x11, 0x11, 0x11,
  0x11, 0x11, 0x12, 0x11, 0x10, 0x13, 0x09, 0x1D, 0x2B, 0x01, 0x23, 0x35, 0x33, 0x13, 0x15, 0x23,
  0x35, 0x23, 0x15, 0x23, 0x15, 0x33, 0x15, 0x33, 0x35, 0x33, 0x15, 0x23, 0x15, 0x21, 0x35, 0x23,
  0x35, 0x23, 0x35, 0x33, 0x35, 0x33, 0x35, 0x33, 0x35, 0x33, 0x15, 0x33, 0x15, 0x02, 0x71, 0x7D,
  0x7D, 0xFA, 0xFA, 0xFA, 0x7D, 0x7D, 0xFA, 0xFA, 0x7D, 0xFE, 0x0C, 0x7D, 0x7D, 0x7D, 0x7D, 0x7D,
  0x7D, 0xFA, 0x03, 0x6B, 0x7D, 0xFE, 0x89, 0x7D, 0x7D, 0x7D, 0x7D, 0x7D, 0x7D, 0x7D, 0x7D, 0x7D,
  0x7D, 0x7D, 0x7D, 0x7D, 0x7D, 0x7D, 0x7D, 0x00, 0x00, 0x01, 0x00, 0x00, 0x00, 0x7D, 0x03, 0x6B,
  0x03, 0xE8, 0x00, 0x23, 0x00, 0x61, 0x40, 0x5E, 0x00, 0x06, 0x00, 0x0B, 0x03, 0x06, 0x0B, 0x65,
  0x09, 0x01, 0x03, 0x0C, 0x01, 0x0A, 0x02, 0x03, 0x0A, 0x65, 0x00, 0x02, 0x00, 0x01, 0x0D, 0x02,
  0x01, 0x65, 0x0F, 0x01, 0x0D, 0x10, 0x01, 0x00, 0x0E, 0x0D, 0x00, 0x65, 0x08, 0x01, 0x04, 0x04,
  0x05, 0x5D, 0x07, 0x01, 0x05, 0x05, 0x49, 0x4B, 0x00, 0x0E, 0x0E, 0x11, 0x5E, 0x12, 0x01, 0x11,
  0x11, 0x4A, 0x11, 0x4C, 0x00, 0x00, 0x00, 0x23, 0x00, 0x23, 0x22, 0x21, 0x20, 0x1F, 0x1E, 0x1D,
  0x1C, 0x1B, 0x1A, 0x19, 0x18, 0x17, 0x16, 0x15, 0x14, 0x13, 0x11, 0x11, 0x11, 0x11, 0x11, 0x11,
  0x11, 0x11, 0x11, 0x13, 0x09, 0x1D, 0x2B, 0x37, 0x35, 0x23, 0x35, 0x23, 0x35, 0x33, 0x35, 0x33,
  0x35, 0x23, 0x35, 0x33, 0x15, 0x33, 0x35, 0x33, 0x15, 0x23, 0x15, 0x33, 0x15, 0x23, 0x35, 0x23,
  0x15, 0x23, 0x15, 0x33, 0x15, 0x33, 0x35, 0x33, 0x15, 0x23, 0x15, 0xFA, 0x7D, 0x7D, 0x7D, 0x7D,
  0x7D, 0xFA, 0xFA, 0xFA, 0x7D, 0x7D, 0xFA, 0xFA, 0x7D, 0x7D, 0xFA, 0xFA, 0x7D, 0x7D, 0x7D, 0x7D,
  0x7D, 0x7D, 0xFA, 0x7D, 0x7D, 0x7D, 0x7D, 0xFA, 0x7D, 0x7D, 0x7D, 0x7D, 0x7D, 0x7D, 0x7D, 0x7D,
  0x00, 0x02, 0x00, 0x00, 0x00, 0x00, 0x03, 0x6B, 0x03, 0xE8, 0x00, 0x1F, 0x00, 0x23, 0x00, 0x67,
  0x40, 0x64, 0x12, 0x0F, 0x02, 0x0D, 0x02, 0x01, 0x00, 0x0C, 0x0D, 0x00, 0x65, 0x05, 0x01, 0x03,
  0x0A, 0x01, 0x06, 0x04, 0x03, 0x06, 0x65, 0x00, 0x04, 0x09, 0x01, 0x07, 0x08, 0x04, 0x07, 0x66,
  0x00, 0x01, 0x01, 0x0E, 0x5D, 0x00, 0x0E, 0x0E, 0x49, 0x4B, 0x00, 0x0B, 0x0B, 0x0C, 0x5D, 0x00,
  0x0C, 0x0C, 0x4C, 0x4B, 0x00, 0x08, 0x08, 0x4A, 0x4B, 0x00, 0x10, 0x10, 0x11, 0x5D, 0x00, 0x11,
  0x11, 0x4E, 0x11, 0x4C, 0x00, 0x00, 0x23, 0x22, 0x21, 0x20, 0x00, 0x1F, 0x00, 0x1F, 0x1E, 0x1D,
  0x1C, 0x1B, 0x1A, 0x19, 0x18, 0x17, 0x16, 0x15, 0x14, 0x13, 0x11, 0x11, 0x11, 0x11, 0x11, 0x11,
  0x11, 0x11, 0x11, 0x13, 0x09, 0x1D, 0x2B, 0x01, 0x15, 0x23, 0x35, 0x23, 0x15, 0x23, 0x15, 0x33,
  0x15, 0x33, 0x35, 0x33, 0x15, 0x23, 0x15, 0x23, 0x15, 0x23, 0x35, 0x23, 0x35, 0x23, 0x35, 0x23,
  0x35, 0x33, 0x35, 0x33, 0x35, 0x21, 0x15, 0x01, 0x33, 0x15, 0x23, 0x03, 0x6B, 0xFA, 0xFA, 0x7D,
  0x7D, 0xFA, 0xFA, 0x7D, 0x7D, 0x7D, 0xFA, 0x7D, 0x7D, 0x7D, 0x7D, 0x01, 0xF4, 0xFE, 0x0C, 0xFA,
  0xFA, 0x03, 0x6B, 0x7D, 0x7D, 0x7D, 0xFA, 0x7D, 0x7D, 0x7D, 0x7D, 0x7D, 0x7D, 0x7D, 0x7D, 0xFA,
  0x7D, 0x7D, 0x7D, 0xFD, 0x12, 0x7D, 0x00, 0x00, 0x00, 0x02, 0x00, 0x00, 0x00, 0x7D, 0x03, 0x6B,
  0x03, 0xE8, 0x00, 0x21, 0x00, 0x25, 0x00, 0x6C, 0x40, 0x69, 0x07, 0x01, 0x05, 0x00, 0x04, 0x11,
  0x05, 0x04, 0x65, 0x08, 0x01, 0x03, 0x0B, 0x01, 0x09, 0x02, 0x03, 0x09, 0x66, 0x00, 0x02, 0x00,
  0x01, 0x0C, 0x02, 0x01, 0x65, 0x0E, 0x01, 0x0C, 0x0F, 0x01, 0x00, 0x0D, 0x0C, 0x00, 0x65, 0x00,
  0x12, 0x12, 0x06, 0x5D, 0x00, 0x06, 0x06, 0x49, 0x4B, 0x00, 0x0A, 0x0A, 0x11, 0x5D, 0x00, 0x11,
  0x11, 0x4C, 0x4B, 0x00, 0x0D, 0x0D, 0x10, 0x5E, 0x13, 0x01, 0x10, 0x10, 0x4A, 0x10, 0x4C, 0x00,
  0x00, 0x25, 0x24, 0x23, 0x22, 0x00, 0x21, 0x00, 0x21, 0x20, 0x1F, 0x1E, 0x1D, 0x1C, 0x1B, 0x1A,
  0x19, 0x18, 0x17, 0x16, 0x15, 0x14, 0x13, 0x11, 0x11, 0x11, 0x11, 0x11, 0x11, 0x11, 0x11, 0x11,
  0x14, 0x09, 0x1D, 0x2B, 0x37, 0x35, 0x23, 0x35, 0x23, 0x35, 0x33, 0x35, 0x33, 0x35, 0x23, 0x35,
  0x33, 0x35, 0x21, 0x15, 0x33, 0x15, 0x33, 0x15, 0x23, 0x35, 0x23, 0x15, 0x23, 0x15, 0x33, 0x15,
  0x33, 0x35, 0x33, 0x15, 0x23, 0x15, 0x01, 0x33, 0x35, 0x23, 0xFA, 0x7D, 0x7D, 0x7D, 0x7D, 0x7D,
  0x7D, 0x01, 0x77, 0x7D, 0x7D, 0xFA, 0xFA, 0x7D, 0x7D, 0xFA, 0xFA, 0x7D, 0xFE, 0x89, 0x7D, 0x7D,
  0x7D, 0x7D, 0x7D, 0x7D, 0x7D, 0x7D, 0x7D, 0x7D, 0x7D, 0xFA, 0x7D, 0x7D, 0x7D, 0x7D, 0x7D, 0x7D,
  0x7D, 0x7D, 0x02, 0x71, 0x7D, 0x00, 0x00, 0x00, 0x00, 0x02, 0x00, 0x00, 0x00, 0x7D, 0x03, 0x6B,
  0x03, 0xE8, 0x00, 0x03, 0x00, 0x1F, 0x00, 0x6A, 0x40, 0x67, 0x07, 0x01, 0x05, 0x0A, 0x01, 0x08,
  0x04, 0x05, 0x08, 0x65, 0x00, 0x04, 0x00, 0x03, 0x0B, 0x04, 0x03, 0x65, 0x0D, 0x01, 0x0B, 0x0E,
  0x01, 0x02, 0x0C, 0x0B, 0x02, 0x65, 0x10, 0x01, 0x01, 0x01, 0x00, 0x5D, 0x00, 0x00, 0x00, 0x49,
  0x4B, 0x00, 0x09, 0x09, 0x06, 0x5D, 0x00, 0x06, 0x06, 0x4C, 0x4B, 0x00, 0x0C, 0x0C, 0x0F, 0x5E,
  0x11, 0x01, 0x0F, 0x0F, 0x4A, 0x0F, 0x4C, 0x04, 0x04, 0x00, 0x00, 0x04, 0x1F, 0x04, 0x1F, 0x1E,
  0x1D, 0x1C, 0x1B, 0x1A, 0x19, 0x18, 0x17, 0x16, 0x15, 0x14, 0x13, 0x12, 0x11, 0x10, 0x0F, 0x0E,
  0x0D, 0x0C, 0x0B, 0x0A, 0x09, 0x08, 0x07, 0x06, 0x05, 0x00, 0x03, 0x00, 0x03, 0x11, 0x12, 0x09,
  0x15, 0x2B, 0x01, 0x35, 0x33, 0x15, 0x01, 0x35, 0x23, 0x35, 0x23, 0x35, 0x33, 0x35, 0x33, 0x35,
  0x21, 0x15, 0x33, 0x15, 0x23, 0x35, 0x23, 0x15, 0x23, 0x15, 0x33, 0x15, 0x33, 0x35, 0x33, 0x15,
  0x23, 0x15, 0x01, 0x77, 0xFA, 0xFE, 0x89, 0x7D, 0x7D, 0x7D, 0x7D, 0x01, 0xF4, 0x7D, 0xFA, 0xFA,
  0x7D, 0x7D, 0xFA, 0xFA, 0x7D, 0x03, 0x6B, 0x7D, 0x7D, 0xFD, 0x12, 0x7D, 0x7D, 0x7D, 0x7D, 0x7D,
  0x7D, 0x7D, 0x7D, 0x7D, 0x7D, 0x7D, 0x7D, 0x7D, 0x7D, 0x00, 0x00, 0x00, 0x00, 0x02, 0x00, 0x00,
  0x00, 0x7D, 0x03, 0x6B, 0x03, 0xE8, 0x00, 0x0B, 0x00, 0x13, 0x00, 0x92, 0x4B, 0xB0, 0x0A, 0x50,
  0x58, 0x40, 0x36, 0x00, 0x08, 0x01, 0x02, 0x09, 0x08, 0x70, 0x00, 0x07, 0x03, 0x04, 0x06, 0x07,
  0x70, 0x00, 0x01, 0x00, 0x04, 0x06, 0x01, 0x04, 0x65, 0x00, 0x09, 0x09, 0x00, 0x5D, 0x00, 0x00,
  0x00, 0x49, 0x4B, 0x00, 0x03, 0x03, 0x02, 0x5D, 0x00, 0x02, 0x02, 0x4C, 0x4B, 0x00, 0x06, 0x06,
  0x05, 0x5E, 0x0A, 0x01, 0x05, 0x05, 0x4A, 0x05, 0x4C, 0x1B, 0x40, 0x38, 0x00, 0x08, 0x01, 0x02,
  0x01, 0x08, 0x02, 0x7E, 0x00, 0x07, 0x03, 0x04, 0x03, 0x07, 0x04, 0x7E, 0x00, 0x01, 0x00, 0x04,
  0x06, 0x01, 0x04, 0x65, 0x00, 0x09, 0x09, 0x00, 0x5D, 0x00, 0x00, 0x00, 0x49, 0x4B, 0x00, 0x03,
  0x03, 0x02, 0x5D, 0x00, 0x02, 0x02, 0x4C, 0x4B, 0x00, 0x06, 0x06, 0x05, 0x5E, 0x0A, 0x01, 0x05,
  0x05, 0x4A, 0x05, 0x4C, 0x59, 0x40, 0x16, 0x00, 0x00, 0x13, 0x12, 0x11, 0x10, 0x0F, 0x0E, 0x0D,
  0x0C, 0x00, 0x0B, 0x00, 0x0B, 0x11, 0x11, 0x11, 0x11, 0x11, 0x0B, 0x09, 0x19, 0x2B, 0x35, 0x11,
  0x21, 0x15, 0x33, 0x15, 0x33, 0x11, 0x23, 0x15, 0x23, 0x15, 0x25, 0x33, 0x35, 0x33, 0x11, 0x23,
  0x35, 0x23, 0x02, 0x71, 0x7D, 0x7D, 0x7D, 0x7D, 0xFE, 0x89, 0xFA, 0x7D, 0x7D, 0xFA, 0x7D, 0x03,
  0x6B, 0x7D, 0x7D, 0xFE, 0x89, 0x7D, 0x7D, 0x7D, 0x7D, 0x01, 0x77, 0x7D, 0x00, 0x02, 0x00, 0x00,
  0x00, 0x7D, 0x03, 0x6B, 0x03, 0xE8, 0x00, 0x0F, 0x00, 0x1B, 0x00, 0xAC, 0x4B, 0xB0, 0x0A, 0x50,
  0x58, 0x40, 0x40, 0x00, 0x0A, 0x03, 0x04, 0x0B, 0x0A, 0x70, 0x00, 0x09, 0x05, 0x06, 0x08, 0x09,
  0x70, 0x0C, 0x01, 0x01, 0x0D, 0x01, 0x00, 0x05, 0x01, 0x00, 0x65, 0x00, 0x03, 0x00, 0x06, 0x08,
  0x03, 0x06, 0x65, 0x00, 0x0B, 0x0B, 0x02, 0x5D, 0x00, 0x02, 0x02, 0x49, 0x4B, 0x00, 0x05, 0x05,
  0x04, 0x5D, 0x00, 0x04, 0x04, 0x4C, 0x4B, 0x00, 0x08, 0x08, 0x07, 0x5E, 0x0E, 0x01, 0x07, 0x07,
  0x4A, 0x07, 0x4C, 0x1B, 0x40, 0x42, 0x00, 0x0A, 0x03, 0x04, 0x03, 0x0A, 0x04, 0x7E, 0x00, 0x09,
  0x05, 0x06, 0x05, 0x09, 0x06, 0x7E, 0x0C, 0x01, 0x01, 0x0D, 0x01, 0x00, 0x05, 0x01, 0x00, 0x65,
  0x00, 0x03, 0x00, 0x06, 0x08, 0x03, 0x06, 0x65, 0x00, 0x0B, 0x0B, 0x02, 0x5D, 0x00, 0x02, 0x02,
  0x49, 0x4B, 0x00, 0x05, 0x05, 0x04, 0x5D, 0x00, 0x04, 0x04, 0x4C, 0x4B, 0x00, 0x08, 0x08, 0x07,
  0x5E, 0x0E, 0x01, 0x07, 0x07, 0x4A, 0x07, 0x4C, 0x59, 0x40, 0x1C, 0x00, 0x00, 0x1B, 0x1A, 0x19,
  0x18, 0x17, 0x16, 0x15, 0x14, 0x13, 0x12, 0x11, 0x10, 0x00, 0x0F, 0x00, 0x0F, 0x11, 0x11, 0x11,
  0x11, 0x11, 0x11, 0x11, 0x0F, 0x09, 0x1B, 0x2B, 0x37, 0x11, 0x23, 0x35, 0x33, 0x11, 0x21, 0x15,
  0x33, 0x15, 0x33, 0x11, 0x23, 0x15, 0x23, 0x15, 0x27, 0x33, 0x35, 0x33, 0x11, 0x23, 0x35, 0x23,
  0x15, 0x33, 0x15, 0x23, 0x7D, 0x7D, 0x7D, 0x01, 0xF4, 0x7D, 0x7D, 0x7D, 0x7D, 0xFA, 0x7D, 0x7D,
  0x7D, 0x7D, 0x7D, 0x7D, 0x7D, 0x01, 0x77, 0x7D, 0x01, 0x77, 0x7D, 0x7D, 0xFE, 0x89, 0x7D, 0x7D,
  0x7D, 0x7D, 0x01, 0x77, 0x7D, 0xFA, 0x7D, 0x00, 0x00, 0x02, 0x00, 0x00, 0x00, 0x7D, 0x03, 0x6B,
  0x03, 0xE8, 0x00, 0x15, 0x00, 0x1D, 0x00, 0xB3, 0x4B, 0xB0, 0x0A, 0x50, 0x58, 0x40, 0x44, 0x00,
  0x0D, 0x06, 0x07, 0x06, 0x0D, 0x07, 0x7E, 0x00, 0x0C, 0x08, 0x09, 0x0B, 0x0C, 0x70, 0x00, 0x03,
  0x00, 0x0E, 0x06, 0x03, 0x0E, 0x65, 0x00, 0x07, 0x00, 0x08, 0x0C, 0x07, 0x08, 0x65, 0x00, 0x06,
  0x00, 0x09, 0x0B, 0x06, 0x09, 0x65, 0x05, 0x01, 0x01, 0x01, 0x02, 0x5D, 0x04, 0x01, 0x02, 0x02,
  0x49, 0x4B, 0x00, 0x00, 0x00, 0x4C, 0x4B, 0x00, 0x0B, 0x0B, 0x0A, 0x5E, 0x0F, 0x01, 0x0A, 0x0A,
  0x4A, 0x0A, 0x4C, 0x1B, 0x40, 0x45, 0x00, 0x0D, 0x06, 0x07, 0x06, 0x0D, 0x07, 0x7E, 0x00, 0x0C,
  0x08, 0x09, 0x08, 0x0C, 0x09, 0x7E, 0x00, 0x03, 0x00, 0x0E, 0x06, 0x03, 0x0E, 0x65, 0x00, 0x07,
  0x00, 0x08, 0x0C, 0x07, 0x08, 0x65, 0x00, 0x06, 0x00, 0x09, 0x0B, 0x06, 0x09, 0x65, 0x05, 0x01,
  0x01, 0x01, 0x02, 0x5D, 0x04, 0x01, 0x02, 0x02, 0x49, 0x4B, 0x00, 0x00, 0x00, 0x4C, 0x4B, 0x00,
  0x0B, 0x0B, 0x0A, 0x5E, 0x0F, 0x01, 0x0A, 0x0A, 0x4A, 0x0A, 0x4C, 0x59, 0x40, 0x1C, 0x00, 0x00,
  0x1D, 0x1C, 0x1B, 0x1A, 0x19, 0x18, 0x17, 0x16, 0x00, 0x15, 0x00, 0x15, 0x14, 0x13, 0x11, 0x11,
  0x11, 0x11, 0x11, 0x11, 0x11, 0x11, 0x11, 0x10, 0x09, 0x1D, 0x2B, 0x35, 0x11, 0x33, 0x35, 0x23,
  0x35, 0x33, 0x15, 0x33, 0x35, 0x33, 0x15, 0x23, 0x15, 0x33, 0x15, 0x33, 0x15, 0x23, 0x15, 0x23,
  0x15, 0x25, 0x33, 0x35, 0x33, 0x35, 0x23, 0x35, 0x23, 0xFA, 0x7D, 0xFA, 0x7D, 0xFA, 0x7D, 0x7D,
  0x7D, 0x7D, 0x7D, 0xFE, 0x89, 0xFA, 0x7D, 0x7D, 0xFA, 0x7D, 0x02, 0x71, 0x7D, 0x7D, 0x7D, 0x7D,
  0x7D, 0xFA, 0x7D, 0x7D, 0x7D, 0x7D, 0x7D, 0x7D, 0x7D, 0x7D, 0x00, 0x00, 0x00, 0x02, 0x00, 0x00,
  0x00, 0x7D, 0x03, 0x6B, 0x03, 0xE8, 0x00, 0x0F, 0x00, 0x1B, 0x00, 0xAC, 0x4B, 0xB0, 0x0A, 0x50,
  0x58, 0x40, 0x40, 0x00, 0x0A, 0x03, 0x04, 0x0B, 0x0A, 0x70, 0x00, 0x09, 0x05, 0x06, 0x08, 0x09,
  0x70, 0x0C, 0x01, 0x01, 0x0D, 0x01, 0x00, 0x05, 0x01, 0x00, 0x65, 0x00, 0x03, 0x00, 0x06, 0x08,
  0x03, 0x06, 0x65, 0x00, 0x0B, 0x0B, 0x02, 0x5D, 0x00, 0x02, 0x02, 0x49, 0x4B, 0x00, 0x05, 0x05,
  0x04, 0x5D, 0x00, 0x04, 0x04, 0x4C, 0x4B, 0x00, 0x08, 0x08, 0x07, 0x5E, 0x0E, 0x01, 0x07, 0x07,
  0x4A, 0x07, 0x4C, 0x1B, 0x40, 0x42, 0x00, 0x0A, 0x03, 0x04, 0x03, 0x0A, 0x04, 0x7E, 0x00, 0x09,
  0x05, 0x06, 0x05, 0x09, 0x06, 0x7E, 0x0C, 0x01, 0x01, 0x0D, 0x01, 0x00, 0x05, 0x01, 0x00, 0x65,
  0x00, 0x03, 0x00, 0x06, 0x08, 0x03, 0x06, 0x65, 0x00, 0x0B, 0x0B, 0x02, 0x5D, 0x00, 0x02, 0x02,
  0x49, 0x4B, 0x00, 0x05, 0x05, 0x04, 0x5D, 0x00, 0x04, 0x04, 0x4C, 0x4B, 0x00, 0x08, 0x08, 0x07,
  0x5E, 0x0E, 0x01, 0x07, 0x07, 0x4A, 0x07, 0x4C, 0x59, 0x40, 0x1C, 0x00, 0x00, 0x1B, 0x1A, 0x19,
  0x18, 0x17, 0x16, 0x15, 0x14, 0x13, 0x12, 0x11, 0x10, 0x00, 0x0F, 0x00, 0x0F, 0x11, 0x11, 0x11,
  0x11, 0x11, 0x11, 0x11, 0x0F, 0x09, 0x1B, 0x2B, 0x37, 0x11, 0x23, 0x35, 0x33, 0x11, 0x21, 0x15,
  0x33, 0x15, 0x33, 0x11, 0x23, 0x15, 0x23, 0x15, 0x27, 0x33, 0x35, 0x33, 0x11, 0x23, 0x35, 0x23,
  0x15, 0x33, 0x15, 0x23, 0x7D, 0x7D, 0x7D, 0x01, 0xF4, 0x7D, 0x7D, 0x7D, 0x7D, 0xFA, 0x7D, 0x7D,
  0x7D, 0x7D, 0x7D, 0x7D, 0x7D, 0x01, 0x77, 0x7D, 0x01, 0x77, 0x7D, 0x7D, 0xFE, 0x89, 0x7D, 0x7D,
  0x7D, 0x7D, 0x01, 0x77, 0x7D, 0xFA, 0x7D, 0x00, 0x00, 0x01, 0x00, 0x00, 0x00, 0x7D, 0x03, 0x6B,
  0x03, 0xE8, 0x00, 0x0B, 0x00, 0x2F, 0x40, 0x2C, 0x00, 0x02, 0x00, 0x03, 0x04, 0x02, 0x03, 0x65,
  0x00, 0x01, 0x01, 0x00, 0x5D, 0x00, 0x00, 0x00, 0x49, 0x4B, 0x00, 0x04, 0x04, 0x05, 0x5D, 0x06,
  0x01, 0x05, 0x05, 0x4A, 0x05, 0x4C, 0x00, 0x00, 0x00, 0x0B, 0x00, 0x0B, 0x11, 0x11, 0x11, 0x11,
  0x11, 0x07, 0x09, 0x19, 0x2B, 0x35, 0x11, 0x21, 0x15, 0x21, 0x15, 0x21, 0x15, 0x21, 0x15, 0x21,
  0x15, 0x03, 0x6B, 0xFD, 0x8F, 0x01, 0xF4, 0xFE, 0x0C, 0x02, 0x71, 0x7D, 0x03, 0x6B, 0x7D, 0xFA,
  0x7D, 0xFA, 0x7D, 0x00, 0x00, 0x02, 0x00, 0x00, 0x00, 0x7D, 0x03, 0x6B, 0x03, 0xE8, 0x00, 0x03,
  0x00, 0x13, 0x00, 0x81, 0x4B, 0xB0, 0x0A, 0x50, 0x58, 0x40, 0x30, 0x00, 0x08, 0x00, 0x07, 0x07,
  0x08, 0x70, 0x00, 0x03, 0x00, 0x04, 0x05, 0x03, 0x04, 0x65, 0x00, 0x00, 0x00, 0x01, 0x5D, 0x00,
  0x01, 0x01, 0x49, 0x4B, 0x00, 0x02, 0x02, 0x07, 0x5D, 0x0A, 0x09, 0x02, 0x07, 0x07, 0x4C, 0x4B,
  0x00, 0x05, 0x05, 0x06, 0x5D, 0x00, 0x06, 0x06, 0x4A, 0x06, 0x4C, 0x1B, 0x40, 0x31, 0x00, 0x08,
  0x00, 0x07, 0x00, 0x08, 0x07, 0x7E, 0x00, 0x03, 0x00, 0x04, 0x05, 0x03, 0x04, 0x65, 0x00, 0x00,
  0x00, 0x01, 0x5D, 0x00, 0x01, 0x01, 0x49, 0x4B, 0x00, 0x02, 0x02, 0x07, 0x5D, 0x0A, 0x09, 0x02,
  0x07, 0x07, 0x4C, 0x4B, 0x00, 0x05, 0x05, 0x06, 0x5D, 0x00, 0x06, 0x06, 0x4A, 0x06, 0x4C, 0x59,
  0x40, 0x12, 0x04, 0x04, 0x04, 0x13, 0x04, 0x13, 0x11, 0x11, 0x11, 0x11, 0x11, 0x11, 0x12, 0x11,
  0x10, 0x0B, 0x09, 0x1D, 0x2B, 0x01, 0x23, 0x35, 0x33, 0x17, 0x15, 0x21, 0x15, 0x21, 0x15, 0x21,
  0x15, 0x21, 0x15, 0x21, 0x11, 0x21, 0x35, 0x33, 0x15, 0x02, 0x71, 0x7D, 0x7D, 0xFA, 0xFD, 0x8F,
  0x01, 0xF4, 0xFE, 0x0C, 0x02, 0x71, 0xFC, 0x95, 0x01, 0x77, 0x7D, 0x03, 0x6B, 0x7D, 0xFA, 0x7D,
  0x7D, 0x7D, 0x7D, 0x7D, 0x02, 0x71, 0x7D, 0x7D, 0x00, 0x03, 0x00, 0x00, 0x00, 0x7D, 0x03, 0x6B,
  0x03, 0xE8, 0x00, 0x03, 0x00, 0x07, 0x00, 0x17, 0x00, 0x97, 0x4B, 0xB0, 0x0A, 0x50, 0x58, 0x40,
  0x33, 0x00, 0x0A, 0x00, 0x09, 0x09, 0x0A, 0x70, 0x00, 0x05, 0x00, 0x06, 0x07, 0x05, 0x06, 0x65,
  0x02, 0x01, 0x00, 0x00, 0x01, 0x5D, 0x03, 0x0C, 0x02, 0x01, 0x01, 0x49, 0x4B, 0x00, 0x04, 0x04,
  0x09, 0x5D, 0x0D, 0x0B, 0x02, 0x09, 0x09, 0x4C, 0x4B, 0x00, 0x07, 0x07, 0x08, 0x5E, 0x00, 0x08,
  0x08, 0x4A, 0x08, 0x4C, 0x1B, 0x40, 0x34, 0x00, 0x0A, 0x00, 0x09, 0x00, 0x0A, 0x09, 0x7E, 0x00,
  0x05, 0x00, 0x06, 0x07, 0x05, 0x06, 0x65, 0x02, 0x01, 0x00, 0x00, 0x01, 0x5D, 0x03, 0x0C, 0x02,
  0x01, 0x01, 0x49, 0x4B, 0x00, 0x04, 0x04, 0x09, 0x5D, 0x0D, 0x0B, 0x02, 0x09, 0x09, 0x4C, 0x4B,
  0x00, 0x07, 0x07, 0x08, 0x5E, 0x00, 0x08, 0x08, 0x4A, 0x08, 0x4C, 0x59, 0x40, 0x22, 0x08, 0x08,
  0x00, 0x00, 0x08, 0x17, 0x08, 0x17, 0x16, 0x15, 0x14, 0x13, 0x12, 0x11, 0x10, 0x0F, 0x0E, 0x0D,
  0x0C, 0x0B, 0x0A, 0x09, 0x07, 0x06, 0x05, 0x04, 0x00, 0x03, 0x00, 0x03, 0x11, 0x0E, 0x09, 0x15,
  0x2B, 0x13, 0x15, 0x23, 0x35, 0x05, 0x23, 0x35, 0x33, 0x17, 0x15, 0x21, 0x15, 0x21, 0x15, 0x21,
  0x15, 0x21, 0x15, 0x21, 0x11, 0x33, 0x35, 0x21, 0x15, 0xFA, 0x7D, 0x02, 0x71, 0x7D, 0x7D, 0x7D,
  0xFD, 0x8F, 0x01, 0xF4, 0xFE, 0x0C, 0x02, 0x71, 0xFC, 0x95, 0xFA, 0x01, 0x77, 0x03, 0xE8, 0x7D,
  0x7D, 0x7D, 0x7D, 0xFA, 0x7D, 0x7D, 0x7D, 0x7D, 0x7D, 0x02, 0x71, 0x7D, 0x7D, 0x00, 0x00, 0x00,
  0x00, 0x01, 0x00, 0x00, 0x00, 0x7D, 0x03, 0x6B, 0x03, 0xE8, 0x00, 0x17, 0x00, 0x89, 0x4B, 0xB0,
  0x0A, 0x50, 0x58, 0x40, 0x32, 0x00, 0x03, 0x01, 0x00, 0x00, 0x03, 0x70, 0x00, 0x08, 0x00, 0x09,
  0x0A, 0x08, 0x09, 0x65, 0x05, 0x01, 0x01, 0x01, 0x02, 0x5D, 0x04, 0x01, 0x02, 0x02, 0x49, 0x4B,
  0x00, 0x07, 0x07, 0x00, 0x5D, 0x06, 0x01, 0x00, 0x00, 0x4C, 0x4B, 0x00, 0x0A, 0x0A, 0x0B, 0x5E,
  0x0C, 0x01, 0x0B, 0x0B, 0x4A, 0x0B, 0x4C, 0x1B, 0x40, 0x33, 0x00, 0x03, 0x01, 0x00, 0x01, 0x03,
  0x00, 0x7E, 0x00, 0x08, 0x00, 0x09, 0x0A, 0x08, 0x09, 0x65, 0x05, 0x01, 0x01, 0x01, 0x02, 0x5D,
  0x04, 0x01, 0x02, 0x02, 0x49, 0x4B, 0x00, 0x07, 0x07, 0x00, 0x5D, 0x06, 0x01, 0x00, 0x00, 0x4C,
  0x4B, 0x00, 0x0A, 0x0A, 0x0B, 0x5E, 0x0C, 0x01, 0x0B, 0x0B, 0x4A, 0x0B, 0x4C, 0x59, 0x40, 0x16,
  0x00, 0x00, 0x00, 0x17, 0x00, 0x17, 0x16, 0x15, 0x14, 0x13, 0x11, 0x11, 0x11, 0x11, 0x11, 0x11,
  0x11, 0x11, 0x11, 0x0D, 0x09, 0x1D, 0x2B, 0x35, 0x11, 0x33, 0x35, 0x23, 0x35, 0x33, 0x15, 0x33,
  0x35, 0x33, 0x15, 0x23, 0x15, 0x33, 0x15, 0x21, 0x15, 0x21, 0x15, 0x21, 0x15, 0x21, 0x15, 0xFA,
  0x7D, 0xFA, 0x7D, 0xFA, 0x7D, 0xFA, 0xFD, 0x8F, 0x01, 0xF4, 0xFE, 0x0C, 0x02, 0x71, 0x7D, 0x02,
  0x71, 0x7D, 0x7D, 0x7D, 0x7D, 0x7D, 0x7D, 0x7D, 0x7D, 0x7D, 0x7D, 0x7D, 0x00, 0x02, 0x00, 0x00,
  0x00, 0x7D, 0x03, 0x6B, 0x03, 0xE8, 0x00, 0x13, 0x00, 0x17, 0x00, 0x89, 0x4B, 0xB0, 0x0A, 0x50,
  0x58, 0x40, 0x32, 0x03, 0x01, 0x01, 0x0B, 0x00, 0x00, 0x01, 0x70, 0x00, 0x06, 0x00, 0x07, 0x08,
  0x06, 0x07, 0x65, 0x00, 0x0B, 0x0B, 0x02, 0x5D, 0x00, 0x02, 0x02, 0x49, 0x4B, 0x00, 0x05, 0x05,
  0x00, 0x5D, 0x0A, 0x04, 0x02, 0x00, 0x00, 0x4C, 0x4B, 0x00, 0x08, 0x08, 0x09, 0x5E, 0x0C, 0x01,
  0x09, 0x09, 0x4A, 0x09, 0x4C, 0x1B, 0x40, 0x33, 0x03, 0x01, 0x01, 0x0B, 0x00, 0x0B, 0x01, 0x00,
  0x7E, 0x00, 0x06, 0x00, 0x07, 0x08, 0x06, 0x07, 0x65, 0x00, 0x0B, 0x0B, 0x02, 0x5D, 0x00, 0x02,
  0x02, 0x49, 0x4B, 0x00, 0x05, 0x05, 0x00, 0x5D, 0x0A, 0x04, 0x02, 0x00, 0x00, 0x4C, 0x4B, 0x00,
  0x08, 0x08, 0x09, 0x5E, 0x0C, 0x01, 0x09, 0x09, 0x4A, 0x09, 0x4C, 0x59, 0x40, 0x16, 0x00, 0x00,
  0x17, 0x16, 0x15, 0x14, 0x00, 0x13, 0x00, 0x13, 0x11, 0x11, 0x11, 0x11, 0x11, 0x11, 0x11, 0x11,
  0x11, 0x0D, 0x09, 0x1D, 0x2B, 0x35, 0x11, 0x33, 0x35, 0x33, 0x35, 0x21, 0x15, 0x33, 0x15, 0x33,
  0x15, 0x21, 0x15, 0x21, 0x15, 0x21, 0x15, 0x21, 0x15, 0x01, 0x33, 0x35, 0x23, 0x7D, 0x7D, 0x01,
  0x77, 0x7D, 0x7D, 0xFD, 0x8F, 0x01, 0xF4, 0xFE, 0x0C, 0x02, 0x71, 0xFE, 0x0C, 0x7D, 0x7D, 0x7D,
  0x02, 0x71, 0x7D, 0x7D, 0x7D, 0x7D, 0x7D, 0x7D, 0x7D, 0x7D, 0x7D, 0x02, 0x71, 0x7D, 0x00, 0x00,
  0x00, 0x03, 0x00, 0x00, 0x00, 0x7D, 0x03, 0x6B, 0x03, 0xE8, 0x00, 0x03, 0x00, 0x07, 0x00, 0x13,
  0x00, 0x51, 0x40, 0x4E, 0x00, 0x06, 0x00, 0x07, 0x08, 0x06, 0x07, 0x65, 0x0B, 0x03, 0x0A, 0x03,
  0x01, 0x01, 0x00, 0x5D, 0x02, 0x01, 0x00, 0x00, 0x49, 0x4B, 0x00, 0x05, 0x05, 0x04, 0x5D, 0x00,
  0x04, 0x04, 0x4C, 0x4B, 0x00, 0x08, 0x08, 0x09, 0x5D, 0x0C, 0x01, 0x09, 0x09, 0x4A, 0x09, 0x4C,
  0x08, 0x08, 0x04, 0x04, 0x00, 0x00, 0x08, 0x13, 0x08, 0x13, 0x12, 0x11, 0x10, 0x0F, 0x0E, 0x0D,
  0x0C, 0x0B, 0x0A, 0x09, 0x04, 0x07, 0x04, 0x07, 0x06, 0x05, 0x00, 0x03, 0x00, 0x03, 0x11, 0x0D,
  0x09, 0x15, 0x2B, 0x13, 0x35, 0x33, 0x15, 0x33, 0x35, 0x33, 0x15, 0x01, 0x11, 0x21, 0x15, 0x21,
  0x15, 0x21, 0x15, 0x21, 0x15, 0x21, 0x15, 0x7D, 0xFA, 0x7D, 0xFA, 0xFD, 0x12, 0x03, 0x6B, 0xFD,
  0x8F, 0x01, 0xF4, 0xFE, 0x0C, 0x02, 0x71, 0x03, 0x6B, 0x7D, 0x7D, 0x7D, 0x7D, 0xFD, 0x12, 0x02,
  0x71, 0x7D, 0x7D, 0x7D, 0x7D, 0x7D, 0x00, 0x00, 0x00, 0x02, 0x00, 0x00, 0x00, 0x7D, 0x03, 0x6B,
  0x03, 0xE8, 0x00, 0x03, 0x00, 0x0F, 0x00, 0x46, 0x40, 0x43, 0x00, 0x04, 0x00, 0x05, 0x06, 0x04,
  0x05, 0x65, 0x08, 0x01, 0x01, 0x01, 0x00, 0x5D, 0x00, 0x00, 0x00, 0x49, 0x4B, 0x00, 0x03, 0x03,
  0x02, 0x5D, 0x00, 0x02, 0x02, 0x4C, 0x4B, 0x00, 0x06, 0x06, 0x07, 0x5D, 0x09, 0x01, 0x07, 0x07,
  0x4A, 0x07, 0x4C, 0x04, 0x04, 0x00, 0x00, 0x04, 0x0F, 0x04, 0x0F, 0x0E, 0x0D, 0x0C, 0x0B, 0x0A,
  0x09, 0x08, 0x07, 0x06, 0x05, 0x00, 0x03, 0x00, 0x03, 0x11, 0x0A, 0x09, 0x15, 0x2B, 0x01, 0x35,
  0x33, 0x15, 0x01, 0x11, 0x21, 0x15, 0x21, 0x15, 0x21, 0x15, 0x21, 0x15, 0x21, 0x15, 0x01, 0x77,
  0xFA, 0xFD, 0x8F, 0x03, 0x6B, 0xFD, 0x8F, 0x01, 0xF4, 0xFE, 0x0C, 0x02, 0x71, 0x03, 0x6B, 0x7D,
  0x7D, 0xFD, 0x12, 0x02, 0x71, 0x7D, 0x7D, 0x7D, 0x7D, 0x7D, 0x00, 0x00, 0x00, 0x02, 0x00, 0x00,
  0x00, 0x7D, 0x03, 0x6B, 0x03, 0xE8, 0x00, 0x03, 0x00, 0x13, 0x00, 0x8F, 0x4B, 0xB0, 0x0A, 0x50,
  0x58, 0x40, 0x31, 0x00, 0x08, 0x00, 0x07, 0x07, 0x08, 0x70, 0x00, 0x03, 0x00, 0x04, 0x05, 0x03,
  0x04, 0x65, 0x00, 0x00, 0x00, 0x01, 0x5D, 0x0A, 0x01, 0x01, 0x01, 0x49, 0x4B, 0x00, 0x02, 0x02,
  0x07, 0x5D, 0x0B, 0x09, 0x02, 0x07, 0x07, 0x4C, 0x4B, 0x00, 0x05, 0x05, 0x06, 0x5D, 0x00, 0x06,
  0x06, 0x4A, 0x06, 0x4C, 0x1B, 0x40, 0x32, 0x00, 0x08, 0x00, 0x07, 0x00, 0x08, 0x07, 0x7E, 0x00,
  0x03, 0x00, 0x04, 0x05, 0x03, 0x04, 0x65, 0x00, 0x00, 0x00, 0x01, 0x5D, 0x0A, 0x01, 0x01, 0x01,
  0x49, 0x4B, 0x00, 0x02, 0x02, 0x07, 0x5D, 0x0B, 0x09, 0x02, 0x07, 0x07, 0x4C, 0x4B, 0x00, 0x05,
  0x05, 0x06, 0x5D, 0x00, 0x06, 0x06, 0x4A, 0x06, 0x4C, 0x59, 0x40, 0x1E, 0x04, 0x04, 0x00, 0x00,
  0x04, 0x13, 0x04, 0x13, 0x12, 0x11, 0x10, 0x0F, 0x0E, 0x0D, 0x0C, 0x0B, 0x0A, 0x09, 0x08, 0x07,
  0x06, 0x05, 0x00, 0x03, 0x00, 0x03, 0x11, 0x0C, 0x09, 0x15, 0x2B, 0x01, 0x15, 0x23, 0x35, 0x05,
  0x15, 0x21, 0x15, 0x21, 0x15, 0x21, 0x15, 0x21, 0x15, 0x21, 0x11, 0x21, 0x35, 0x33, 0x15, 0x01,
  0x77, 0x7D, 0x02, 0x71, 0xFD, 0x8F, 0x01, 0xF4, 0xFE, 0x0C, 0x02, 0x71, 0xFC, 0x95, 0x01, 0x77,
  0x7D, 0x03, 0xE8, 0x7D, 0x7D, 0xFA, 0x7D, 0x7D, 0x7D, 0x7D, 0x7D, 0x02, 0x71, 0x7D, 0x7D, 0x00,
  0x00, 0x02, 0x00, 0x00, 0x00, 0x7D, 0x03, 0x6B, 0x03, 0xE8, 0x00, 0x03, 0x00, 0x0F, 0x00, 0x46,
  0x40, 0x43, 0x00, 0x04, 0x00, 0x05, 0x06, 0x04, 0x05, 0x65, 0x08, 0x01, 0x01, 0x01, 0x00, 0x5D,
  0x00, 0x00, 0x00, 0x49, 0x4B, 0x00, 0x03, 0x03, 0x02, 0x5D, 0x00, 0x02, 0x02, 0x4C, 0x4B, 0x00,
  0x06, 0x06, 0x07, 0x5D, 0x09, 0x01, 0x07, 0x07, 0x4A, 0x07, 0x4C, 0x04, 0x04, 0x00, 0x00, 0x04,
  0x0F, 0x04, 0x0F, 0x0E, 0x0D, 0x0C, 0x0B, 0x0A, 0x09, 0x08, 0x07, 0x06, 0x05, 0x00, 0x03, 0x00,
  0x03, 0x11, 0x0A, 0x09, 0x15, 0x2B, 0x13, 0x35, 0x21, 0x15, 0x01, 0x11, 0x21, 0x15, 0x21, 0x15,
  0x21, 0x15, 0x21, 0x15, 0x21, 0x15, 0x7D, 0x02, 0x71, 0xFD, 0x12, 0x03, 0x6B, 0xFD, 0x8F, 0x01,
  0xF4, 0xFE, 0x0C, 0x02, 0x71, 0x03, 0x6B, 0x7D, 0x7D, 0xFD, 0x12, 0x02, 0x71, 0x7D, 0x7D, 0x7D,
  0x7D, 0x7D, 0x00, 0x00, 0x00, 0x03, 0x00, 0x00, 0x00, 0x00, 0x03, 0x6B, 0x03, 0xE8, 0x00, 0x0F,
  0x00, 0x13, 0x00, 0x17, 0x00, 0xA1, 0x4B, 0xB0, 0x0A, 0x50, 0x58, 0x40, 0x3B, 0x00, 0x05, 0x04,
  0x08, 0x04, 0x05, 0x70, 0x00, 0x03, 0x06, 0x01, 0x04, 0x05, 0x03, 0x04, 0x65, 0x00, 0x00, 0x00,
  0x07, 0x5D, 0x0C, 0x01, 0x07, 0x07, 0x49, 0x4B, 0x00, 0x02, 0x02, 0x01, 0x5D, 0x00, 0x01, 0x01,
  0x4C, 0x4B, 0x00, 0x08, 0x08, 0x09, 0x5D, 0x00, 0x09, 0x09, 0x4A, 0x4B, 0x00, 0x0A, 0x0A, 0x0B,
  0x5D, 0x0D, 0x01, 0x0B, 0x0B, 0x4E, 0x0B, 0x4C, 0x1B, 0x40, 0x3C, 0x00, 0x05, 0x04, 0x08, 0x04,
  0x05, 0x08, 0x7E, 0x00, 0x03, 0x06, 0x01, 0x04, 0x05, 0x03, 0x04, 0x65, 0x00, 0x00, 0x00, 0x07,
  0x5D, 0x0C, 0x01, 0x07, 0x07, 0x49, 0x4B, 0x00, 0x02, 0x02, 0x01, 0x5D, 0x00, 0x01, 0x01, 0x4C,
  0x4B, 0x00, 0x08, 0x08, 0x09, 0x5D, 0x00, 0x09, 0x09, 0x4A, 0x4B, 0x00, 0x0A, 0x0A, 0x0B, 0x5D,
  0x0D, 0x01, 0x0B, 0x0B, 0x4E, 0x0B, 0x4C, 0x59, 0x40, 0x1C, 0x14, 0x14, 0x00, 0x00, 0x14, 0x17,
  0x14, 0x17, 0x16, 0x15, 0x13, 0x12, 0x11, 0x10, 0x00, 0x0F, 0x00, 0x0F, 0x11, 0x11, 0x11, 0x11,
  0x11, 0x11, 0x11, 0x0E, 0x09, 0x1B, 0x2B, 0x01, 0x15, 0x21, 0x15, 0x21, 0x15, 0x21, 0x15, 0x21,
  0x15, 0x21, 0x15, 0x23, 0x35, 0x21, 0x11, 0x13, 0x33, 0x15, 0x23, 0x17, 0x35, 0x33, 0x15, 0x03,
  0x6B, 0xFD, 0x8F, 0x01, 0xF4, 0xFE, 0x0C, 0x02, 0x71, 0xFE, 0x89, 0x7D, 0xFE, 0x89, 0xFA, 0x7D,
  0x7D, 0x7D, 0xFA, 0x03, 0xE8, 0x7D, 0x7D, 0x7D, 0x7D, 0x7D, 0x7D, 0x7D, 0x02, 0x71, 0xFD, 0x12,
  0x7D, 0x7D, 0x7D, 0x7D, 0x00, 0x01, 0x00, 0x00, 0x00, 0x7D, 0x03, 0x6B, 0x03, 0xE8, 0x00, 0x09,
  0x00, 0x29, 0x40, 0x26, 0x00, 0x02, 0x00, 0x03, 0x04, 0x02, 0x03, 0x65, 0x00, 0x01, 0x01, 0x00,
  0x5D, 0x00, 0x00, 0x00, 0x49, 0x4B, 0x05, 0x01, 0x04, 0x04, 0x4A, 0x04, 0x4C, 0x00, 0x00, 0x00,
  0x09, 0x00, 0x09, 0x11, 0x11, 0x11, 0x11, 0x06, 0x09, 0x18, 0x2B, 0x35, 0x11, 0x21, 0x15, 0x21,
  0x15, 0x21, 0x15, 0x21, 0x11, 0x03, 0x6B, 0xFD, 0x8F, 0x01, 0xF4, 0xFE, 0x0C, 0x7D, 0x03, 0x6B,
  0x7D, 0xFA, 0x7D, 0xFE, 0x89, 0x00, 0x00, 0x00, 0x00, 0x01, 0x00, 0x00, 0x00, 0x7D, 0x03, 0x6B,
  0x03, 0xE8, 0x00, 0x17, 0x00, 0xA2, 0x4B, 0xB0, 0x0A, 0x50, 0x58, 0x40, 0x3E, 0x00, 0x06, 0x03,
  0x02, 0x05, 0x06, 0x70, 0x00, 0x07, 0x01, 0x00, 0x08, 0x07, 0x70, 0x00, 0x0A, 0x00, 0x09, 0x01,
  0x0A, 0x09, 0x65, 0x00, 0x03, 0x00, 0x00, 0x08, 0x03, 0x00, 0x65, 0x00, 0x05, 0x05, 0x04, 0x5D,
  0x00, 0x04, 0x04, 0x49, 0x4B, 0x00, 0x01, 0x01, 0x02, 0x5D, 0x00, 0x02, 0x02, 0x4C, 0x4B, 0x00,
  0x08, 0x08, 0x0B, 0x5E, 0x0C, 0x01, 0x0B, 0x0B, 0x4A, 0x0B, 0x4C, 0x1B, 0x40, 0x40, 0x00, 0x06,
  0x03, 0x02, 0x03, 0x06, 0x02, 0x7E, 0x00, 0x07, 0x01, 0x00, 0x01, 0x07, 0x00, 0x7E, 0x00, 0x0A,
  0x00, 0x09, 0x01, 0x0A, 0x09, 0x65, 0x00, 0x03, 0x00, 0x00, 0x08, 0x03, 0x00, 0x65, 0x00, 0x05,
  0x05, 0x04, 0x5D, 0x00, 0x04, 0x04, 0x49, 0x4B, 0x00, 0x01, 0x01, 0x02, 0x5D, 0x00, 0x02, 0x02,
  0x4C, 0x4B, 0x00, 0x08, 0x08, 0x0B, 0x5E, 0x0C, 0x01, 0x0B, 0x0B, 0x4A, 0x0B, 0x4C, 0x59, 0x40,
  0x16, 0x00, 0x00, 0x00, 0x17, 0x00, 0x17, 0x16, 0x15, 0x14, 0x13, 0x11, 0x11, 0x11, 0x11, 0x11,
  0x11, 0x11, 0x11, 0x11, 0x0D, 0x09, 0x1D, 0x2B, 0x37, 0x35, 0x23, 0x35, 0x23, 0x11, 0x33, 0x35,
  0x33, 0x35, 0x21, 0x15, 0x21, 0x15, 0x23, 0x11, 0x33, 0x15, 0x33, 0x35, 0x23, 0x35, 0x21, 0x11,
  0xFA, 0x7D, 0x7D, 0x7D, 0x7D, 0x02, 0x71, 0xFE, 0x0C, 0x7D, 0x7D, 0xFA, 0x7D, 0x01, 0x77, 0x7D,
  0x7D, 0x7D, 0x01, 0x77, 0x7D, 0x7D, 0x7D, 0x7D, 0xFE, 0x89, 0x7D, 0xFA, 0x7D, 0xFE, 0x0C, 0x00,
  0x00, 0x03, 0x00, 0x00, 0x00, 0x7D, 0x03, 0x6B, 0x03, 0xE8, 0x00, 0x03, 0x00, 0x07, 0x00, 0x1B,
  0x00, 0xAB, 0x4B, 0xB0, 0x0A, 0x50, 0x58, 0x40, 0x3B, 0x00, 0x0C, 0x00, 0x0B, 0x0B, 0x0C, 0x70,
  0x00, 0x07, 0x00, 0x06, 0x09, 0x07, 0x06, 0x65, 0x00, 0x0A, 0x00, 0x09, 0x05, 0x0A, 0x09, 0x65,
  0x02, 0x01, 0x00, 0x00, 0x01, 0x5D, 0x03, 0x0E, 0x02, 0x01, 0x01, 0x49, 0x4B, 0x00, 0x04, 0x04,
  0x0B, 0x5D, 0x0F, 0x0D, 0x02, 0x0B, 0x0B, 0x4C, 0x4B, 0x00, 0x05, 0x05, 0x08, 0x5E, 0x00, 0x08,
  0x08, 0x4A, 0x08, 0x4C, 0x1B, 0x40, 0x3C, 0x00, 0x0C, 0x00, 0x0B, 0x00, 0x0C, 0x0B, 0x7E, 0x00,
  0x07, 0x00, 0x06, 0x09, 0x07, 0x06, 0x65, 0x00, 0x0A, 0x00, 0x09, 0x05, 0x0A, 0x09, 0x65, 0x02,
  0x01, 0x00, 0x00, 0x01, 0x5D, 0x03, 0x0E, 0x02, 0x01, 0x01, 0x49, 0x4B, 0x00, 0x04, 0x04, 0x0B,
  0x5D, 0x0F, 0x0D, 0x02, 0x0B, 0x0B, 0x4C, 0x4B, 0x00, 0x05, 0x05, 0x08, 0x5E, 0x00, 0x08, 0x08,
  0x4A, 0x08, 0x4C, 0x59, 0x40, 0x26, 0x08, 0x08, 0x00, 0x00, 0x08, 0x1B, 0x08, 0x1B, 0x1A, 0x19,
  0x18, 0x17, 0x16, 0x15, 0x14, 0x13, 0x12, 0x11, 0x10, 0x0F, 0x0E, 0x0D, 0x0C, 0x0B, 0x0A, 0x09,
  0x07, 0x06, 0x05, 0x04, 0x00, 0x03, 0x00, 0x03, 0x11, 0x10, 0x09, 0x15, 0x2B, 0x13, 0x15, 0x23,
  0x35, 0x05, 0x23, 0x35, 0x33, 0x17, 0x15, 0x21, 0x11, 0x21, 0x35, 0x23, 0x35, 0x21, 0x11, 0x21,
  0x35, 0x23, 0x11, 0x33, 0x35, 0x33, 0x35, 0x21, 0x15, 0xFA, 0x7D, 0x02, 0x71, 0x7D, 0x7D, 0x7D,
  0xFD, 0x8F, 0x01, 0x77, 0x7D, 0x01, 0x77, 0xFD, 0x12, 0x7D, 0x7D, 0x7D, 0x01, 0x77, 0x03, 0xE8,
  0x7D, 0x7D, 0x7D, 0x7D, 0xFA, 0x7D, 0xFE, 0x89, 0x7D, 0x7D, 0xFE, 0x89, 0x7D, 0x01, 0x77, 0x7D,
  0x7D, 0x7D, 0x00, 0x00, 0x00, 0x02, 0x00, 0x00, 0x00, 0x7D, 0x03, 0x6B, 0x03, 0xE8, 0x00, 0x15,
  0x00, 0x19, 0x00, 0x99, 0x4B, 0xB0, 0x0A, 0x50, 0x58, 0x40, 0x39, 0x04, 0x01, 0x02, 0x0C, 0x05,
  0x05, 0x02, 0x70, 0x00, 0x09, 0x00, 0x08, 0x00, 0x09, 0x08, 0x65, 0x00, 0x01, 0x00, 0x00, 0x07,
  0x01, 0x00, 0x65, 0x00, 0x0C, 0x0C, 0x03, 0x5D, 0x00, 0x03, 0x03, 0x49, 0x4B, 0x00, 0x06, 0x06,
  0x05, 0x5D, 0x0B, 0x01, 0x05, 0x05, 0x4C, 0x4B, 0x00, 0x07, 0x07, 0x0A, 0x5E, 0x0D, 0x01, 0x0A,
  0x0A, 0x4A, 0x0A, 0x4C, 0x1B, 0x40, 0x3A, 0x04, 0x01, 0x02, 0x0C, 0x05, 0x0C, 0x02, 0x05, 0x7E,
  0x00, 0x09, 0x00, 0x08, 0x00, 0x09, 0x08, 0x65, 0x00, 0x01, 0x00, 0x00, 0x07, 0x01, 0x00, 0x65,
  0x00, 0x0C, 0x0C, 0x03, 0x5D, 0x00, 0x03, 0x03, 0x49, 0x4B, 0x00, 0x06, 0x06, 0x05, 0x5D, 0x0B,
  0x01, 0x05, 0x05, 0x4C, 0x4B, 0x00, 0x07, 0x07, 0x0A, 0x5E, 0x0D, 0x01, 0x0A, 0x0A, 0x4A, 0x0A,
  0x4C, 0x59, 0x40, 0x18, 0x00, 0x00, 0x19, 0x18, 0x17, 0x16, 0x00, 0x15, 0x00, 0x15, 0x14, 0x13,
  0x11, 0x11, 0x11, 0x11, 0x11, 0x11, 0x11, 0x11, 0x11, 0x0E, 0x09, 0x1D, 0x2B, 0x37, 0x35, 0x23,
  0x11, 0x33, 0x35, 0x33, 0x35, 0x21, 0x15, 0x33, 0x15, 0x33, 0x15, 0x21, 0x11, 0x21, 0x35, 0x23,
  0x35, 0x21, 0x11, 0x01, 0x33, 0x35, 0x23, 0x7D, 0x7D, 0x7D, 0x7D, 0x01, 0x77, 0x7D, 0x7D, 0xFD,
  0x8F, 0x01, 0x77, 0x7D, 0x01, 0x77, 0xFE, 0x0C, 0x7D, 0x7D, 0x7D, 0x7D, 0x01, 0x77, 0xFA, 0x7D,
  0x7D, 0x7D, 0x7D, 0xFE, 0x89, 0x7D, 0x7D, 0xFE, 0x89, 0x02, 0x71, 0x7D, 0x00, 0x01, 0x00, 0x00,
  0x00, 0x00, 0x03, 0x6B, 0x03, 0xE8, 0x00, 0x1F, 0x00, 0xBF, 0x4B, 0xB0, 0x0A, 0x50, 0x58, 0x40,
  0x49, 0x00, 0x08, 0x05, 0x04, 0x07, 0x08, 0x70, 0x00, 0x0C, 0x03, 0x03, 0x0C, 0x55, 0x00, 0x05,
  0x00, 0x02, 0x0A, 0x05, 0x02, 0x65, 0x00, 0x09, 0x0D, 0x01, 0x01, 0x0E, 0x09, 0x01, 0x65, 0x00,
  0x07, 0x07, 0x06, 0x5D, 0x00, 0x06, 0x06, 0x49, 0x4B, 0x0B, 0x01, 0x03, 0x03, 0x04, 0x5D, 0x00,
  0x04, 0x04, 0x4C, 0x4B, 0x00, 0x0A, 0x0A, 0x0E, 0x5D, 0x00, 0x0E, 0x0E, 0x4A, 0x4B, 0x00, 0x00,
  0x00, 0x0F, 0x5D, 0x10, 0x01, 0x0F, 0x0F, 0x4E, 0x0F, 0x4C, 0x1B, 0x40, 0x4A, 0x00, 0x08, 0x05,
  0x04, 0x05, 0x08, 0x04, 0x7E, 0x00, 0x0C, 0x03, 0x03, 0x0C, 0x55, 0x00, 0x05, 0x00, 0x02, 0x0A,
  0x05, 0x02, 0x65, 0x00, 0x09, 0x0D, 0x01, 0x01, 0x0E, 0x09, 0x01, 0x65, 0x00, 0x07, 0x07, 0x06,
  0x5D, 0x00, 0x06, 0x06, 0x49, 0x4B, 0x0B, 0x01, 0x03, 0x03, 0x04, 0x5D, 0x00, 0x04, 0x04, 0x4C,
  0x4B, 0x00, 0x0A, 0x0A, 0x0E, 0x5D, 0x00, 0x0E, 0x0E, 0x4A, 0x4B, 0x00, 0x00, 0x00, 0x0F, 0x5D,
  0x10, 0x01, 0x0F, 0x0F, 0x4E, 0x0F, 0x4C, 0x59, 0x40, 0x1E, 0x00, 0x00, 0x00, 0x1F, 0x00, 0x1F,
  0x1E, 0x1D, 0x1C, 0x1B, 0x1A, 0x19, 0x18, 0x17, 0x16, 0x15, 0x14, 0x13, 0x11, 0x11, 0x11, 0x11,
  0x11, 0x11, 0x11, 0x11, 0x11, 0x11, 0x09, 0x1D, 0x2B, 0x33, 0x35, 0x33, 0x35, 0x23, 0x35, 0x23,
  0x35, 0x23, 0x35, 0x33, 0x35, 0x33, 0x35, 0x21, 0x15, 0x21, 0x15, 0x23, 0x15, 0x33, 0x15, 0x33,
  0x35, 0x23, 0x35, 0x21, 0x11, 0x23, 0x15, 0x23, 0x15, 0xFA, 0x7D, 0x7D, 0x7D, 0x7D, 0x7D, 0x7D,
  0x02, 0x71, 0xFE, 0x0C, 0x7D, 0x7D, 0xFA, 0x7D, 0x01, 0x77, 0xFA, 0x7D, 0x7D, 0x7D, 0x7D, 0x7D,
  0xFA, 0x7D, 0x7D, 0x7D, 0x7D, 0xFA, 0x7D, 0x7D, 0x7D, 0xFE, 0x89, 0x7D, 0x7D, 0x00, 0x00, 0x00,
  0x00, 0x02, 0x00, 0x00, 0x00, 0x7D, 0x03, 0x6B, 0x03, 0xE8, 0x00, 0x03, 0x00, 0x13, 0x00, 0x52,
  0x40, 0x4F, 0x00, 0x08, 0x00, 0x07, 0x02, 0x08, 0x07, 0x65, 0x00, 0x03, 0x00, 0x02, 0x06, 0x03,
  0x02, 0x65, 0x0A, 0x01, 0x01, 0x01, 0x00, 0x5D, 0x00, 0x00, 0x00, 0x49, 0x4B, 0x00, 0x05, 0x05,
  0x04, 0x5D, 0x00, 0x04, 0x04, 0x4C, 0x4B, 0x00, 0x06, 0x06, 0x09, 0x5D, 0x0B, 0x01, 0x09, 0x09,
  0x4A, 0x09, 0x4C, 0x04, 0x04, 0x00, 0x00, 0x04, 0x13, 0x04, 0x13, 0x12, 0x11, 0x10, 0x0F, 0x0E,
  0x0D, 0x0C, 0x0B, 0x0A, 0x09, 0x08, 0x07, 0x06, 0x05, 0x00, 0x03, 0x00, 0x03, 0x11, 0x0C, 0x09,
  0x15, 0x2B, 0x01, 0x35, 0x33, 0x15, 0x01, 0x35, 0x23, 0x11, 0x33, 0x35, 0x21, 0x15, 0x21, 0x11,
  0x21, 0x35, 0x23, 0x35, 0x21, 0x11, 0x01, 0x77, 0xFA, 0xFE, 0x0C, 0x7D, 0x7D, 0x02, 0xEE, 0xFD,
  0x8F, 0x01, 0x77, 0x7D, 0x01, 0x77, 0x03, 0x6B, 0x7D, 0x7D, 0xFD, 0x12, 0x7D, 0x01, 0x77, 0x7D,
  0x7D, 0xFE, 0x89, 0x7D, 0x7D, 0xFE, 0x89, 0x00, 0x00, 0x01, 0x00, 0x00, 0x00, 0x7D, 0x03, 0x6B,
  0x03, 0xE8, 0x00, 0x0B, 0x00, 0x27, 0x40, 0x24, 0x00, 0x01, 0x00, 0x04, 0x03, 0x01, 0x04, 0x65,
  0x02, 0x01, 0x00, 0x00, 0x49, 0x4B, 0x06, 0x05, 0x02, 0x03, 0x03, 0x4A, 0x03, 0x4C, 0x00, 0x00,
  0x00, 0x0B, 0x00, 0x0B, 0x11, 0x11, 0x11, 0x11, 0x11, 0x07, 0x09, 0x19, 0x2B, 0x35, 0x11, 0x33,
  0x11, 0x21, 0x11, 0x33, 0x11, 0x23, 0x11, 0x21, 0x11, 0xFA, 0x01, 0x77, 0xFA, 0xFA, 0xFE, 0x89,
  0x7D, 0x03, 0x6B, 0xFE, 0x89, 0x01, 0x77, 0xFC, 0x95, 0x01, 0x77, 0xFE, 0x89, 0x00, 0x00, 0x00,
  0x00, 0x02, 0x00, 0x00, 0x00, 0x7D, 0x03, 0x6B, 0x03, 0xE8, 0x00, 0x0B, 0x00, 0x0F, 0x00, 0x33,
  0x40, 0x30, 0x00, 0x01, 0x00, 0x07, 0x06, 0x01, 0x07, 0x65, 0x00, 0x06, 0x00, 0x04, 0x03, 0x06,
  0x04, 0x65, 0x02, 0x01, 0x00, 0x00, 0x49, 0x4B, 0x08, 0x05, 0x02, 0x03, 0x03, 0x4A, 0x03, 0x4C,
  0x00, 0x00, 0x0F, 0x0E, 0x0D, 0x0C, 0x00, 0x0B, 0x00, 0x0B, 0x11, 0x11, 0x11, 0x11, 0x11, 0x09,
  0x09, 0x19, 0x2B, 0x35, 0x11, 0x33, 0x15, 0x21, 0x35, 0x33, 0x11, 0x23, 0x11, 0x21, 0x11, 0x11,
  0x21, 0x35, 0x21, 0xFA, 0x01, 0x77, 0xFA, 0xFA, 0xFE, 0x89, 0x01, 0x77, 0xFE, 0x89, 0x7D, 0x03,
  0x6B, 0x7D, 0x7D, 0xFC, 0x95, 0x01, 0x77, 0xFE, 0x89, 0x01, 0xF4, 0x7D, 0x00, 0x02, 0x00, 0x00,
  0x00, 0x7D, 0x03, 0x6B, 0x03, 0xE8, 0x00, 0x0B, 0x00, 0x13, 0x00, 0x75, 0x4B, 0xB0, 0x0A, 0x50,
  0x58, 0x40, 0x28, 0x09, 0x01, 0x07, 0x00, 0x06, 0x08, 0x07, 0x70, 0x00, 0x06, 0x00, 0x04, 0x03,
  0x06, 0x04, 0x65, 0x00, 0x08, 0x08, 0x01, 0x5D, 0x00, 0x01, 0x01, 0x49, 0x4B, 0x02, 0x01, 0x00,
  0x00, 0x03, 0x5D, 0x0A, 0x05, 0x02, 0x03, 0x03, 0x4A, 0x03, 0x4C, 0x1B, 0x40, 0x29, 0x09, 0x01,
  0x07, 0x00, 0x06, 0x00, 0x07, 0x06, 0x7E, 0x00, 0x06, 0x00, 0x04, 0x03, 0x06, 0x04, 0x65, 0x00,
  0x08, 0x08, 0x01, 0x5D, 0x00, 0x01, 0x01, 0x49, 0x4B, 0x02, 0x01, 0x00, 0x00, 0x03, 0x5D, 0x0A,
  0x05, 0x02, 0x03, 0x03, 0x4A, 0x03, 0x4C, 0x59, 0x40, 0x16, 0x00, 0x00, 0x13, 0x12, 0x11, 0x10,
  0x0F, 0x0E, 0x0D, 0x0C, 0x00, 0x0B, 0x00, 0x0B, 0x11, 0x11, 0x11, 0x11, 0x11, 0x0B, 0x09, 0x19,
  0x2B, 0x35, 0x11, 0x33, 0x35, 0x21, 0x15, 0x33, 0x11, 0x23, 0x35, 0x21, 0x15, 0x11, 0x21, 0x35,
  0x23, 0x35, 0x23, 0x15, 0x23, 0xFA, 0x01, 0x77, 0xFA, 0xFA, 0xFE, 0x89, 0x01, 0x77, 0x7D, 0x7D,
  0x7D, 0x7D, 0x02, 0xEE, 0x7D, 0x7D, 0xFD, 0x12, 0xFA, 0xFA, 0x01, 0x77, 0xFA, 0x7D, 0x7D, 0x00,
  0x00, 0x01, 0x00, 0x7D, 0x00, 0x7D, 0x03, 0x6B, 0x03, 0xE8, 0x00, 0x0B, 0x00, 0x29, 0x40, 0x26,
  0x03, 0x01, 0x01, 0x01, 0x02, 0x5D, 0x00, 0x02, 0x02, 0x49, 0x4B, 0x04, 0x01, 0x00, 0x00, 0x05,
  0x5D, 0x06, 0x01, 0x05, 0x05, 0x4A, 0x05, 0x4C, 0x00, 0x00, 0x00, 0x0B, 0x00, 0x0B, 0x11, 0x11,
  0x11, 0x11, 0x11, 0x07, 0x09, 0x19, 0x2B, 0x37, 0x35, 0x33, 0x11, 0x23, 0x35, 0x21, 0x15, 0x23,
  0x11, 0x33, 0x15, 0x7D, 0xFA, 0xFA, 0x02, 0xEE, 0xFA, 0xFA, 0x7D, 0x7D, 0x02, 0x71, 0x7D, 0x7D,
  0xFD, 0x8F, 0x7D, 0x00, 0x00, 0x02, 0x00, 0x00, 0x00, 0x7D, 0x03, 0x6B, 0x03, 0xE8, 0x00, 0x0B,
  0x00, 0x13, 0x00, 0x4A, 0x40, 0x47, 0x04, 0x01, 0x00, 0x0A, 0x01, 0x05, 0x08, 0x00, 0x05, 0x65,
  0x03, 0x01, 0x01, 0x01, 0x02, 0x5D, 0x07, 0x01, 0x02, 0x02, 0x49, 0x4B, 0x00, 0x08, 0x08, 0x02,
  0x5D, 0x07, 0x01, 0x02, 0x02, 0x49, 0x4B, 0x00, 0x06, 0x06, 0x09, 0x5D, 0x0B, 0x01, 0x09, 0x09,
  0x4A, 0x09, 0x4C, 0x0C, 0x0C, 0x00, 0x00, 0x0C, 0x13, 0x0C, 0x13, 0x12, 0x11, 0x10, 0x0F, 0x0E,
  0x0D, 0x00, 0x0B, 0x00, 0x0B, 0x11, 0x11, 0x11, 0x11, 0x11, 0x0C, 0x09, 0x19, 0x2B, 0x11, 0x35,
  0x33, 0x11, 0x23, 0x35, 0x21, 0x15, 0x23, 0x11, 0x33, 0x15, 0x05, 0x35, 0x21, 0x11, 0x33, 0x11,
  0x23, 0x15, 0x7D, 0x7D, 0x01, 0xF4, 0x7D, 0x7D, 0xFE, 0x89, 0x01, 0xF4, 0xFA, 0x7D, 0x01, 0x77,
  0x7D, 0x01, 0x77, 0x7D, 0x7D, 0xFE, 0x89, 0x7D, 0xFA, 0x7D, 0x02, 0xEE, 0xFD, 0x12, 0x7D, 0x00,
  0x00, 0x02, 0x00, 0x7D, 0x00, 0x7D, 0x03, 0x6B, 0x03, 0xE8, 0x00, 0x03, 0x00, 0x13, 0x00, 0x40,
  0x40, 0x3D, 0x00, 0x08, 0x00, 0x07, 0x00, 0x08, 0x07, 0x7E, 0x00, 0x00, 0x00, 0x01, 0x5D, 0x00,
  0x01, 0x01, 0x49, 0x4B, 0x06, 0x01, 0x02, 0x02, 0x07, 0x5D, 0x0A, 0x09, 0x02, 0x07, 0x07, 0x4C,
  0x4B, 0x05, 0x01, 0x03, 0x03, 0x04, 0x5E, 0x00, 0x04, 0x04, 0x4A, 0x04, 0x4C, 0x04, 0x04, 0x04,
  0x13, 0x04, 0x13, 0x11, 0x11, 0x11, 0x11, 0x11, 0x11, 0x12, 0x11, 0x10, 0x0B, 0x09, 0x1D, 0x2B,
  0x01, 0x23, 0x35, 0x33, 0x17, 0x15, 0x23, 0x11, 0x33, 0x15, 0x21, 0x35, 0x33, 0x11, 0x23, 0x35,
  0x33, 0x35, 0x33, 0x15, 0x02, 0x71, 0x7D, 0x7D, 0xFA, 0xFA, 0xFA, 0xFD, 0x12, 0xFA, 0xFA, 0xFA,
  0x7D, 0x03, 0x6B, 0x7D, 0xFA, 0x7D, 0xFE, 0x89, 0x7D, 0x7D, 0x01, 0x77, 0x7D, 0x7D, 0x7D, 0x00,
  0x00, 0x03, 0x00, 0x7D, 0x00, 0x7D, 0x03, 0x6B, 0x03, 0xE8, 0x00, 0x03, 0x00, 0x07, 0x00, 0x17,
  0x00, 0x53, 0x40, 0x50, 0x00, 0x0A, 0x00, 0x09, 0x00, 0x0A, 0x09, 0x7E, 0x02, 0x01, 0x00, 0x00,
  0x01, 0x5D, 0x03, 0x0C, 0x02, 0x01, 0x01, 0x49, 0x4B, 0x08, 0x01, 0x04, 0x04, 0x09, 0x5D, 0x0D,
  0x0B, 0x02, 0x09, 0x09, 0x4C, 0x4B, 0x07, 0x01, 0x05, 0x05, 0x06, 0x5E, 0x00, 0x06, 0x06, 0x4A,
  0x06, 0x4C, 0x08, 0x08, 0x00, 0x00, 0x08, 0x17, 0x08, 0x17, 0x16, 0x15, 0x14, 0x13, 0x12, 0x11,
  0x10, 0x0F, 0x0E, 0x0D, 0x0C, 0x0B, 0x0A, 0x09, 0x07, 0x06, 0x05, 0x04, 0x00, 0x03, 0x00, 0x03,
  0x11, 0x0E, 0x09, 0x15, 0x2B, 0x01, 0x15, 0x23, 0x35, 0x05, 0x23, 0x35, 0x33, 0x17, 0x15, 0x23,
  0x11, 0x33, 0x15, 0x21, 0x35, 0x33, 0x11, 0x23, 0x35, 0x33, 0x35, 0x33, 0x15, 0x01, 0x77, 0x7D,
  0x01, 0xF4, 0x7D, 0x7D, 0x7D, 0xFA, 0xFA, 0xFD, 0x12, 0xFA, 0xFA, 0xFA, 0xFA, 0x03, 0xE8, 0x7D,
  0x7D, 0x7D, 0x7D, 0xFA, 0x7D, 0xFE, 0x89, 0x7D, 0x7D, 0x01, 0x77, 0x7D, 0x7D, 0x7D, 0x00, 0x00,
  0x00, 0x01, 0x00, 0x7D, 0x00, 0x7D, 0x03, 0x6B, 0x03, 0xE8, 0x00, 0x13, 0x00, 0x6D, 0x4B, 0xB0,
  0x0A, 0x50, 0x58, 0x40, 0x26, 0x05, 0x01, 0x03, 0x04, 0x02, 0x02, 0x03, 0x70, 0x00, 0x04, 0x04,
  0x49, 0x4B, 0x07, 0x01, 0x01, 0x01, 0x02, 0x5D, 0x06, 0x01, 0x02, 0x02, 0x4C, 0x4B, 0x08, 0x01,
  0x00, 0x00, 0x09, 0x5E, 0x0A, 0x01, 0x09, 0x09, 0x4A, 0x09, 0x4C, 0x1B, 0x40, 0x27, 0x05, 0x01,
  0x03, 0x04, 0x02, 0x04, 0x03, 0x02, 0x7E, 0x00, 0x04, 0x04, 0x49, 0x4B, 0x07, 0x01, 0x01, 0x01,
  0x02, 0x5D, 0x06, 0x01, 0x02, 0x02, 0x4C, 0x4B, 0x08, 0x01, 0x00, 0x00, 0x09, 0x5E, 0x0A, 0x01,
  0x09, 0x09, 0x4A, 0x09, 0x4C, 0x59, 0x40, 0x12, 0x00, 0x00, 0x00, 0x13, 0x00, 0x13, 0x11, 0x11,
  0x11, 0x11, 0x11, 0x11, 0x11, 0x11, 0x11, 0x0B, 0x09, 0x1D, 0x2B, 0x37, 0x35, 0x33, 0x11, 0x23,
  0x35, 0x33, 0x35, 0x33, 0x35, 0x33, 0x15, 0x33, 0x15, 0x33, 0x15, 0x23, 0x11, 0x33, 0x15, 0x7D,
  0xFA, 0xFA, 0x7D, 0x7D, 0xFA, 0x7D, 0x7D, 0xFA, 0xFA, 0x7D, 0x7D, 0x01, 0x77, 0x7D, 0x7D, 0x7D,
  0x7D, 0x7D, 0x7D, 0xFE, 0x89, 0x7D, 0x00, 0x00, 0x00, 0x03, 0x00, 0x7D, 0x00, 0x7D, 0x03, 0x6B,
  0x03, 0xE8, 0x00, 0x03, 0x00, 0x07, 0x00, 0x13, 0x00, 0x4B, 0x40, 0x48, 0x0B, 0x03, 0x0A, 0x03,
  0x01, 0x01, 0x00, 0x5D, 0x02, 0x01, 0x00, 0x00, 0x49, 0x4B, 0x07, 0x01, 0x05, 0x05, 0x06, 0x5D,
  0x00, 0x06, 0x06, 0x4C, 0x4B, 0x08, 0x01, 0x04, 0x04, 0x09, 0x5D, 0x0C, 0x01, 0x09, 0x09, 0x4A,
  0x09, 0x4C, 0x08, 0x08, 0x04, 0x04, 0x00, 0x00, 0x08, 0x13, 0x08, 0x13, 0x12, 0x11, 0x10, 0x0F,
  0x0E, 0x0D, 0x0C, 0x0B, 0x0A, 0x09, 0x04, 0x07, 0x04, 0x07, 0x06, 0x05, 0x00, 0x03, 0x00, 0x03,
  0x11, 0x0D, 0x09, 0x15, 0x2B, 0x13, 0x35, 0x33, 0x15, 0x33, 0x35, 0x33, 0x15, 0x01, 0x35, 0x33,
  0x11, 0x23, 0x35, 0x21, 0x15, 0x23, 0x11, 0x33, 0x15, 0x7D, 0xFA, 0xFA, 0xFA, 0xFD, 0x12, 0xFA,
  0xFA, 0x02, 0xEE, 0xFA, 0xFA, 0x03, 0x6B, 0x7D, 0x7D, 0x7D, 0x7D, 0xFD, 0x12, 0x7D, 0x01, 0x77,
  0x7D, 0x7D, 0xFE, 0x89, 0x7D, 0x00, 0x00, 0x00, 0x00, 0x02, 0x00, 0x7D, 0x00, 0x7D, 0x03, 0x6B,
  0x03, 0xE8, 0x00, 0x03, 0x00, 0x0F, 0x00, 0x40, 0x40, 0x3D, 0x08, 0x01, 0x01, 0x01, 0x00, 0x5D,
  0x00, 0x00, 0x00, 0x49, 0x4B, 0x05, 0x01, 0x03, 0x03, 0x04, 0x5D, 0x00, 0x04, 0x04, 0x4C, 0x4B,
  0x06, 0x01, 0x02, 0x02, 0x07, 0x5D, 0x09, 0x01, 0x07, 0x07, 0x4A, 0x07, 0x4C, 0x04, 0x04, 0x00,
  0x00, 0x04, 0x0F, 0x04, 0x0F, 0x0E, 0x0D, 0x0C, 0x0B, 0x0A, 0x09, 0x08, 0x07, 0x06, 0x05, 0x00,
  0x03, 0x00, 0x03, 0x11, 0x0A, 0x09, 0x15, 0x2B, 0x01, 0x35, 0x33, 0x15, 0x01, 0x35, 0x33, 0x11,
  0x23, 0x35, 0x21, 0x15, 0x23, 0x11, 0x33, 0x15, 0x01, 0x77, 0xFA, 0xFE, 0x0C, 0xFA, 0xFA, 0x02,
  0xEE, 0xFA, 0xFA, 0x03, 0x6B, 0x7D, 0x7D, 0xFD, 0x12, 0x7D, 0x01, 0x77, 0x7D, 0x7D, 0xFE, 0x89,
  0x7D, 0x00, 0x00, 0x00, 0x00, 0x02, 0x00, 0x7D, 0x00, 0x7D, 0x03, 0x6B, 0x03, 0xE8, 0x00, 0x03,
  0x00, 0x13, 0x00, 0x4D, 0x40, 0x4A, 0x00, 0x08, 0x00, 0x07, 0x00, 0x08, 0x07, 0x7E, 0x00, 0x00,
  0x00, 0x01, 0x5D, 0x0A, 0x01, 0x01, 0x01, 0x49, 0x4B, 0x06, 0x01, 0x02, 0x02, 0x07, 0x5D, 0x0B,
  0x09, 0x02, 0x07, 0x07, 0x4C, 0x4B, 0x05, 0x01, 0x03, 0x03, 0x04, 0x5E, 0x00, 0x04, 0x04, 0x4A,
  0x04, 0x4C, 0x04, 0x04, 0x00, 0x00, 0x04, 0x13, 0x04, 0x13, 0x12, 0x11, 0x10, 0x0F, 0x0E, 0x0D,
  0x0C, 0x0B, 0x0A, 0x09, 0x08, 0x07, 0x06, 0x05, 0x00, 0x03, 0x00, 0x03, 0x11, 0x0C, 0x09, 0x15,
  0x2B, 0x01, 0x15, 0x23, 0x35, 0x05, 0x15, 0x23, 0x11, 0x33, 0x15, 0x21, 0x35, 0x33, 0x11, 0x23,
  0x35, 0x21, 0x35, 0x33, 0x15, 0x01, 0xF4, 0x7D, 0x01, 0xF4, 0xFA, 0xFA, 0xFD, 0x12, 0xFA, 0xFA,
  0x01, 0x77, 0x7D, 0x03, 0xE8, 0x7D, 0x7D, 0xFA, 0x7D, 0xFE, 0x89, 0x7D, 0x7D, 0x01, 0x77, 0x7D,
  0x7D, 0x7D, 0x00, 0x00, 0x00, 0x02, 0x00, 0x7D, 0x00, 0x7D, 0x03, 0x6B, 0x03, 0xE8, 0x00, 0x03,
  0x00, 0x0F, 0x00, 0x40, 0x40, 0x3D, 0x08, 0x01, 0x01, 0x01, 0x00, 0x5D, 0x00, 0x00, 0x00, 0x49,
  0x4B, 0x05, 0x01, 0x03, 0x03, 0x04, 0x5D, 0x00, 0x04, 0x04, 0x4C, 0x4B, 0x06, 0x01, 0x02, 0x02,
  0x07, 0x5D, 0x09, 0x01, 0x07, 0x07, 0x4A, 0x07, 0x4C, 0x04, 0x04, 0x00, 0x00, 0x04, 0x0F, 0x04,
  0x0F, 0x0E, 0x0D, 0x0C, 0x0B, 0x0A, 0x09, 0x08, 0x07, 0x06, 0x05, 0x00, 0x03, 0x00, 0x03, 0x11,
  0x0A, 0x09, 0x15, 0x2B, 0x13, 0x35, 0x21, 0x15, 0x01, 0x35, 0x33, 0x11, 0x23, 0x35, 0x21, 0x15,
  0x23, 0x11, 0x33, 0x15, 0x7D, 0x02, 0xEE, 0xFD, 0x12, 0xFA, 0xFA, 0x02, 0xEE, 0xFA, 0xFA, 0x03,
  0x6B, 0x7D, 0x7D, 0xFD, 0x12, 0x7D, 0x01, 0x77, 0x7D, 0x7D, 0xFE, 0x89, 0x7D, 0x00, 0x00, 0x00,
  0x00, 0x03, 0x00, 0x7D, 0x00, 0x00, 0x03, 0x6B, 0x03, 0xE8, 0x00, 0x0F, 0x00, 0x13, 0x00, 0x17,
  0x00, 0x53, 0x40, 0x50, 0x00, 0x03, 0x02, 0x08, 0x02, 0x03, 0x08, 0x7E, 0x05, 0x01, 0x01, 0x04,
  0x01, 0x02, 0x03, 0x01, 0x02, 0x65, 0x06, 0x01, 0x00, 0x00, 0x07, 0x5D, 0x0C, 0x01, 0x07, 0x07,
  0x49, 0x4B, 0x00, 0x08, 0x08, 0x09, 0x5D, 0x00, 0x09, 0x09, 0x4A, 0x4B, 0x00, 0x0A, 0x0A, 0x0B,
  0x5D, 0x0D, 0x01, 0x0B, 0x0B, 0x4E, 0x0B, 0x4C, 0x14, 0x14, 0x00, 0x00, 0x14, 0x17, 0x14, 0x17,
  0x16, 0x15, 0x13, 0x12, 0x11, 0x10, 0x00, 0x0F, 0x00, 0x0F, 0x11, 0x11, 0x11, 0x11, 0x11, 0x11,
  0x11, 0x0E, 0x09, 0x1B, 0x2B, 0x01, 0x15, 0x23, 0x11, 0x33, 0x15, 0x21, 0x15, 0x23, 0x35, 0x23,
  0x35, 0x33, 0x11, 0x23, 0x35, 0x13, 0x33, 0x15, 0x23, 0x17, 0x35, 0x33, 0x15, 0x03, 0x6B, 0xFA,
  0xFA, 0xFE, 0x89, 0x7D, 0xFA, 0xFA, 0xFA, 0x7D, 0x7D, 0x7D, 0x7D, 0xFA, 0x03, 0xE8, 0x7D, 0xFE,
  0x89, 0x7D, 0x7D, 0x7D, 0x7D, 0x01, 0x77, 0x7D, 0xFD, 0x12, 0x7D, 0x7D, 0x7D, 0x7D, 0x00, 0x00,
  0x00, 0x03, 0x00, 0x7D, 0x00, 0x7D, 0x03, 0x6B, 0x03, 0xE8, 0x00, 0x03, 0x00, 0x07, 0x00, 0x19,
  0x00, 0x87, 0x4B, 0xB0, 0x0A, 0x50, 0x58, 0x40, 0x2D, 0x0B, 0x01, 0x04, 0x00, 0x05, 0x05, 0x04,
  0x70, 0x02, 0x01, 0x00, 0x00, 0x01, 0x5D, 0x0D, 0x03, 0x02, 0x01, 0x01, 0x49, 0x4B, 0x0A, 0x01,
  0x06, 0x06, 0x05, 0x5D, 0x0C, 0x01, 0x05, 0x05, 0x4C, 0x4B, 0x09, 0x01, 0x07, 0x07, 0x08, 0x5D,
  0x00, 0x08, 0x08, 0x4A, 0x08, 0x4C, 0x1B, 0x40, 0x2E, 0x0B, 0x01, 0x04, 0x00, 0x05, 0x00, 0x04,
  0x05, 0x7E, 0x02, 0x01, 0x00, 0x00, 0x01, 0x5D, 0x0D, 0x03, 0x02, 0x01, 0x01, 0x49, 0x4B, 0x0A,
  0x01, 0x06, 0x06, 0x05, 0x5D, 0x0C, 0x01, 0x05, 0x05, 0x4C, 0x4B, 0x09, 0x01, 0x07, 0x07, 0x08,
  0x5D, 0x00, 0x08, 0x08, 0x4A, 0x08, 0x4C, 0x59, 0x40, 0x1E, 0x04, 0x04, 0x19, 0x18, 0x17, 0x16,
  0x15, 0x14, 0x13, 0x12, 0x11, 0x10, 0x0F, 0x0E, 0x0D, 0x0C, 0x0B, 0x0A, 0x09, 0x08, 0x04, 0x07,
  0x04, 0x07, 0x12, 0x11, 0x10, 0x0E, 0x09, 0x17, 0x2B, 0x01, 0x23, 0x35, 0x33, 0x21, 0x15, 0x23,
  0x35, 0x07, 0x33, 0x15, 0x33, 0x15, 0x23, 0x11, 0x33, 0x15, 0x21, 0x35, 0x33, 0x11, 0x23, 0x35,
  0x33, 0x15, 0x33, 0x01, 0xF4, 0xFA, 0xFA, 0x01, 0x77, 0x7D, 0xFA, 0xFA, 0x7D, 0xFA, 0xFA, 0xFD,
  0x12, 0xFA, 0xFA, 0x7D, 0xFA, 0x03, 0x6B, 0x7D, 0x7D, 0x7D, 0x7D, 0x7D, 0x7D, 0xFE, 0x89, 0x7D,
  0x7D, 0x01, 0x77, 0xFA, 0x7D, 0x00, 0x00, 0x00, 0x00, 0x01, 0x00, 0x00, 0x00, 0x7D, 0x03, 0x6B,
  0x03, 0xE8, 0x00, 0x0B, 0x00, 0x2E, 0x40, 0x2B, 0x00, 0x01, 0x00, 0x00, 0x01, 0x55, 0x04, 0x01,
  0x00, 0x00, 0x03, 0x5D, 0x00, 0x03, 0x03, 0x49, 0x4B, 0x00, 0x02, 0x02, 0x05, 0x5D, 0x06, 0x01,
  0x05, 0x05, 0x4A, 0x05, 0x4C, 0x00, 0x00, 0x00, 0x0B, 0x00, 0x0B, 0x11, 0x11, 0x11, 0x11, 0x11,
  0x07, 0x09, 0x19, 0x2B, 0x37, 0x35, 0x23, 0x35, 0x33, 0x15, 0x21, 0x11, 0x33, 0x11, 0x23, 0x15,
  0x7D, 0x7D, 0xFA, 0x01, 0x77, 0xFA, 0x7D, 0x7D, 0x7D, 0x7D, 0x7D, 0x02, 0xEE, 0xFD, 0x12, 0x7D,
  0x00, 0x01, 0x00, 0x00, 0x00, 0x7D, 0x03, 0x6B, 0x03, 0xE8, 0x00, 0x13, 0x00, 0x3D, 0x40, 0x3A,
  0x07, 0x01, 0x05, 0x00, 0x04, 0x01, 0x05, 0x04, 0x65, 0x00, 0x01, 0x08, 0x01, 0x00, 0x02, 0x01,
  0x00, 0x65, 0x00, 0x03, 0x03, 0x06, 0x5D, 0x00, 0x06, 0x06, 0x49, 0x4B, 0x00, 0x02, 0x02, 0x09,
  0x5D, 0x0A, 0x01, 0x09, 0x09, 0x4A, 0x09, 0x4C, 0x00, 0x00, 0x00, 0x13, 0x00, 0x13, 0x11, 0x11,
  0x11, 0x11, 0x11, 0x11, 0x11, 0x11, 0x11, 0x0B, 0x09, 0x1D, 0x2B, 0x37, 0x35, 0x23, 0x35, 0x33,
  0x15, 0x21, 0x11, 0x23, 0x15, 0x23, 0x35, 0x33, 0x35, 0x21, 0x15, 0x33, 0x11, 0x23, 0x15, 0x7D,
  0x7D, 0xFA, 0x01, 0x77, 0x7D, 0xFA, 0x7D, 0x01, 0x77, 0x7D, 0x7D, 0x7D, 0x7D, 0x7D, 0x7D, 0x02,
  0x71, 0x7D, 0x7D, 0x7D, 0x7D, 0xFD, 0x8F, 0x7D, 0x00, 0x01, 0x00, 0x00, 0x00, 0x7D, 0x03, 0x6B,
  0x03, 0xE8, 0x00, 0x1D, 0x00, 0xBC, 0x4B, 0xB0, 0x0A, 0x50, 0x58, 0x40, 0x48, 0x00, 0x06, 0x03,
  0x02, 0x05, 0x06, 0x70, 0x00, 0x08, 0x01, 0x0D, 0x01, 0x08, 0x0D, 0x7E, 0x00, 0x09, 0x0D, 0x0C,
  0x0A, 0x09, 0x70, 0x00, 0x03, 0x00, 0x07, 0x01, 0x03, 0x07, 0x65, 0x00, 0x01, 0x00, 0x0D, 0x09,
  0x01, 0x0D, 0x65, 0x00, 0x05, 0x05, 0x00, 0x5D, 0x04, 0x01, 0x00, 0x00, 0x49, 0x4B, 0x00, 0x0C,
  0x0C, 0x02, 0x5D, 0x00, 0x02, 0x02, 0x4C, 0x4B, 0x00, 0x0A, 0x0A, 0x0B, 0x5E, 0x0F, 0x0E, 0x02,
  0x0B, 0x0B, 0x4A, 0x0B, 0x4C, 0x1B, 0x40, 0x4A, 0x00, 0x06, 0x03, 0x02, 0x03, 0x06, 0x02, 0x7E,
  0x00, 0x08, 0x01, 0x0D, 0x01, 0x08, 0x0D, 0x7E, 0x00, 0x09, 0x0D, 0x0C, 0x0D, 0x09, 0x0C, 0x7E,
  0x00, 0x03, 0x00, 0x07, 0x01, 0x03, 0x07, 0x65, 0x00, 0x01, 0x00, 0x0D, 0x09, 0x01, 0x0D, 0x65,
  0x00, 0x05, 0x05, 0x00, 0x5D, 0x04, 0x01, 0x00, 0x00, 0x49, 0x4B, 0x00, 0x0C, 0x0C, 0x02, 0x5D,
  0x00, 0x02, 0x02, 0x4C, 0x4B, 0x00, 0x0A, 0x0A, 0x0B, 0x5E, 0x0F, 0x0E, 0x02, 0x0B, 0x0B, 0x4A,
  0x0B, 0x4C, 0x59, 0x40, 0x1C, 0x00, 0x00, 0x00, 0x1D, 0x00, 0x1D, 0x1C, 0x1B, 0x1A, 0x19, 0x18,
  0x17, 0x16, 0x15, 0x14, 0x13, 0x11, 0x11, 0x11, 0x11, 0x11, 0x11, 0x11, 0x11, 0x11, 0x10, 0x09,
  0x1D, 0x2B, 0x35, 0x11, 0x33, 0x11, 0x33, 0x35, 0x33, 0x35, 0x33, 0x35, 0x33, 0x15, 0x23, 0x15,
  0x23, 0x15, 0x23, 0x15, 0x33, 0x15, 0x33, 0x15, 0x33, 0x15, 0x21, 0x35, 0x23, 0x35, 0x23, 0x15,
  0xFA, 0x7D, 0x7D, 0x7D, 0xFA, 0x7D, 0x7D, 0x7D, 0x7D, 0x7D, 0x7D, 0xFE, 0x89, 0x7D, 0x7D, 0x7D,
  0x03, 0x6B, 0xFE, 0x89, 0x7D, 0x7D, 0x7D, 0x7D, 0x7D, 0x7D, 0x7D, 0x7D, 0x7D, 0x7D, 0x7D, 0x7D,
  0xFA, 0x00, 0x00, 0x00, 0x00, 0x02, 0x00, 0x00, 0x00, 0x00, 0x03, 0x6B, 0x03, 0xE8, 0x00, 0x1B,
  0x00, 0x21, 0x00, 0xD4, 0x4B, 0xB0, 0x0A, 0x50, 0x58, 0x40, 0x52, 0x00, 0x07, 0x04, 0x03, 0x06,
  0x07, 0x70, 0x00, 0x08, 0x03, 0x10, 0x03, 0x08, 0x10, 0x7E, 0x00, 0x09, 0x10, 0x0F, 0x0A, 0x09,
  0x70, 0x00, 0x04, 0x00, 0x0F, 0x0A, 0x04, 0x0F, 0x65, 0x00, 0x0A, 0x0B, 0x01, 0x01, 0x0E, 0x0A,
  0x01, 0x66, 0x00, 0x06, 0x06, 0x02, 0x5D, 0x05, 0x01, 0x02, 0x02, 0x49, 0x4B, 0x00, 0x10, 0x10,
  0x03, 0x5D, 0x00, 0x03, 0x03, 0x4C, 0x4B, 0x00, 0x0E, 0x0E, 0x0C, 0x5D, 0x00, 0x0C, 0x0C, 0x4A,
  0x4B, 0x00, 0x00, 0x00, 0x0D, 0x5D, 0x11, 0x01, 0x0D, 0x0D, 0x4E, 0x0D, 0x4C, 0x1B, 0x40, 0x54,
  0x00, 0x07, 0x04, 0x03, 0x04, 0x07, 0x03, 0x7E, 0x00, 0x08, 0x03, 0x10, 0x03, 0x08, 0x10, 0x7E,
  0x00, 0x09, 0x10, 0x0F, 0x10, 0x09, 0x0F, 0x7E, 0x00, 0x04, 0x00, 0x0F, 0x0A, 0x04, 0x0F, 0x65,
  0x00, 0x0A, 0x0B, 0x01, 0x01, 0x0E, 0x0A, 0x01, 0x66, 0x00, 0x06, 0x06, 0x02, 0x5D, 0x05, 0x01,
  0x02, 0x02, 0x49, 0x4B, 0x00, 0x10, 0x10, 0x03, 0x5D, 0x00, 0x03, 0x03, 0x4C, 0x4B, 0x00, 0x0E,
  0x0E, 0x0C, 0x5D, 0x00, 0x0C, 0x0C, 0x4A, 0x4B, 0x00, 0x00, 0x00, 0x0D, 0x5D, 0x11, 0x01, 0x0D,
  0x0D, 0x4E, 0x0D, 0x4C, 0x59, 0x40, 0x20, 0x00, 0x00, 0x21, 0x20, 0x1F, 0x1E, 0x1D, 0x1C, 0x00,
  0x1B, 0x00, 0x1B, 0x1A, 0x19, 0x18, 0x17, 0x16, 0x15, 0x14, 0x13, 0x11, 0x11, 0x11, 0x11, 0x11,
  0x11, 0x11, 0x11, 0x11, 0x12, 0x09, 0x1D, 0x2B, 0x33, 0x35, 0x33, 0x35, 0x23, 0x11, 0x33, 0x15,
  0x33, 0x35, 0x33, 0x35, 0x33, 0x15, 0x23, 0x15, 0x23, 0x15, 0x33, 0x15, 0x33, 0x15, 0x33, 0x15,
  0x21, 0x15, 0x23, 0x15, 0x27, 0x33, 0x35, 0x23, 0x35, 0x23, 0x7D, 0x7D, 0xFA, 0xFA, 0x7D, 0x7D,
  0xFA, 0x7D, 0x7D, 0x7D, 0x7D, 0x7D, 0xFE, 0x89, 0x7D, 0x7D, 0xFA, 0x7D, 0x7D, 0x7D, 0x7D, 0x02,
  0xEE, 0xFA, 0x7D, 0x7D, 0x7D, 0x7D, 0x7D, 0x7D, 0x7D, 0x7D, 0x7D, 0x7D, 0xFA, 0x7D, 0x7D, 0x00,
  0x00, 0x01, 0x00, 0x7D, 0x00, 0x7D, 0x03, 0x6B, 0x03, 0xE8, 0x00, 0x05, 0x00, 0x1F, 0x40, 0x1C,
  0x00, 0x00, 0x00, 0x49, 0x4B, 0x00, 0x01, 0x01, 0x02, 0x5E, 0x03, 0x01, 0x02, 0x02, 0x4A, 0x02,
  0x4C, 0x00, 0x00, 0x00, 0x05, 0x00, 0x05, 0x11, 0x11, 0x04, 0x09, 0x16, 0x2B, 0x37, 0x11, 0x33,
  0x11, 0x21, 0x15, 0x7D, 0xFA, 0x01, 0xF4, 0x7D, 0x03, 0x6B, 0xFD, 0x12, 0x7D, 0x00, 0x00, 0x00,
  0x00, 0x02, 0x00, 0x7D, 0x00, 0x7D, 0x03, 0x6B, 0x03, 0xE8, 0x00, 0x03, 0x00, 0x0B, 0x00, 0x2F,
  0x40, 0x2C, 0x00, 0x03, 0x00, 0x04, 0x05, 0x03, 0x04, 0x65, 0x00, 0x00, 0x00, 0x01, 0x5D, 0x00,
  0x01, 0x01, 0x49, 0x4B, 0x06, 0x01, 0x05, 0x05, 0x02, 0x5D, 0x00, 0x02, 0x02, 0x4A, 0x02, 0x4C,
  0x04, 0x04, 0x04, 0x0B, 0x04, 0x0B, 0x11, 0x11, 0x12, 0x11, 0x10, 0x07, 0x09, 0x19, 0x2B, 0x01,
  0x23, 0x35, 0x33, 0x13, 0x15, 0x21, 0x11, 0x21, 0x15, 0x23, 0x11, 0x02, 0x71, 0x7D, 0x7D, 0xFA,
  0xFD, 0x12, 0x01, 0x77, 0x7D, 0x03, 0x6B, 0x7D, 0xFD, 0x12, 0x7D, 0x02, 0xEE, 0x7D, 0xFE, 0x0C,
  0x00, 0x02, 0x00, 0x7D, 0x00, 0x7D, 0x03, 0x6B, 0x03, 0xE8, 0x00, 0x05, 0x00, 0x0B, 0x00, 0x62,
  0x4B, 0xB0, 0x0A, 0x50, 0x58, 0x40, 0x1F, 0x07, 0x01, 0x05, 0x04, 0x01, 0x04, 0x05, 0x70, 0x00,
  0x04, 0x04, 0x00, 0x5D, 0x03, 0x01, 0x00, 0x00, 0x49, 0x4B, 0x00, 0x01, 0x01, 0x02, 0x5E, 0x06,
  0x01, 0x02, 0x02, 0x4A, 0x02, 0x4C, 0x1B, 0x40, 0x20, 0x07, 0x01, 0x05, 0x04, 0x01, 0x04, 0x05,
  0x01, 0x7E, 0x00, 0x04, 0x04, 0x00, 0x5D, 0x03, 0x01, 0x00, 0x00, 0x49, 0x4B, 0x00, 0x01, 0x01,
  0x02, 0x5E, 0x06, 0x01, 0x02, 0x02, 0x4A, 0x02, 0x4C, 0x59, 0x40, 0x15, 0x06, 0x06, 0x00, 0x00,
  0x06, 0x0B, 0x06, 0x0B, 0x0A, 0x09, 0x08, 0x07, 0x00, 0x05, 0x00, 0x05, 0x11, 0x11, 0x08, 0x09,
  0x16, 0x2B, 0x37, 0x11, 0x33, 0x11, 0x21, 0x15, 0x03, 0x11, 0x33, 0x15, 0x23, 0x15, 0x7D, 0xFA,
  0x01, 0xF4, 0xFA, 0xFA, 0x7D, 0x7D, 0x03, 0x6B, 0xFD, 0x12, 0x7D, 0x01, 0xF4, 0x01, 0x77, 0xFA,
  0x7D, 0x00, 0x00, 0x00, 0x00, 0x01, 0x00, 0x7D, 0x00, 0x00, 0x03, 0x6B, 0x03, 0xE8, 0x00, 0x0D,
  0x00, 0x34, 0x40, 0x31, 0x00, 0x03, 0x01, 0x01, 0x03, 0x55, 0x04, 0x01, 0x01, 0x01, 0x02, 0x5D,
  0x00, 0x02, 0x02, 0x49, 0x4B, 0x00, 0x05, 0x05, 0x4A, 0x4B, 0x00, 0x00, 0x00, 0x06, 0x5D, 0x07,
  0x01, 0x06, 0x06, 0x4E, 0x06, 0x4C, 0x00, 0x00, 0x00, 0x0D, 0x00, 0x0D, 0x11, 0x11, 0x11, 0x11,
  0x11, 0x11, 0x08, 0x09, 0x1A, 0x2B, 0x33, 0x35, 0x33, 0x35, 0x23, 0x11, 0x33, 0x11, 0x21, 0x15,
  0x23, 0x15, 0x23, 0x15, 0xFA, 0x7D, 0xFA, 0xFA, 0x01, 0xF4, 0xFA, 0x7D, 0x7D, 0x7D, 0x02, 0xEE,
  0xFD, 0x8F, 0x7D, 0x7D, 0x7D, 0x00, 0x00, 0x00, 0x00, 0x02, 0x00, 0x7D, 0x00, 0x7D, 0x03, 0x6B,
  0x03, 0xE8, 0x00, 0x05, 0x00, 0x09, 0x00, 0x32, 0x40, 0x2F, 0x00, 0x00, 0x00, 0x49, 0x4B, 0x06,
  0x01, 0x04, 0x04, 0x03, 0x5D, 0x00, 0x03, 0x03, 0x4C, 0x4B, 0x00, 0x01, 0x01, 0x02, 0x5E, 0x05,
  0x01, 0x02, 0x02, 0x4A, 0x02, 0x4C, 0x06, 0x06, 0x00, 0x00, 0x06, 0x09, 0x06, 0x09, 0x08, 0x07,
  0x00, 0x05, 0x00, 0x05, 0x11, 0x11, 0x07, 0x09, 0x16, 0x2B, 0x37, 0x11, 0x33, 0x11, 0x21, 0x15,
  0x01, 0x35, 0x33, 0x15, 0x7D, 0xFA, 0x01, 0xF4, 0xFE, 0x89, 0xFA, 0x7D, 0x03, 0x6B, 0xFD, 0x12,
  0x7D, 0x01, 0x77, 0xFA, 0xFA, 0x00, 0x00, 0x00, 0x00, 0x01, 0x00, 0x00, 0x00, 0x7D, 0x03, 0x6B,
  0x03, 0xE8, 0x00, 0x0D, 0x00, 0x35, 0x40, 0x32, 0x00, 0x01, 0x00, 0x00, 0x05, 0x01, 0x00, 0x65,
  0x00, 0x02, 0x02, 0x49, 0x4B, 0x00, 0x04, 0x04, 0x03, 0x5D, 0x00, 0x03, 0x03, 0x4C, 0x4B, 0x00,
  0x05, 0x05, 0x06, 0x5E, 0x07, 0x01, 0x06, 0x06, 0x4A, 0x06, 0x4C, 0x00, 0x00, 0x00, 0x0D, 0x00,
  0x0D, 0x11, 0x11, 0x11, 0x11, 0x11, 0x11, 0x08, 0x09, 0x1A, 0x2B, 0x37, 0x11, 0x23, 0x35, 0x33,
  0x11, 0x33, 0x15, 0x33, 0x15, 0x23, 0x11, 0x21, 0x15, 0x7D, 0x7D, 0x7D, 0xFA, 0x7D, 0x7D, 0x01,
  0xF4, 0x7D, 0x01, 0x77, 0x7D, 0x01, 0x77, 0xFA, 0x7D, 0xFE, 0x89, 0x7D, 0x00, 0x01, 0x00, 0x00,
  0x00, 0x7D, 0x03, 0x6B, 0x03, 0xE8, 0x00, 0x13, 0x00, 0x37, 0x40, 0x34, 0x03, 0x01, 0x01, 0x08,
  0x01, 0x06, 0x07, 0x01, 0x06, 0x65, 0x04, 0x01, 0x00, 0x00, 0x49, 0x4B, 0x00, 0x07, 0x07, 0x02,
  0x5D, 0x00, 0x02, 0x02, 0x4C, 0x4B, 0x0A, 0x09, 0x02, 0x05, 0x05, 0x4A, 0x05, 0x4C, 0x00, 0x00,
  0x00, 0x13, 0x00, 0x13, 0x11, 0x11, 0x11, 0x11, 0x11, 0x11, 0x11, 0x11, 0x11, 0x0B, 0x09, 0x1D,
  0x2B, 0x35, 0x11, 0x33, 0x15, 0x33, 0x15, 0x33, 0x35, 0x33, 0x35, 0x33, 0x11, 0x23, 0x11, 0x23,
  0x15, 0x23, 0x35, 0x23, 0x11, 0xFA, 0x7D, 0x7D, 0x7D, 0xFA, 0xFA, 0x7D, 0x7D, 0x7D, 0x7D, 0x03,
  0x6B, 0x7D, 0x7D, 0x7D, 0x7D, 0xFC, 0x95, 0x01, 0xF4, 0xFA, 0xFA, 0xFE, 0x0C, 0x00, 0x00, 0x00,
  0x00, 0x01, 0x00, 0x00, 0x00, 0x7D, 0x03, 0x6B, 0x03, 0xE8, 0x00, 0x13, 0x00, 0x3D, 0x40, 0x3A,
  0x00, 0x01, 0x00, 0x08, 0x03, 0x01, 0x08, 0x65, 0x00, 0x03, 0x00, 0x06, 0x05, 0x03, 0x06, 0x65,
  0x04, 0x01, 0x00, 0x00, 0x49, 0x4B, 0x00, 0x07, 0x07, 0x02, 0x5D, 0x00, 0x02, 0x02, 0x4C, 0x4B,
  0x0A, 0x09, 0x02, 0x05, 0x05, 0x4A, 0x05, 0x4C, 0x00, 0x00, 0x00, 0x13, 0x00, 0x13, 0x11, 0x11,
  0x11, 0x11, 0x11, 0x11, 0x11, 0x11, 0x11, 0x0B, 0x09, 0x1D, 0x2B, 0x35, 0x11, 0x33, 0x15, 0x33,
  0x15, 0x33, 0x15, 0x33, 0x11, 0x33, 0x11, 0x23, 0x35, 0x23, 0x35, 0x23, 0x35, 0x23, 0x11, 0xFA,
  0x7D, 0x7D, 0x7D, 0xFA, 0xFA, 0x7D, 0x7D, 0x7D, 0x7D, 0x03, 0x6B, 0x7D, 0x7D, 0x7D, 0x01, 0x77,
  0xFC, 0x95, 0xFA, 0x7D, 0x7D, 0xFE, 0x0C, 0x00, 0x00, 0x03, 0x00, 0x00, 0x00, 0x7D, 0x03, 0x6B,
  0x03, 0xE8, 0x00, 0x03, 0x00, 0x07, 0x00, 0x17, 0x00, 0x4B, 0x40, 0x48, 0x00, 0x03, 0x00, 0x02,
  0x08, 0x03, 0x02, 0x65, 0x00, 0x09, 0x00, 0x05, 0x04, 0x09, 0x05, 0x65, 0x00, 0x00, 0x00, 0x01,
  0x5D, 0x00, 0x01, 0x01, 0x49, 0x4B, 0x00, 0x06, 0x06, 0x08, 0x5D, 0x0C, 0x0B, 0x02, 0x08, 0x08,
  0x4C, 0x4B, 0x00, 0x0A, 0x0A, 0x04, 0x5E, 0x07, 0x01, 0x04, 0x04, 0x4A, 0x04, 0x4C, 0x08, 0x08,
  0x08, 0x17, 0x08, 0x17, 0x16, 0x15, 0x14, 0x13, 0x11, 0x11, 0x11, 0x11, 0x12, 0x11, 0x11, 0x11,
  0x10, 0x0D, 0x09, 0x1D, 0x2B, 0x01, 0x23, 0x35, 0x33, 0x07, 0x23, 0x35, 0x33, 0x05, 0x11, 0x21,
  0x35, 0x23, 0x35, 0x23, 0x15, 0x23, 0x11, 0x21, 0x15, 0x33, 0x15, 0x33, 0x35, 0x02, 0x71, 0x7D,
  0x7D, 0x7D, 0x7D, 0x7D, 0x01, 0x77, 0xFE, 0x89, 0x7D, 0x7D, 0xFA, 0x01, 0x77, 0x7D, 0x7D, 0x03,
  0x6B, 0x7D, 0xFA, 0x7D, 0x7D, 0xFD, 0x8F, 0x7D, 0x7D, 0xFA, 0x02, 0x71, 0x7D, 0x7D, 0xFA, 0x00,
  0x00, 0x01, 0x00, 0x00, 0x00, 0x7D, 0x03, 0x6B, 0x03, 0xE8, 0x00, 0x1B, 0x00, 0x54, 0x40, 0x51,
  0x00, 0x02, 0x0C, 0x01, 0x0C, 0x02, 0x01, 0x7E, 0x00, 0x07, 0x00, 0x0A, 0x04, 0x07, 0x0A, 0x65,
  0x00, 0x0B, 0x00, 0x01, 0x00, 0x0B, 0x01, 0x65, 0x09, 0x01, 0x05, 0x05, 0x06, 0x5D, 0x08, 0x01,
  0x06, 0x06, 0x49, 0x4B, 0x0E, 0x0D, 0x02, 0x04, 0x04, 0x4C, 0x4B, 0x00, 0x0C, 0x0C, 0x00, 0x5E,
  0x03, 0x01, 0x00, 0x00, 0x4A, 0x00, 0x4C, 0x00, 0x00, 0x00, 0x1B, 0x00, 0x1B, 0x1A, 0x19, 0x18,
  0x17, 0x16, 0x15, 0x14, 0x13, 0x11, 0x11, 0x11, 0x11, 0x11, 0x11, 0x11, 0x11, 0x11, 0x0F, 0x09,
  0x1D, 0x2B, 0x01, 0x11, 0x21, 0x35, 0x23, 0x35, 0x23, 0x15, 0x23, 0x11, 0x33, 0x35, 0x23, 0x35,
  0x33, 0x15, 0x33, 0x35, 0x33, 0x15, 0x23, 0x15, 0x23, 0x15, 0x33, 0x15, 0x33, 0x35, 0x03, 0x6B,
  0xFE, 0x89, 0x7D, 0x7D, 0xFA, 0xFA, 0x7D, 0xFA, 0x7D, 0xFA, 0x7D, 0xFA, 0x7D, 0x7D, 0x02, 0xEE,
  0xFD, 0x8F, 0x7D, 0x7D, 0xFA, 0x02, 0x71, 0x7D, 0x7D, 0x7D, 0x7D, 0x7D, 0x7D, 0x7D, 0x7D, 0xFA,
  0x00, 0x02, 0x00, 0x00, 0x00, 0x00, 0x03, 0x6B, 0x03, 0xE8, 0x00, 0x11, 0x00, 0x19, 0x00, 0x5C,
  0x40, 0x59, 0x00, 0x06, 0x00, 0x02, 0x01, 0x06, 0x02, 0x65, 0x00, 0x03, 0x03, 0x05, 0x5D, 0x0D,
  0x08, 0x02, 0x05, 0x05, 0x49, 0x4B, 0x00, 0x01, 0x01, 0x07, 0x5D, 0x00, 0x07, 0x07, 0x4C, 0x4B,
  0x04, 0x01, 0x00, 0x00, 0x05, 0x5D, 0x0D, 0x08, 0x02, 0x05, 0x05, 0x49, 0x4B, 0x00, 0x09, 0x09,
  0x0A, 0x5D, 0x00, 0x0A, 0x0A, 0x4A, 0x4B, 0x00, 0x0C, 0x0C, 0x0B, 0x5D, 0x00, 0x0B, 0x0B, 0x4E,
  0x0B, 0x4C, 0x00, 0x00, 0x19, 0x18, 0x17, 0x16, 0x15, 0x14, 0x13, 0x12, 0x00, 0x11, 0x00, 0x11,
  0x11, 0x11, 0x11, 0x11, 0x11, 0x11, 0x11, 0x11, 0x0E, 0x09, 0x1C, 0x2B, 0x01, 0x11, 0x23, 0x35,
  0x23, 0x35, 0x23, 0x35, 0x23, 0x11, 0x23, 0x11, 0x21, 0x15, 0x33, 0x15, 0x33, 0x35, 0x03, 0x33,
  0x15, 0x23, 0x15, 0x23, 0x35, 0x33, 0x03, 0x6B, 0xFA, 0x7D, 0x7D, 0x7D, 0xFA, 0x01, 0x77, 0x7D,
  0x7D, 0xFA, 0xFA, 0x7D, 0xFA, 0x7D, 0x03, 0xE8, 0xFD, 0x12, 0x7D, 0x7D, 0x7D, 0xFE, 0x89, 0x02,
  0xEE, 0x7D, 0x7D, 0xFA, 0xFD, 0x12, 0x7D, 0x7D, 0x7D, 0x00, 0x00, 0x00, 0x00, 0x01, 0x00, 0x00,
  0x00, 0x00, 0x03, 0x6B, 0x03, 0xE8, 0x00, 0x15, 0x00, 0x4D, 0x40, 0x4A, 0x00, 0x04, 0x01, 0x09,
  0x01, 0x04, 0x09, 0x7E, 0x00, 0x06, 0x00, 0x02, 0x01, 0x06, 0x02, 0x65, 0x00, 0x03, 0x03, 0x05,
  0x5D, 0x08, 0x01, 0x05, 0x05, 0x49, 0x4B, 0x00, 0x01, 0x01, 0x07, 0x5D, 0x00, 0x07, 0x07, 0x4C,
  0x4B, 0x00, 0x09, 0x09, 0x4A, 0x4B, 0x00, 0x00, 0x00, 0x0A, 0x5D, 0x0B, 0x01, 0x0A, 0x0A, 0x4E,
  0x0A, 0x4C, 0x00, 0x00, 0x00, 0x15, 0x00, 0x15, 0x14, 0x13, 0x11, 0x11, 0x11, 0x11, 0x11, 0x11,
  0x11, 0x11, 0x11, 0x0C, 0x09, 0x1D, 0x2B, 0x33, 0x35, 0x21, 0x35, 0x23, 0x35, 0x23, 0x35, 0x23,
  0x11, 0x23, 0x11, 0x21, 0x15, 0x33, 0x15, 0x33, 0x35, 0x33, 0x11, 0x23, 0x15, 0xFA, 0x01, 0x77,
  0x7D, 0x7D, 0x7D, 0xFA, 0x01, 0x77, 0x7D, 0x7D, 0xFA, 0x7D, 0x7D, 0xFA, 0x7D, 0x7D, 0xFE, 0x89,
  0x02, 0xEE, 0x7D, 0x7D, 0xFA, 0xFC, 0x95, 0x7D, 0x00, 0x03, 0x00, 0x00, 0x00, 0x7D, 0x03, 0x6B,
  0x03, 0xE8, 0x00, 0x07, 0x00, 0x0B, 0x00, 0x1F, 0x00, 0x57, 0x40, 0x54, 0x0B, 0x01, 0x02, 0x00,
  0x03, 0x0A, 0x02, 0x03, 0x65, 0x00, 0x0D, 0x00, 0x07, 0x06, 0x0D, 0x07, 0x65, 0x04, 0x01, 0x00,
  0x00, 0x01, 0x5D, 0x05, 0x01, 0x01, 0x01, 0x49, 0x4B, 0x00, 0x08, 0x08, 0x0A, 0x5D, 0x10, 0x0F,
  0x0C, 0x03, 0x0A, 0x0A, 0x4C, 0x4B, 0x00, 0x0E, 0x0E, 0x06, 0x5E, 0x09, 0x01, 0x06, 0x06, 0x4A,
  0x06, 0x4C, 0x0C, 0x0C, 0x0C, 0x1F, 0x0C, 0x1F, 0x1E, 0x1D, 0x1C, 0x1B, 0x1A, 0x19, 0x18, 0x17,
  0x16, 0x15, 0x14, 0x13, 0x11, 0x11, 0x12, 0x11, 0x11, 0x11, 0x11, 0x11, 0x10, 0x11, 0x09, 0x1D,
  0x2B, 0x01, 0x23, 0x35, 0x33, 0x15, 0x33, 0x15, 0x23, 0x25, 0x23, 0x35, 0x33, 0x17, 0x11, 0x21,
  0x35, 0x23, 0x35, 0x23, 0x15, 0x23, 0x11, 0x33, 0x35, 0x33, 0x15, 0x33, 0x15, 0x33, 0x15, 0x33,
  0x35, 0x01, 0x77, 0x7D, 0xFA, 0x7D, 0xFA, 0x01, 0x77, 0x7D, 0x7D, 0x7D, 0xFE, 0x89, 0x7D, 0x7D,
  0xFA, 0x7D, 0x7D, 0x7D, 0x7D, 0x7D, 0x03, 0x6B, 0x7D, 0x7D, 0x7D, 0x7D, 0x7D, 0xFA, 0xFD, 0x8F,
  0x7D, 0x7D, 0xFA, 0x02, 0x71, 0x7D, 0x7D, 0x7D, 0x7D, 0xFA, 0x00, 0x00, 0x00, 0x02, 0x00, 0x00,
  0x00, 0x7D, 0x03, 0x6B, 0x03, 0xE8, 0x00, 0x0B, 0x00, 0x0F, 0x00, 0x35, 0x40, 0x32, 0x03, 0x01,
  0x01, 0x04, 0x01, 0x00, 0x06, 0x01, 0x00, 0x65, 0x00, 0x07, 0x07, 0x02, 0x5D, 0x00, 0x02, 0x02,
  0x49, 0x4B, 0x00, 0x06, 0x06, 0x05, 0x5D, 0x08, 0x01, 0x05, 0x05, 0x4A, 0x05, 0x4C, 0x00, 0x00,
  0x0F, 0x0E, 0x0D, 0x0C, 0x00, 0x0B, 0x00, 0x0B, 0x11, 0x11, 0x11, 0x11, 0x11, 0x09, 0x09, 0x19,
  0x2B, 0x37, 0x35, 0x23, 0x11, 0x33, 0x35, 0x21, 0x15, 0x33, 0x11, 0x23, 0x15, 0x25, 0x21, 0x11,
  0x21, 0x7D, 0x7D, 0x7D, 0x02, 0x71, 0x7D, 0x7D, 0xFE, 0x0C, 0x01, 0x77, 0xFE, 0x89, 0x7D, 0x7D,
  0x02, 0x71, 0x7D, 0x7D, 0xFD, 0x8F, 0x7D, 0x7D, 0x02, 0x71, 0x00, 0x00, 0x00, 0x03, 0x00, 0x00,
  0x00, 0x7D, 0x03, 0x6B, 0x03, 0xE8, 0x00, 0x03, 0x00, 0x13, 0x00, 0x17, 0x00, 0x89, 0x4B, 0xB0,
  0x0A, 0x50, 0x58, 0x40, 0x32, 0x00, 0x07, 0x00, 0x06, 0x06, 0x07, 0x70, 0x0C, 0x09, 0x02, 0x05,
  0x04, 0x01, 0x02, 0x0B, 0x05, 0x02, 0x65, 0x00, 0x00, 0x00, 0x01, 0x5D, 0x00, 0x01, 0x01, 0x49,
  0x4B, 0x00, 0x0A, 0x0A, 0x06, 0x5D, 0x08, 0x01, 0x06, 0x06, 0x4C, 0x4B, 0x00, 0x0B, 0x0B, 0x03,
  0x5D, 0x00, 0x03, 0x03, 0x4A, 0x03, 0x4C, 0x1B, 0x40, 0x33, 0x00, 0x07, 0x00, 0x06, 0x00, 0x07,
  0x06, 0x7E, 0x0C, 0x09, 0x02, 0x05, 0x04, 0x01, 0x02, 0x0B, 0x05, 0x02, 0x65, 0x00, 0x00, 0x00,
  0x01, 0x5D, 0x00, 0x01, 0x01, 0x49, 0x4B, 0x00, 0x0A, 0x0A, 0x06, 0x5D, 0x08, 0x01, 0x06, 0x06,
  0x4C, 0x4B, 0x00, 0x0B, 0x0B, 0x03, 0x5D, 0x00, 0x03, 0x03, 0x4A, 0x03, 0x4C, 0x59, 0x40, 0x16,
  0x04, 0x04, 0x17, 0x16, 0x15, 0x14, 0x04, 0x13, 0x04, 0x13, 0x11, 0x11, 0x11, 0x11, 0x11, 0x11,
  0x12, 0x11, 0x10, 0x0D, 0x09, 0x1D, 0x2B, 0x01, 0x23, 0x35, 0x33, 0x13, 0x11, 0x23, 0x15, 0x21,
  0x35, 0x23, 0x11, 0x33, 0x35, 0x33, 0x35, 0x33, 0x15, 0x33, 0x15, 0x23, 0x21, 0x11, 0x21, 0x02,
  0x71, 0x7D, 0x7D, 0xFA, 0x7D, 0xFD, 0x8F, 0x7D, 0x7D, 0xFA, 0x7D, 0xFA, 0x7D, 0xFE, 0x89, 0x01,
  0x77, 0x03, 0x6B, 0x7D, 0xFE, 0x89, 0xFE, 0x89, 0x7D, 0x7D, 0x01, 0x77, 0x7D, 0x7D, 0x7D, 0x7D,
  0xFE, 0x89, 0x00, 0x00, 0x00, 0x04, 0x00, 0x00, 0x00, 0x7D, 0x03, 0x6B, 0x03, 0xE8, 0x00, 0x03,
  0x00, 0x07, 0x00, 0x17, 0x00, 0x1B, 0x00, 0x5A, 0x40, 0x57, 0x00, 0x09, 0x00, 0x0C, 0x07, 0x09,
  0x0C, 0x65, 0x0F, 0x0B, 0x02, 0x07, 0x06, 0x01, 0x04, 0x0D, 0x07, 0x04, 0x65, 0x02, 0x01, 0x00,
  0x00, 0x01, 0x5D, 0x03, 0x0E, 0x02, 0x01, 0x01, 0x49, 0x4B, 0x0A, 0x01, 0x08, 0x08, 0x4C, 0x4B,
  0x00, 0x0D, 0x0D, 0x05, 0x5E, 0x00, 0x05, 0x05, 0x4A, 0x05, 0x4C, 0x08, 0x08, 0x00, 0x00, 0x1B,
  0x1A, 0x19, 0x18, 0x08, 0x17, 0x08, 0x17, 0x16, 0x15, 0x14, 0x13, 0x12, 0x11, 0x10, 0x0F, 0x0E,
  0x0D, 0x0C, 0x0B, 0x0A, 0x09, 0x07, 0x06, 0x05, 0x04, 0x00, 0x03, 0x00, 0x03, 0x11, 0x10, 0x09,
  0x15, 0x2B, 0x13, 0x15, 0x23, 0x35, 0x05, 0x23, 0x35, 0x33, 0x13, 0x11, 0x23, 0x15, 0x21, 0x35,
  0x23, 0x11, 0x33, 0x35, 0x33, 0x35, 0x21, 0x15, 0x33, 0x15, 0x23, 0x21, 0x11, 0x21, 0xFA, 0x7D,
  0x02, 0x71, 0x7D, 0x7D, 0x7D, 0x7D, 0xFD, 0x8F, 0x7D, 0x7D, 0x7D, 0x01, 0x77, 0x7D, 0x7D, 0xFE,
  0x89, 0x01, 0x77, 0x03, 0xE8, 0x7D, 0x7D, 0x7D, 0x7D, 0xFE, 0x89, 0xFE, 0x89, 0x7D, 0x7D, 0x01,
  0x77, 0x7D, 0x7D, 0x7D, 0x7D, 0xFE, 0x89, 0x00, 0x00, 0x03, 0x00, 0x00, 0x00, 0x7D, 0x03, 0x6B,
  0x03, 0xE8, 0x00, 0x0F, 0x00, 0x13, 0x00, 0x17, 0x00, 0x4E, 0x40, 0x4B, 0x04, 0x01, 0x02, 0x09,
  0x08, 0x09, 0x02, 0x08, 0x7E, 0x05, 0x01, 0x01, 0x06, 0x01, 0x00, 0x0A, 0x01, 0x00, 0x65, 0x00,
  0x09, 0x09, 0x03, 0x5D, 0x00, 0x03, 0x03, 0x49, 0x4B, 0x00, 0x0B, 0x0B, 0x08, 0x5D, 0x00, 0x08,
  0x08, 0x4C, 0x4B, 0x00, 0x0A, 0x0A, 0x07, 0x5E, 0x0C, 0x01, 0x07, 0x07, 0x4A, 0x07, 0x4C, 0x00,
  0x00, 0x17, 0x16, 0x15, 0x14, 0x13, 0x12, 0x11, 0x10, 0x00, 0x0F, 0x00, 0x0F, 0x11, 0x11, 0x11,
  0x11, 0x11, 0x11, 0x11, 0x0D, 0x09, 0x1B, 0x2B, 0x37, 0x35, 0x23, 0x11, 0x33, 0x35, 0x33, 0x35,
  0x21, 0x15, 0x33, 0x15, 0x33, 0x11, 0x23, 0x15, 0x01, 0x33, 0x35, 0x23, 0x03, 0x21, 0x11, 0x21,
  0x7D, 0x7D, 0x7D, 0x7D, 0x01, 0x77, 0x7D, 0x7D, 0x7D, 0xFE, 0x89, 0x7D, 0x7D, 0x7D, 0x01, 0x77,
  0xFE, 0x89, 0x7D, 0x7D, 0x01, 0x77, 0xFA, 0x7D, 0x7D, 0xFA, 0xFE, 0x89, 0x7D, 0x02, 0x71, 0x7D,
  0xFD, 0x8F, 0x01, 0x77, 0x00, 0x04, 0x00, 0x00, 0x00, 0x7D, 0x03, 0x6B, 0x03, 0xE8, 0x00, 0x03,
  0x00, 0x07, 0x00, 0x13, 0x00, 0x17, 0x00, 0x57, 0x40, 0x54, 0x07, 0x01, 0x05, 0x08, 0x01, 0x04,
  0x0A, 0x05, 0x04, 0x65, 0x0D, 0x03, 0x0C, 0x03, 0x01, 0x01, 0x00, 0x5D, 0x02, 0x01, 0x00, 0x00,
  0x49, 0x4B, 0x00, 0x0B, 0x0B, 0x06, 0x5D, 0x00, 0x06, 0x06, 0x4C, 0x4B, 0x00, 0x0A, 0x0A, 0x09,
  0x5D, 0x0E, 0x01, 0x09, 0x09, 0x4A, 0x09, 0x4C, 0x08, 0x08, 0x04, 0x04, 0x00, 0x00, 0x17, 0x16,
  0x15, 0x14, 0x08, 0x13, 0x08, 0x13, 0x12, 0x11, 0x10, 0x0F, 0x0E, 0x0D, 0x0C, 0x0B, 0x0A, 0x09,
  0x04, 0x07, 0x04, 0x07, 0x06, 0x05, 0x00, 0x03, 0x00, 0x03, 0x11, 0x0F, 0x09, 0x15, 0x2B, 0x13,
  0x35, 0x33, 0x15, 0x33, 0x35, 0x33, 0x15, 0x01, 0x35, 0x23, 0x11, 0x33, 0x35, 0x21, 0x15, 0x33,
  0x11, 0x23, 0x15, 0x25, 0x21, 0x11, 0x21, 0x7D, 0xFA, 0x7D, 0xFA, 0xFD, 0x8F, 0x7D, 0x7D, 0x02,
  0x71, 0x7D, 0x7D, 0xFE, 0x0C, 0x01, 0x77, 0xFE, 0x89, 0x03, 0x6B, 0x7D, 0x7D, 0x7D, 0x7D, 0xFD,
  0x12, 0x7D, 0x01, 0x77, 0x7D, 0x7D, 0xFE, 0x89, 0x7D, 0x7D, 0x01, 0x77, 0x00, 0x03, 0x00, 0x00,
  0x00, 0x7D, 0x03, 0x6B, 0x03, 0xE8, 0x00, 0x03, 0x00, 0x13, 0x00, 0x17, 0x00, 0x97, 0x4B, 0xB0,
  0x0A, 0x50, 0x58, 0x40, 0x33, 0x00, 0x07, 0x00, 0x06, 0x06, 0x07, 0x70, 0x0D, 0x09, 0x02, 0x05,
  0x04, 0x01, 0x02, 0x0B, 0x05, 0x02, 0x65, 0x00, 0x00, 0x00, 0x01, 0x5D, 0x0C, 0x01, 0x01, 0x01,
  0x49, 0x4B, 0x00, 0x0A, 0x0A, 0x06, 0x5D, 0x08, 0x01, 0x06, 0x06, 0x4C, 0x4B, 0x00, 0x0B, 0x0B,
  0x03, 0x5D, 0x00, 0x03, 0x03, 0x4A, 0x03, 0x4C, 0x1B, 0x40, 0x34, 0x00, 0x07, 0x00, 0x06, 0x00,
  0x07, 0x06, 0x7E, 0x0D, 0x09, 0x02, 0x05, 0x04, 0x01, 0x02, 0x0B, 0x05, 0x02, 0x65, 0x00, 0x00,
  0x00, 0x01, 0x5D, 0x0C, 0x01, 0x01, 0x01, 0x49, 0x4B, 0x00, 0x0A, 0x0A, 0x06, 0x5D, 0x08, 0x01,
  0x06, 0x06, 0x4C, 0x4B, 0x00, 0x0B, 0x0B, 0x03, 0x5D, 0x00, 0x03, 0x03, 0x4A, 0x03, 0x4C, 0x59,
  0x40, 0x22, 0x04, 0x04, 0x00, 0x00, 0x17, 0x16, 0x15, 0x14, 0x04, 0x13, 0x04, 0x13, 0x12, 0x11,
  0x10, 0x0F, 0x0E, 0x0D, 0x0C, 0x0B, 0x0A, 0x09, 0x08, 0x07, 0x06, 0x05, 0x00, 0x03, 0x00, 0x03,
  0x11, 0x0E, 0x09, 0x15, 0x2B, 0x01, 0x15, 0x23, 0x35, 0x01, 0x11, 0x23, 0x15, 0x21, 0x35, 0x23,
  0x11, 0x33, 0x35, 0x33, 0x35, 0x33, 0x15, 0x33, 0x15, 0x23, 0x21, 0x11, 0x21, 0x01, 0x77, 0x7D,
  0x02, 0x71, 0x7D, 0xFD, 0x8F, 0x7D, 0x7D, 0xFA, 0x7D, 0xFA, 0x7D, 0xFE, 0x89, 0x01, 0x77, 0x03,
  0xE8, 0x7D, 0x7D, 0xFE, 0x89, 0xFE, 0x89, 0x7D, 0x7D, 0x01, 0x77, 0x7D, 0x7D, 0x7D, 0x7D, 0xFE,
  0x89, 0x00, 0x00, 0x00, 0x00, 0x04, 0x00, 0x00, 0x00, 0x7D, 0x03, 0x6B, 0x03, 0xE8, 0x00, 0x03,
  0x00, 0x07, 0x00, 0x19, 0x00, 0x1D, 0x00, 0x95, 0x4B, 0xB0, 0x0A, 0x50, 0x58, 0x40, 0x35, 0x0A,
  0x01, 0x08, 0x00, 0x09, 0x09, 0x08, 0x70, 0x0F, 0x0C, 0x02, 0x07, 0x06, 0x01, 0x04, 0x0E, 0x07,
  0x04, 0x65, 0x02, 0x01, 0x00, 0x00, 0x01, 0x5D, 0x03, 0x01, 0x01, 0x01, 0x49, 0x4B, 0x00, 0x0D,
  0x0D, 0x09, 0x5D, 0x0B, 0x01, 0x09, 0x09, 0x4C, 0x4B, 0x00, 0x0E, 0x0E, 0x05, 0x5E, 0x00, 0x05,
  0x05, 0x4A, 0x05, 0x4C, 0x1B, 0x40, 0x36, 0x0A, 0x01, 0x08, 0x00, 0x09, 0x00, 0x08, 0x09, 0x7E,
  0x0F, 0x0C, 0x02, 0x07, 0x06, 0x01, 0x04, 0x0E, 0x07, 0x04, 0x65, 0x02, 0x01, 0x00, 0x00, 0x01,
  0x5D, 0x03, 0x01, 0x01, 0x01, 0x49, 0x4B, 0x00, 0x0D, 0x0D, 0x09, 0x5D, 0x0B, 0x01, 0x09, 0x09,
  0x4C, 0x4B, 0x00, 0x0E, 0x0E, 0x05, 0x5E, 0x00, 0x05, 0x05, 0x4A, 0x05, 0x4C, 0x59, 0x40, 0x1C,
  0x08, 0x08, 0x1D, 0x1C, 0x1B, 0x1A, 0x08, 0x19, 0x08, 0x19, 0x18, 0x17, 0x16, 0x15, 0x14, 0x13,
  0x11, 0x11, 0x11, 0x11, 0x12, 0x11, 0x11, 0x11, 0x10, 0x10, 0x09, 0x1D, 0x2B, 0x01, 0x23, 0x35,
  0x33, 0x05, 0x23, 0x35, 0x33, 0x13, 0x11, 0x23, 0x15, 0x21, 0x35, 0x23, 0x11, 0x33, 0x35, 0x33,
  0x15, 0x33, 0x35, 0x33, 0x15, 0x33, 0x15, 0x23, 0x21, 0x11, 0x21, 0x01, 0x77, 0x7D, 0x7D, 0x01,
  0x77, 0x7D, 0x7D, 0x7D, 0x7D, 0xFD, 0x8F, 0x7D, 0x7D, 0x7D, 0xFA, 0x7D, 0x7D, 0x7D, 0xFE, 0x89,
  0x01, 0x77, 0x03, 0x6B, 0x7D, 0x7D, 0x7D, 0xFE, 0x89, 0xFE, 0x89, 0x7D, 0x7D, 0x01, 0x77, 0xFA,
  0x7D, 0x7D, 0x7D, 0x7D, 0xFE, 0x89, 0x00, 0x00, 0x00, 0x03, 0x00, 0x00, 0x00, 0x7D, 0x03, 0x6B,
  0x03, 0xE8, 0x00, 0x03, 0x00, 0x0F, 0x00, 0x13, 0x00, 0x4C, 0x40, 0x49, 0x05, 0x01, 0x03, 0x06,
  0x01, 0x02, 0x08, 0x03, 0x02, 0x65, 0x0A, 0x01, 0x01, 0x01, 0x00, 0x5D, 0x00, 0x00, 0x00, 0x49,
  0x4B, 0x00, 0x09, 0x09, 0x04, 0x5D, 0x00, 0x04, 0x04, 0x4C, 0x4B, 0x00, 0x08, 0x08, 0x07, 0x5D,
  0x0B, 0x01, 0x07, 0x07, 0x4A, 0x07, 0x4C, 0x04, 0x04, 0x00, 0x00, 0x13, 0x12, 0x11, 0x10, 0x04,
  0x0F, 0x04, 0x0F, 0x0E, 0x0D, 0x0C, 0x0B, 0x0A, 0x09, 0x08, 0x07, 0x06, 0x05, 0x00, 0x03, 0x00,
  0x03, 0x11, 0x0C, 0x09, 0x15, 0x2B, 0x13, 0x35, 0x21, 0x15, 0x01, 0x35, 0x23, 0x11, 0x33, 0x35,
  0x21, 0x15, 0x33, 0x11, 0x23, 0x15, 0x25, 0x21, 0x11, 0x21, 0x7D, 0x02, 0x71, 0xFD, 0x8F, 0x7D,
  0x7D, 0x02, 0x71, 0x7D, 0x7D, 0xFE, 0x0C, 0x01, 0x77, 0xFE, 0x89, 0x03, 0x6B, 0x7D, 0x7D, 0xFD,
  0x12, 0x7D, 0x01, 0x77, 0x7D, 0x7D, 0xFE, 0x89, 0x7D, 0x7D, 0x01, 0x77, 0x00, 0x03, 0x00, 0x00,
  0x00, 0x7D, 0x03, 0x6B, 0x03, 0xE8, 0x00, 0x0B, 0x00, 0x17, 0x00, 0x1B, 0x00, 0x60, 0x40, 0x5D,
  0x00, 0x0C, 0x0F, 0x01, 0x0D, 0x0A, 0x0C, 0x0D, 0x65, 0x00, 0x0A, 0x00, 0x0B, 0x00, 0x0A, 0x0B,
  0x65, 0x03, 0x01, 0x01, 0x04, 0x01, 0x00, 0x06, 0x01, 0x00, 0x65, 0x00, 0x09, 0x09, 0x02, 0x5D,
  0x00, 0x02, 0x02, 0x49, 0x4B, 0x00, 0x07, 0x07, 0x08, 0x5D, 0x00, 0x08, 0x08, 0x4C, 0x4B, 0x00,
  0x06, 0x06, 0x05, 0x5D, 0x0E, 0x01, 0x05, 0x05, 0x4A, 0x05, 0x4C, 0x18, 0x18, 0x00, 0x00, 0x18,
  0x1B, 0x18, 0x1B, 0x1A, 0x19, 0x17, 0x16, 0x15, 0x14, 0x13, 0x12, 0x11, 0x10, 0x0F, 0x0E, 0x0D,
  0x0C, 0x00, 0x0B, 0x00, 0x0B, 0x11, 0x11, 0x11, 0x11, 0x11, 0x10, 0x09, 0x19, 0x2B, 0x37, 0x35,
  0x23, 0x11, 0x33, 0x35, 0x21, 0x15, 0x33, 0x11, 0x23, 0x15, 0x25, 0x21, 0x11, 0x23, 0x35, 0x33,
  0x35, 0x21, 0x11, 0x33, 0x15, 0x23, 0x37, 0x35, 0x33, 0x15, 0x7D, 0x7D, 0x7D, 0x02, 0x71, 0x7D,
  0x7D, 0xFE, 0x0C, 0x01, 0x77, 0x7D, 0x7D, 0xFE, 0x89, 0x7D, 0x7D, 0x7D, 0x7D, 0x7D, 0x7D, 0x02,
  0x71, 0x7D, 0x7D, 0xFD, 0x8F, 0x7D, 0x7D, 0x01, 0x77, 0x7D, 0x7D, 0xFE, 0x89, 0x7D, 0x7D, 0x7D,
  0x7D, 0x00, 0x00, 0x00, 0x00, 0x03, 0x00, 0x00, 0x00, 0x7D, 0x03, 0x6B, 0x03, 0xE8, 0x00, 0x15,
  0x00, 0x19, 0x00, 0x1D, 0x00, 0x95, 0x4B, 0xB0, 0x0A, 0x50, 0x58, 0x40, 0x35, 0x04, 0x01, 0x02,
  0x06, 0x07, 0x07, 0x02, 0x70, 0x08, 0x01, 0x01, 0x09, 0x01, 0x00, 0x0D, 0x01, 0x00, 0x65, 0x0C,
  0x01, 0x06, 0x06, 0x03, 0x5D, 0x05, 0x01, 0x03, 0x03, 0x49, 0x4B, 0x00, 0x0E, 0x0E, 0x07, 0x5D,
  0x0B, 0x01, 0x07, 0x07, 0x4C, 0x4B, 0x00, 0x0D, 0x0D, 0x0A, 0x5E, 0x0F, 0x01, 0x0A, 0x0A, 0x4A,
  0x0A, 0x4C, 0x1B, 0x40, 0x36, 0x04, 0x01, 0x02, 0x06, 0x07, 0x06, 0x02, 0x07, 0x7E, 0x08, 0x01,
  0x01, 0x09, 0x01, 0x00, 0x0D, 0x01, 0x00, 0x65, 0x0C, 0x01, 0x06, 0x06, 0x03, 0x5D, 0x05, 0x01,
  0x03, 0x03, 0x49, 0x4B, 0x00, 0x0E, 0x0E, 0x07, 0x5D, 0x0B, 0x01, 0x07, 0x07, 0x4C, 0x4B, 0x00,
  0x0D, 0x0D, 0x0A, 0x5E, 0x0F, 0x01, 0x0A, 0x0A, 0x4A, 0x0A, 0x4C, 0x59, 0x40, 0x1C, 0x00, 0x00,
  0x1D, 0x1C, 0x1B, 0x1A, 0x19, 0x18, 0x17, 0x16, 0x00, 0x15, 0x00, 0x15, 0x14, 0x13, 0x11, 0x11,
  0x11, 0x11, 0x11, 0x11, 0x11, 0x11, 0x11, 0x10, 0x09, 0x1D, 0x2B, 0x37, 0x35, 0x23, 0x11, 0x33,
  0x35, 0x33, 0x35, 0x33, 0x15, 0x33, 0x35, 0x33, 0x15, 0x23, 0x15, 0x33, 0x15, 0x33, 0x11, 0x23,
  0x15, 0x01, 0x33, 0x35, 0x23, 0x11, 0x21, 0x11, 0x21, 0x7D, 0x7D, 0x7D, 0x7D, 0xFA, 0x7D, 0x7D,
  0x7D, 0x7D, 0x7D, 0x7D, 0xFE, 0x0C, 0x7D, 0x7D, 0x01, 0x77, 0xFE, 0x89, 0x7D, 0x7D, 0x01, 0x77,
  0xFA, 0x7D, 0x7D, 0x7D, 0x7D, 0x7D, 0x7D, 0xFE, 0x89, 0x7D, 0x02, 0x71, 0x7D, 0xFD, 0x8F, 0x01,
  0x77, 0x00, 0x00, 0x00, 0x00, 0x02, 0x00, 0x00, 0x00, 0x7D, 0x03, 0x6B, 0x03, 0xE8, 0x00, 0x0F,
  0x00, 0x13, 0x00, 0x3F, 0x40, 0x3C, 0x00, 0x04, 0x00, 0x05, 0x00, 0x04, 0x05, 0x65, 0x00, 0x01,
  0x00, 0x00, 0x06, 0x01, 0x00, 0x65, 0x09, 0x01, 0x03, 0x03, 0x02, 0x5D, 0x00, 0x02, 0x02, 0x49,
  0x4B, 0x08, 0x01, 0x06, 0x06, 0x07, 0x5D, 0x0A, 0x01, 0x07, 0x07, 0x4A, 0x07, 0x4C, 0x00, 0x00,
  0x13, 0x12, 0x11, 0x10, 0x00, 0x0F, 0x00, 0x0F, 0x11, 0x11, 0x11, 0x11, 0x11, 0x11, 0x11, 0x0B,
  0x09, 0x1B, 0x2B, 0x37, 0x35, 0x23, 0x11, 0x33, 0x35, 0x21, 0x15, 0x23, 0x15, 0x33, 0x15, 0x23,
  0x15, 0x33, 0x15, 0x25, 0x33, 0x11, 0x23, 0x7D, 0x7D, 0x7D, 0x02, 0xEE, 0xFA, 0xFA, 0xFA, 0xFA,
  0xFD, 0x8F, 0x7D, 0x7D, 0x7D, 0x7D, 0x02, 0x71, 0x7D, 0x7D, 0xFA, 0x7D, 0xFA, 0x7D, 0x7D, 0x02,
  0x71, 0x00, 0x00, 0x00, 0x00, 0x02, 0x00, 0x00, 0x00, 0x7D, 0x03, 0x6B, 0x03, 0xE8, 0x00, 0x09,
  0x00, 0x0D, 0x00, 0x35, 0x40, 0x32, 0x00, 0x01, 0x00, 0x02, 0x05, 0x01, 0x02, 0x65, 0x00, 0x05,
  0x00, 0x03, 0x04, 0x05, 0x03, 0x65, 0x00, 0x06, 0x06, 0x00, 0x5D, 0x00, 0x00, 0x00, 0x49, 0x4B,
  0x07, 0x01, 0x04, 0x04, 0x4A, 0x04, 0x4C, 0x00, 0x00, 0x0D, 0x0C, 0x0B, 0x0A, 0x00, 0x09, 0x00,
  0x09, 0x11, 0x11, 0x11, 0x11, 0x08, 0x09, 0x18, 0x2B, 0x35, 0x11, 0x21, 0x15, 0x33, 0x11, 0x23,
  0x15, 0x21, 0x15, 0x11, 0x21, 0x11, 0x21, 0x02, 0xEE, 0x7D, 0x7D, 0xFE, 0x0C, 0x01, 0x77, 0xFE,
  0x89, 0x7D, 0x03, 0x6B, 0x7D, 0xFE, 0x89, 0x7D, 0xFA, 0x01, 0x77, 0x01, 0x77, 0x00, 0x00, 0x00,
  0x00, 0x02, 0x00, 0x00, 0x00, 0x7D, 0x03, 0x6B, 0x03, 0xE8, 0x00, 0x0B, 0x00, 0x0F, 0x00, 0x3B,
  0x40, 0x38, 0x00, 0x01, 0x00, 0x07, 0x02, 0x01, 0x07, 0x65, 0x00, 0x06, 0x00, 0x04, 0x05, 0x06,
  0x04, 0x65, 0x00, 0x00, 0x00, 0x49, 0x4B, 0x00, 0x03, 0x03, 0x02, 0x5D, 0x00, 0x02, 0x02, 0x4C,
  0x4B, 0x08, 0x01, 0x05, 0x05, 0x4A, 0x05, 0x4C, 0x00, 0x00, 0x0F, 0x0E, 0x0D, 0x0C, 0x00, 0x0B,
  0x00, 0x0B, 0x11, 0x11, 0x11, 0x11, 0x11, 0x09, 0x09, 0x19, 0x2B, 0x35, 0x11, 0x33, 0x15, 0x21,
  0x15, 0x33, 0x11, 0x23, 0x15, 0x21, 0x15, 0x35, 0x21, 0x11, 0x21, 0xFA, 0x01, 0xF4, 0x7D, 0x7D,
  0xFE, 0x0C, 0x01, 0x77, 0xFE, 0x89, 0x7D, 0x03, 0x6B, 0x7D, 0x7D, 0xFE, 0x89, 0x7D, 0x7D, 0xFA,
  0x01, 0x77, 0x00, 0x00, 0x00, 0x03, 0x00, 0x00, 0x00, 0x7D, 0x03, 0x6B, 0x03, 0xE8, 0x00, 0x0D,
  0x00, 0x15, 0x00, 0x19, 0x00, 0x4E, 0x40, 0x4B, 0x00, 0x0A, 0x09, 0x01, 0x00, 0x01, 0x0A, 0x00,
  0x65, 0x0D, 0x06, 0x02, 0x04, 0x03, 0x01, 0x01, 0x08, 0x04, 0x01, 0x65, 0x00, 0x07, 0x07, 0x05,
  0x5D, 0x00, 0x05, 0x05, 0x49, 0x4B, 0x0B, 0x01, 0x08, 0x08, 0x02, 0x5D, 0x0E, 0x0C, 0x02, 0x02,
  0x02, 0x4A, 0x02, 0x4C, 0x16, 0x16, 0x00, 0x00, 0x16, 0x19, 0x16, 0x19, 0x18, 0x17, 0x15, 0x14,
  0x13, 0x12, 0x11, 0x10, 0x0F, 0x0E, 0x00, 0x0D, 0x00, 0x0D, 0x11, 0x11, 0x11, 0x11, 0x11, 0x11,
  0x0F, 0x09, 0x1A, 0x2B, 0x01, 0x11, 0x23, 0x15, 0x23, 0x15, 0x21, 0x35, 0x23, 0x11, 0x33, 0x35,
  0x21, 0x15, 0x23, 0x21, 0x11, 0x33, 0x35, 0x23, 0x35, 0x33, 0x13, 0x35, 0x33, 0x15, 0x03, 0x6B,
  0x7D, 0x7D, 0xFE, 0x0C, 0x7D, 0x7D, 0x02, 0x71, 0x7D, 0xFE, 0x89, 0xFA, 0x7D, 0xFA, 0x7D, 0x7D,
  0x03, 0x6B, 0xFE, 0x0C, 0x7D, 0x7D, 0x7D, 0x02, 0x71, 0x7D, 0x7D, 0xFD, 0x8F, 0x7D, 0x7D, 0xFE,
  0x89, 0x7D, 0x7D, 0x00, 0x00, 0x02, 0x00, 0x00, 0x00, 0x7D, 0x03, 0x6B, 0x03, 0xE8, 0x00, 0x11,
  0x00, 0x17, 0x00, 0x9F, 0x4B, 0xB0, 0x0A, 0x50, 0x58, 0x40, 0x3C, 0x00, 0x0A, 0x01, 0x02, 0x01,
  0x0A, 0x02, 0x7E, 0x00, 0x03, 0x07, 0x06, 0x04, 0x03, 0x70, 0x00, 0x06, 0x04, 0x07, 0x06, 0x6E,
  0x00, 0x01, 0x00, 0x02, 0x09, 0x01, 0x02, 0x65, 0x00, 0x09, 0x00, 0x07, 0x03, 0x09, 0x07, 0x65,
  0x00, 0x0B, 0x0B, 0x00, 0x5D, 0x00, 0x00, 0x00, 0x49, 0x4B, 0x00, 0x04, 0x04, 0x05, 0x5E, 0x0C,
  0x08, 0x02, 0x05, 0x05, 0x4A, 0x05, 0x4C, 0x1B, 0x40, 0x3E, 0x00, 0x0A, 0x01, 0x02, 0x01, 0x0A,
  0x02, 0x7E, 0x00, 0x03, 0x07, 0x06, 0x07, 0x03, 0x06, 0x7E, 0x00, 0x06, 0x04, 0x07, 0x06, 0x04,
  0x7C, 0x00, 0x01, 0x00, 0x02, 0x09, 0x01, 0x02, 0x65, 0x00, 0x09, 0x00, 0x07, 0x03, 0x09, 0x07,
  0x65, 0x00, 0x0B, 0x0B, 0x00, 0x5D, 0x00, 0x00, 0x00, 0x49, 0x4B, 0x00, 0x04, 0x04, 0x05, 0x5E,
  0x0C, 0x08, 0x02, 0x05, 0x05, 0x4A, 0x05, 0x4C, 0x59, 0x40, 0x17, 0x00, 0x00, 0x17, 0x16, 0x15,
  0x14, 0x13, 0x12, 0x00, 0x11, 0x00, 0x11, 0x11, 0x11, 0x11, 0x11, 0x11, 0x11, 0x11, 0x11, 0x0D,
  0x09, 0x1C, 0x2B, 0x35, 0x11, 0x21, 0x15, 0x33, 0x11, 0x23, 0x15, 0x33, 0x15, 0x33, 0x15, 0x21,
  0x35, 0x23, 0x35, 0x23, 0x15, 0x11, 0x33, 0x35, 0x33, 0x35, 0x21, 0x02, 0xEE, 0x7D, 0xFA, 0x7D,
  0x7D, 0xFE, 0x89, 0x7D, 0x7D, 0xFA, 0x7D, 0xFE, 0x89, 0x7D, 0x03, 0x6B, 0x7D, 0xFE, 0x89, 0x7D,
  0x7D, 0x7D, 0x7D, 0x7D, 0xFA, 0x01, 0x77, 0x7D, 0xFA, 0x00, 0x00, 0x00, 0x00, 0x03, 0x00, 0x00,
  0x00, 0x7D, 0x03, 0x6B, 0x03, 0xE8, 0x00, 0x03, 0x00, 0x19, 0x00, 0x1D, 0x00, 0xB9, 0x4B, 0xB0,
  0x0A, 0x50, 0x58, 0x40, 0x46, 0x00, 0x0A, 0x00, 0x09, 0x09, 0x0A, 0x70, 0x00, 0x03, 0x07, 0x06,
  0x04, 0x03, 0x70, 0x00, 0x06, 0x04, 0x07, 0x06, 0x6E, 0x0F, 0x01, 0x0C, 0x00, 0x02, 0x0E, 0x0C,
  0x02, 0x66, 0x00, 0x0E, 0x00, 0x07, 0x03, 0x0E, 0x07, 0x65, 0x00, 0x00, 0x00, 0x01, 0x5D, 0x00,
  0x01, 0x01, 0x49, 0x4B, 0x00, 0x0D, 0x0D, 0x09, 0x5D, 0x0B, 0x01, 0x09, 0x09, 0x4C, 0x4B, 0x00,
  0x04, 0x04, 0x05, 0x5E, 0x08, 0x01, 0x05, 0x05, 0x4A, 0x05, 0x4C, 0x1B, 0x40, 0x49, 0x00, 0x0A,
  0x00, 0x09, 0x00, 0x0A, 0x09, 0x7E, 0x00, 0x03, 0x07, 0x06, 0x07, 0x03, 0x06, 0x7E, 0x00, 0x06,
  0x04, 0x07, 0x06, 0x04, 0x7C, 0x0F, 0x01, 0x0C, 0x00, 0x02, 0x0E, 0x0C, 0x02, 0x66, 0x00, 0x0E,
  0x00, 0x07, 0x03, 0x0E, 0x07, 0x65, 0x00, 0x00, 0x00, 0x01, 0x5D, 0x00, 0x01, 0x01, 0x49, 0x4B,
  0x00, 0x0D, 0x0D, 0x09, 0x5D, 0x0B, 0x01, 0x09, 0x09, 0x4C, 0x4B, 0x00, 0x04, 0x04, 0x05, 0x5E,
  0x08, 0x01, 0x05, 0x05, 0x4A, 0x05, 0x4C, 0x59, 0x40, 0x1C, 0x04, 0x04, 0x1D, 0x1C, 0x1B, 0x1A,
  0x04, 0x19, 0x04, 0x19, 0x18, 0x17, 0x16, 0x15, 0x14, 0x13, 0x11, 0x11, 0x11, 0x11, 0x11, 0x11,
  0x12, 0x11, 0x10, 0x10, 0x09, 0x1D, 0x2B, 0x01, 0x23, 0x35, 0x33, 0x13, 0x15, 0x23, 0x15, 0x33,
  0x15, 0x33, 0x15, 0x21, 0x35, 0x23, 0x35, 0x23, 0x15, 0x23, 0x11, 0x21, 0x35, 0x33, 0x15, 0x33,
  0x15, 0x23, 0x23, 0x15, 0x33, 0x02, 0x71, 0x7D, 0x7D, 0xFA, 0xFA, 0x7D, 0x7D, 0xFE, 0x89, 0x7D,
  0x7D, 0xFA, 0x01, 0x77, 0x7D, 0xFA, 0xFA, 0xFA, 0xFA, 0x03, 0x6B, 0x7D, 0xFE, 0x89, 0x7D, 0x7D,
  0x7D, 0x7D, 0x7D, 0x7D, 0xFA, 0x02, 0x71, 0x7D, 0x7D, 0x7D, 0x7D, 0x00, 0x00, 0x04, 0x00, 0x00,
  0x00, 0x7D, 0x03, 0x6B, 0x03, 0xE8, 0x00, 0x03, 0x00, 0x07, 0x00, 0x1D, 0x00, 0x21, 0x00, 0xCF,
  0x4B, 0xB0, 0x0A, 0x50, 0x58, 0x40, 0x49, 0x00, 0x0C, 0x00, 0x0B, 0x0B, 0x0C, 0x70, 0x00, 0x05,
  0x09, 0x08, 0x06, 0x05, 0x70, 0x00, 0x08, 0x06, 0x09, 0x08, 0x6E, 0x12, 0x01, 0x0E, 0x00, 0x04,
  0x10, 0x0E, 0x04, 0x66, 0x00, 0x10, 0x00, 0x09, 0x05, 0x10, 0x09, 0x65, 0x02, 0x01, 0x00, 0x00,
  0x01, 0x5D, 0x03, 0x11, 0x02, 0x01, 0x01, 0x49, 0x4B, 0x00, 0x0F, 0x0F, 0x0B, 0x5D, 0x0D, 0x01,
  0x0B, 0x0B, 0x4C, 0x4B, 0x00, 0x06, 0x06, 0x07, 0x5E, 0x0A, 0x01, 0x07, 0x07, 0x4A, 0x07, 0x4C,
  0x1B, 0x40, 0x4C, 0x00, 0x0C, 0x00, 0x0B, 0x00, 0x0C, 0x0B, 0x7E, 0x00, 0x05, 0x09, 0x08, 0x09,
  0x05, 0x08, 0x7E, 0x00, 0x08, 0x06, 0x09, 0x08, 0x06, 0x7C, 0x12, 0x01, 0x0E, 0x00, 0x04, 0x10,
  0x0E, 0x04, 0x66, 0x00, 0x10, 0x00, 0x09, 0x05, 0x10, 0x09, 0x65, 0x02, 0x01, 0x00, 0x00, 0x01,
  0x5D, 0x03, 0x11, 0x02, 0x01, 0x01, 0x49, 0x4B, 0x00, 0x0F, 0x0F, 0x0B, 0x5D, 0x0D, 0x01, 0x0B,
  0x0B, 0x4C, 0x4B, 0x00, 0x06, 0x06, 0x07, 0x5E, 0x0A, 0x01, 0x07, 0x07, 0x4A, 0x07, 0x4C, 0x59,
  0x40, 0x2C, 0x08, 0x08, 0x00, 0x00, 0x21, 0x20, 0x1F, 0x1E, 0x08, 0x1D, 0x08, 0x1D, 0x1C, 0x1B,
  0x1A, 0x19, 0x18, 0x17, 0x16, 0x15, 0x14, 0x13, 0x12, 0x11, 0x10, 0x0F, 0x0E, 0x0D, 0x0C, 0x0B,
  0x0A, 0x09, 0x07, 0x06, 0x05, 0x04, 0x00, 0x03, 0x00, 0x03, 0x11, 0x13, 0x09, 0x15, 0x2B, 0x01,
  0x15, 0x23, 0x35, 0x05, 0x23, 0x35, 0x33, 0x13, 0x15, 0x23, 0x15, 0x33, 0x15, 0x33, 0x15, 0x21,
  0x35, 0x23, 0x35, 0x23, 0x15, 0x23, 0x11, 0x21, 0x35, 0x33, 0x15, 0x33, 0x15, 0x23, 0x23, 0x15,
  0x33, 0x01, 0x77, 0x7D, 0x01, 0x77, 0x7D, 0x7D, 0xFA, 0xFA, 0x7D, 0x7D, 0xFE, 0x89, 0x7D, 0x7D,
  0xFA, 0x01, 0x77, 0x7D, 0xFA, 0xFA, 0xFA, 0xFA, 0x03, 0xE8, 0x7D, 0x7D, 0x7D, 0x7D, 0xFE, 0x89,
  0x7D, 0x7D, 0x7D, 0x7D, 0x7D, 0x7D, 0xFA, 0x02, 0x71, 0x7D, 0x7D, 0x7D, 0x7D, 0x00, 0x00, 0x00,
  0x00, 0x02, 0x00, 0x00, 0x00, 0x00, 0x03, 0x6B, 0x03, 0xE8, 0x00, 0x19, 0x00, 0x1F, 0x00, 0xC9,
  0x4B, 0xB0, 0x0A, 0x50, 0x58, 0x40, 0x4D, 0x00, 0x08, 0x03, 0x02, 0x09, 0x08, 0x70, 0x00, 0x02,
  0x09, 0x03, 0x02, 0x6E, 0x00, 0x01, 0x04, 0x0B, 0x00, 0x01, 0x70, 0x00, 0x06, 0x00, 0x07, 0x0D,
  0x06, 0x07, 0x65, 0x00, 0x0D, 0x00, 0x03, 0x08, 0x0D, 0x03, 0x65, 0x00, 0x09, 0x0A, 0x01, 0x04,
  0x01, 0x09, 0x04, 0x66, 0x00, 0x0F, 0x0F, 0x05, 0x5D, 0x00, 0x05, 0x05, 0x49, 0x4B, 0x00, 0x0E,
  0x0E, 0x4C, 0x4B, 0x00, 0x0B, 0x0B, 0x4A, 0x4B, 0x00, 0x00, 0x00, 0x0C, 0x5E, 0x10, 0x01, 0x0C,
  0x0C, 0x4E, 0x0C, 0x4C, 0x1B, 0x40, 0x50, 0x00, 0x08, 0x03, 0x02, 0x03, 0x08, 0x02, 0x7E, 0x00,
  0x02, 0x09, 0x03, 0x02, 0x09, 0x7C, 0x00, 0x01, 0x04, 0x0B, 0x04, 0x01, 0x0B, 0x7E, 0x00, 0x06,
  0x00, 0x07, 0x0D, 0x06, 0x07, 0x65, 0x00, 0x0D, 0x00, 0x03, 0x08, 0x0D, 0x03, 0x65, 0x00, 0x09,
  0x0A, 0x01, 0x04, 0x01, 0x09, 0x04, 0x66, 0x00, 0x0F, 0x0F, 0x05, 0x5D, 0x00, 0x05, 0x05, 0x49,
  0x4B, 0x00, 0x0E, 0x0E, 0x4C, 0x4B, 0x00, 0x0B, 0x0B, 0x4A, 0x4B, 0x00, 0x00, 0x00, 0x0C, 0x5E,
  0x10, 0x01, 0x0C, 0x0C, 0x4E, 0x0C, 0x4C, 0x59, 0x40, 0x1E, 0x00, 0x00, 0x1F, 0x1E, 0x1D, 0x1C,
  0x1B, 0x1A, 0x00, 0x19, 0x00, 0x19, 0x18, 0x17, 0x16, 0x15, 0x14, 0x13, 0x11, 0x11, 0x11, 0x11,
  0x11, 0x11, 0x11, 0x11, 0x11, 0x11, 0x09, 0x1D, 0x2B, 0x33, 0x35, 0x33, 0x35, 0x33, 0x35, 0x23,
  0x35, 0x23, 0x15, 0x23, 0x11, 0x21, 0x15, 0x33, 0x15, 0x23, 0x15, 0x33, 0x15, 0x33, 0x15, 0x23,
  0x15, 0x23, 0x15, 0x03, 0x33, 0x35, 0x33, 0x35, 0x21, 0xFA, 0x7D, 0x7D, 0x7D, 0x7D, 0xFA, 0x02,
  0xEE, 0x7D, 0xFA, 0x7D, 0x7D, 0xFA, 0x7D, 0xFA, 0xFA, 0x7D, 0xFE, 0x89, 0x7D, 0x7D, 0x7D, 0x7D,
  0xFA, 0x02, 0xEE, 0x7D, 0xFA, 0x7D, 0x7D, 0x7D, 0x7D, 0x7D, 0x02, 0x71, 0x7D, 0x7D, 0x00, 0x00,
  0x00, 0x01, 0x00, 0x00, 0x00, 0x7D, 0x03, 0x6B, 0x03, 0xE8, 0x00, 0x1B, 0x00, 0x59, 0x40, 0x56,
  0x00, 0x08, 0x04, 0x05, 0x08, 0x55, 0x07, 0x01, 0x05, 0x00, 0x04, 0x0A, 0x05, 0x04, 0x65, 0x00,
  0x0A, 0x00, 0x03, 0x0B, 0x0A, 0x03, 0x65, 0x00, 0x0B, 0x01, 0x00, 0x0B, 0x55, 0x00, 0x01, 0x0C,
  0x01, 0x00, 0x02, 0x01, 0x00, 0x65, 0x00, 0x09, 0x09, 0x06, 0x5D, 0x00, 0x06, 0x06, 0x49, 0x4B,
  0x00, 0x02, 0x02, 0x0D, 0x5D, 0x0E, 0x01, 0x0D, 0x0D, 0x4A, 0x0D, 0x4C, 0x00, 0x00, 0x00, 0x1B,
  0x00, 0x1B, 0x1A, 0x19, 0x18, 0x17, 0x16, 0x15, 0x14, 0x13, 0x11, 0x11, 0x11, 0x11, 0x11, 0x11,
  0x11, 0x11, 0x11, 0x0F, 0x09, 0x1D, 0x2B, 0x37, 0x35, 0x23, 0x35, 0x33, 0x15, 0x21, 0x35, 0x21,
  0x35, 0x23, 0x35, 0x33, 0x35, 0x21, 0x15, 0x33, 0x15, 0x23, 0x35, 0x21, 0x15, 0x21, 0x15, 0x33,
  0x15, 0x23, 0x15, 0x7D, 0x7D, 0xFA, 0x01, 0x77, 0xFE, 0x0C, 0x7D, 0x7D, 0x02, 0x71, 0x7D, 0xFA,
  0xFE, 0x89, 0x01, 0xF4, 0x7D, 0x7D, 0x7D, 0x7D, 0x7D, 0x7D, 0xFA, 0x7D, 0xFA, 0x7D, 0x7D, 0x7D,
  0x7D, 0xFA, 0x7D, 0xFA, 0x7D, 0x00, 0x00, 0x00, 0x00, 0x02, 0x00, 0x00, 0x00, 0x7D, 0x03, 0x6B,
  0x03, 0xE8, 0x00, 0x03, 0x00, 0x1B, 0x00, 0xA9, 0x4B, 0xB0, 0x0A, 0x50, 0x58, 0x40, 0x40, 0x00,
  0x09, 0x00, 0x08, 0x08, 0x09, 0x70, 0x00, 0x07, 0x00, 0x06, 0x0C, 0x07, 0x06, 0x65, 0x00, 0x0C,
  0x00, 0x05, 0x0D, 0x0C, 0x05, 0x65, 0x0E, 0x01, 0x0D, 0x00, 0x02, 0x04, 0x0D, 0x02, 0x65, 0x00,
  0x00, 0x00, 0x01, 0x5D, 0x00, 0x01, 0x01, 0x49, 0x4B, 0x00, 0x0B, 0x0B, 0x08, 0x5D, 0x0A, 0x01,
  0x08, 0x08, 0x4C, 0x4B, 0x00, 0x04, 0x04, 0x03, 0x5D, 0x00, 0x03, 0x03, 0x4A, 0x03, 0x4C, 0x1B,
  0x40, 0x41, 0x00, 0x09, 0x00, 0x08, 0x00, 0x09, 0x08, 0x7E, 0x00, 0x07, 0x00, 0x06, 0x0C, 0x07,
  0x06, 0x65, 0x00, 0x0C, 0x00, 0x05, 0x0D, 0x0C, 0x05, 0x65, 0x0E, 0x01, 0x0D, 0x00, 0x02, 0x04,
  0x0D, 0x02, 0x65, 0x00, 0x00, 0x00, 0x01, 0x5D, 0x00, 0x01, 0x01, 0x49, 0x4B, 0x00, 0x0B, 0x0B,
  0x08, 0x5D, 0x0A, 0x01, 0x08, 0x08, 0x4C, 0x4B, 0x00, 0x04, 0x04, 0x03, 0x5D, 0x00, 0x03, 0x03,
  0x4A, 0x03, 0x4C, 0x59, 0x40, 0x1A, 0x04, 0x04, 0x04, 0x1B, 0x04, 0x1B, 0x1A, 0x19, 0x18, 0x17,
  0x16, 0x15, 0x14, 0x13, 0x11, 0x11, 0x11, 0x11, 0x11, 0x11, 0x12, 0x11, 0x10, 0x0F, 0x09, 0x1D,
  0x2B, 0x01, 0x23, 0x35, 0x33, 0x13, 0x15, 0x23, 0x15, 0x21, 0x35, 0x21, 0x35, 0x21, 0x35, 0x23,
  0x35, 0x33, 0x35, 0x33, 0x35, 0x33, 0x15, 0x33, 0x15, 0x21, 0x15, 0x21, 0x15, 0x02, 0x71, 0x7D,
  0x7D, 0xFA, 0x7D, 0xFD, 0x12, 0x02, 0x71, 0xFE, 0x0C, 0x7D, 0x7D, 0xFA, 0x7D, 0xFA, 0xFE, 0x0C,
  0x01, 0xF4, 0x03, 0x6B, 0x7D, 0xFD, 0x8F, 0x7D, 0x7D, 0x7D, 0x7D, 0x7D, 0x7D, 0x7D, 0x7D, 0x7D,
  0x7D, 0x7D, 0x7D, 0x00, 0x00, 0x01, 0x00, 0x00, 0x00, 0x7D, 0x03, 0x6B, 0x03, 0xE8, 0x00, 0x1F,
  0x00, 0xB1, 0x4B, 0xB0, 0x0A, 0x50, 0x58, 0x40, 0x42, 0x00, 0x07, 0x05, 0x04, 0x04, 0x07, 0x70,
  0x00, 0x03, 0x00, 0x02, 0x0C, 0x03, 0x02, 0x65, 0x00, 0x0C, 0x00, 0x01, 0x0D, 0x0C, 0x01, 0x66,
  0x00, 0x0D, 0x00, 0x0E, 0x00, 0x0D, 0x0E, 0x65, 0x09, 0x01, 0x05, 0x05, 0x06, 0x5D, 0x08, 0x01,
  0x06, 0x06, 0x49, 0x4B, 0x00, 0x0B, 0x0B, 0x04, 0x5D, 0x0A, 0x01, 0x04, 0x04, 0x4C, 0x4B, 0x00,
  0x00, 0x00, 0x0F, 0x5D, 0x10, 0x01, 0x0F, 0x0F, 0x4A, 0x0F, 0x4C, 0x1B, 0x40, 0x43, 0x00, 0x07,
  0x05, 0x04, 0x05, 0x07, 0x04, 0x7E, 0x00, 0x03, 0x00, 0x02, 0x0C, 0x03, 0x02, 0x65, 0x00, 0x0C,
  0x00, 0x01, 0x0D, 0x0C, 0x01, 0x66, 0x00, 0x0D, 0x00, 0x0E, 0x00, 0x0D, 0x0E, 0x65, 0x09, 0x01,
  0x05, 0x05, 0x06, 0x5D, 0x08, 0x01, 0x06, 0x06, 0x49, 0x4B, 0x00, 0x0B, 0x0B, 0x04, 0x5D, 0x0A,
  0x01, 0x04, 0x04, 0x4C, 0x4B, 0x00, 0x00, 0x00, 0x0F, 0x5D, 0x10, 0x01, 0x0F, 0x0F, 0x4A, 0x0F,
  0x4C, 0x59, 0x40, 0x1E, 0x00, 0x00, 0x00, 0x1F, 0x00, 0x1F, 0x1E, 0x1D, 0x1C, 0x1B, 0x1A, 0x19,
  0x18, 0x17, 0x16, 0x15, 0x14, 0x13, 0x11, 0x11, 0x11, 0x11, 0x11, 0x11, 0x11, 0x11, 0x11, 0x11,
  0x09, 0x1D, 0x2B, 0x35, 0x35, 0x21, 0x35, 0x21, 0x35, 0x23, 0x35, 0x33, 0x35, 0x33, 0x35, 0x23,
  0x35, 0x33, 0x15, 0x33, 0x35, 0x33, 0x15, 0x23, 0x15, 0x33, 0x15, 0x21, 0x15, 0x21, 0x15, 0x33,
  0x15, 0x23, 0x15, 0x02, 0x71, 0xFE, 0x0C, 0x7D, 0x7D, 0x7D, 0x7D, 0xFA, 0x7D, 0xFA, 0x7D, 0x7D,
  0xFE, 0x0C, 0x01, 0xF4, 0x7D, 0x7D, 0x7D, 0x7D, 0x7D, 0x7D, 0x7D, 0x7D, 0x7D, 0x7D, 0x7D, 0x7D,
  0x7D, 0x7D, 0x7D, 0x7D, 0x7D, 0x7D, 0x7D, 0x00, 0x00, 0x02, 0x00, 0x00, 0x00, 0x00, 0x03, 0x6B,
  0x03, 0xE8, 0x00, 0x1B, 0x00, 0x1F, 0x00, 0x66, 0x40, 0x63, 0x00, 0x09, 0x00, 0x08, 0x0C, 0x09,
  0x08, 0x65, 0x10, 0x01, 0x0D, 0x05, 0x00, 0x0D, 0x55, 0x00, 0x05, 0x04, 0x01, 0x00, 0x06, 0x05,
  0x00, 0x65, 0x00, 0x06, 0x03, 0x01, 0x01, 0x02, 0x06, 0x01, 0x65, 0x00, 0x0B, 0x0B, 0x0A, 0x5D,
  0x00, 0x0A, 0x0A, 0x49, 0x4B, 0x00, 0x07, 0x07, 0x0C, 0x5D, 0x00, 0x0C, 0x0C, 0x4C, 0x4B, 0x00,
  0x02, 0x02, 0x4A, 0x4B, 0x00, 0x0E, 0x0E, 0x0F, 0x5D, 0x00, 0x0F, 0x0F, 0x4E, 0x0F, 0x4C, 0x00,
  0x00, 0x1F, 0x1E, 0x1D, 0x1C, 0x00, 0x1B, 0x00, 0x1B, 0x1A, 0x19, 0x18, 0x17, 0x16, 0x15, 0x14,
  0x13, 0x11, 0x11, 0x11, 0x11, 0x11, 0x11, 0x11, 0x11, 0x11, 0x11, 0x09, 0x1D, 0x2B, 0x01, 0x15,
  0x23, 0x15, 0x23, 0x15, 0x23, 0x35, 0x21, 0x35, 0x23, 0x35, 0x33, 0x15, 0x21, 0x35, 0x21, 0x35,
  0x23, 0x35, 0x33, 0x35, 0x21, 0x15, 0x21, 0x15, 0x21, 0x15, 0x01, 0x33, 0x15, 0x23, 0x03, 0x6B,
  0x7D, 0x7D, 0x7D, 0xFE, 0x89, 0x7D, 0xFA, 0x01, 0x77, 0xFE, 0x0C, 0x7D, 0x7D, 0x02, 0x71, 0xFE,
  0x0C, 0x01, 0xF4, 0xFE, 0x0C, 0xFA, 0xFA, 0x02, 0x71, 0xFA, 0x7D, 0x7D, 0x7D, 0x7D, 0x7D, 0x7D,
  0xFA, 0x7D, 0x7D, 0x7D, 0x7D, 0x7D, 0x7D, 0xFE, 0x0C, 0x7D, 0x00, 0x00, 0x00, 0x02, 0x00, 0x00,
  0x00, 0x7D, 0x03, 0x6B, 0x03, 0xE8, 0x00, 0x17, 0x00, 0x1B, 0x00, 0xA9, 0x4B, 0xB0, 0x0A, 0x50,
  0x58, 0x40, 0x40, 0x06, 0x01, 0x04, 0x0D, 0x0C, 0x0C, 0x04, 0x70, 0x00, 0x03, 0x00, 0x02, 0x08,
  0x03, 0x02, 0x65, 0x00, 0x08, 0x00, 0x01, 0x09, 0x08, 0x01, 0x66, 0x00, 0x09, 0x00, 0x0A, 0x00,
  0x09, 0x0A, 0x65, 0x00, 0x0D, 0x0D, 0x05, 0x5D, 0x00, 0x05, 0x05, 0x49, 0x4B, 0x00, 0x07, 0x07,
  0x0C, 0x5D, 0x00, 0x0C, 0x0C, 0x4C, 0x4B, 0x00, 0x00, 0x00, 0x0B, 0x5D, 0x0E, 0x01, 0x0B, 0x0B,
  0x4A, 0x0B, 0x4C, 0x1B, 0x40, 0x41, 0x06, 0x01, 0x04, 0x0D, 0x0C, 0x0D, 0x04, 0x0C, 0x7E, 0x00,
  0x03, 0x00, 0x02, 0x08, 0x03, 0x02, 0x65, 0x00, 0x08, 0x00, 0x01, 0x09, 0x08, 0x01, 0x66, 0x00,
  0x09, 0x00, 0x0A, 0x00, 0x09, 0x0A, 0x65, 0x00, 0x0D, 0x0D, 0x05, 0x5D, 0x00, 0x05, 0x05, 0x49,
  0x4B, 0x00, 0x07, 0x07, 0x0C, 0x5D, 0x00, 0x0C, 0x0C, 0x4C, 0x4B, 0x00, 0x00, 0x00, 0x0B, 0x5D,
  0x0E, 0x01, 0x0B, 0x0B, 0x4A, 0x0B, 0x4C, 0x59, 0x40, 0x1A, 0x00, 0x00, 0x1B, 0x1A, 0x19, 0x18,
  0x00, 0x17, 0x00, 0x17, 0x16, 0x15, 0x14, 0x13, 0x11, 0x11, 0x11, 0x11, 0x11, 0x11, 0x11, 0x11,
  0x11, 0x0F, 0x09, 0x1D, 0x2B, 0x35, 0x35, 0x21, 0x35, 0x21, 0x35, 0x23, 0x35, 0x33, 0x35, 0x33,
  0x35, 0x21, 0x15, 0x33, 0x15, 0x21, 0x15, 0x21, 0x15, 0x33, 0x15, 0x23, 0x15, 0x01, 0x33, 0x35,
  0x23, 0x02, 0x71, 0xFE, 0x0C, 0x7D, 0x7D, 0x7D, 0x01, 0x77, 0x7D, 0xFE, 0x0C, 0x01, 0xF4, 0x7D,
  0x7D, 0xFE, 0x89, 0x7D, 0x7D, 0x7D, 0x7D, 0x7D, 0x7D, 0x7D, 0xFA, 0x7D, 0x7D, 0xFA, 0x7D, 0x7D,
  0x7D, 0x7D, 0x02, 0x71, 0x7D, 0x00, 0x00, 0x00, 0x00, 0x01, 0x00, 0x7D, 0x00, 0x7D, 0x03, 0x6B,
  0x03, 0xE8, 0x00, 0x07, 0x00, 0x21, 0x40, 0x1E, 0x02, 0x01, 0x00, 0x00, 0x01, 0x5D, 0x00, 0x01,
  0x01, 0x49, 0x4B, 0x04, 0x01, 0x03, 0x03, 0x4A, 0x03, 0x4C, 0x00, 0x00, 0x00, 0x07, 0x00, 0x07,
  0x11, 0x11, 0x11, 0x05, 0x09, 0x17, 0x2B, 0x25, 0x11, 0x23, 0x35, 0x21, 0x15, 0x23, 0x11, 0x01,
  0x77, 0xFA, 0x02, 0xEE, 0xFA, 0x7D, 0x02, 0xEE, 0x7D, 0x7D, 0xFD, 0x12, 0x00, 0x01, 0x00, 0x7D,
  0x00, 0x7D, 0x03, 0x6B, 0x03, 0xE8, 0x00, 0x0F, 0x00, 0x35, 0x40, 0x32, 0x00, 0x05, 0x00, 0x06,
  0x01, 0x05, 0x06, 0x65, 0x00, 0x01, 0x00, 0x00, 0x07, 0x01, 0x00, 0x65, 0x04, 0x01, 0x02, 0x02,
  0x03, 0x5D, 0x00, 0x03, 0x03, 0x49, 0x4B, 0x08, 0x01, 0x07, 0x07, 0x4A, 0x07, 0x4C, 0x00, 0x00,
  0x00, 0x0F, 0x00, 0x0F, 0x11, 0x11, 0x11, 0x11, 0x11, 0x11, 0x11, 0x09, 0x09, 0x1B, 0x2B, 0x25,
  0x35, 0x23, 0x35, 0x33, 0x11, 0x23, 0x35, 0x21, 0x15, 0x23, 0x15, 0x33, 0x15, 0x23, 0x11, 0x01,
  0x77, 0x7D, 0x7D, 0xFA, 0x02, 0xEE, 0xFA, 0x7D, 0x7D, 0x7D, 0xFA, 0x7D, 0x01, 0x77, 0x7D, 0x7D,
  0xFA, 0x7D, 0xFE, 0x89, 0x00, 0x03, 0x00, 0x7D, 0x00, 0x7D, 0x03, 0x6B, 0x03, 0xE8, 0x00, 0x03,
  0x00, 0x07, 0x00, 0x13, 0x00, 0x46, 0x40, 0x43, 0x02, 0x01, 0x00, 0x00, 0x01, 0x5D, 0x03, 0x0A,
  0x02, 0x01, 0x01, 0x49, 0x4B, 0x06, 0x01, 0x04, 0x04, 0x07, 0x5D, 0x0B, 0x09, 0x02, 0x07, 0x07,
  0x4C, 0x4B, 0x00, 0x08, 0x08, 0x05, 0x5D, 0x00, 0x05, 0x05, 0x4A, 0x05, 0x4C, 0x08, 0x08, 0x00,
  0x00, 0x08, 0x13, 0x08, 0x13, 0x12, 0x11, 0x10, 0x0F, 0x0E, 0x0D, 0x0C, 0x0B, 0x0A, 0x09, 0x07,
  0x06, 0x05, 0x04, 0x00, 0x03, 0x00, 0x03, 0x11, 0x0C, 0x09, 0x15, 0x2B, 0x01, 0x15, 0x23, 0x35,
  0x05, 0x23, 0x35, 0x33, 0x17, 0x15, 0x23, 0x11, 0x23, 0x11, 0x23, 0x35, 0x33, 0x35, 0x33, 0x15,
  0x01, 0x77, 0x7D, 0x01, 0xF4, 0x7D, 0x7D, 0x7D, 0xFA, 0xFA, 0xFA, 0xFA, 0xFA, 0x03, 0xE8, 0x7D,
  0x7D, 0x7D, 0x7D, 0xFA, 0x7D, 0xFE, 0x0C, 0x01, 0xF4, 0x7D, 0x7D, 0x7D, 0x00, 0x02, 0x00, 0x7D,
  0x00, 0x00, 0x03, 0x6B, 0x03, 0xE8, 0x00, 0x09, 0x00, 0x0D, 0x00, 0x38, 0x40, 0x35, 0x00, 0x02,
  0x00, 0x01, 0x00, 0x02, 0x01, 0x7E, 0x03, 0x01, 0x00, 0x00, 0x04, 0x5D, 0x07, 0x01, 0x04, 0x04,
  0x49, 0x4B, 0x00, 0x01, 0x01, 0x4A, 0x4B, 0x00, 0x05, 0x05, 0x06, 0x5D, 0x00, 0x06, 0x06, 0x4E,
  0x06, 0x4C, 0x00, 0x00, 0x0D, 0x0C, 0x0B, 0x0A, 0x00, 0x09, 0x00, 0x09, 0x11, 0x11, 0x11, 0x11,
  0x08, 0x09, 0x18, 0x2B, 0x01, 0x15, 0x23, 0x11, 0x23, 0x35, 0x23, 0x11, 0x23, 0x35, 0x13, 0x33,
  0x15, 0x23, 0x03, 0x6B, 0xFA, 0x7D, 0x7D, 0xFA, 0x7D, 0xFA, 0xFA, 0x03, 0xE8, 0x7D, 0xFD, 0x12,
  0x7D, 0x02, 0x71, 0x7D, 0xFC, 0x95, 0x7D, 0x00, 0x00, 0x01, 0x00, 0x00, 0x00, 0x7D, 0x03, 0x6B,
  0x03, 0xE8, 0x00, 0x0B, 0x00, 0x29, 0x40, 0x26, 0x04, 0x01, 0x00, 0x00, 0x01, 0x5D, 0x03, 0x01,
  0x01, 0x01, 0x49, 0x4B, 0x00, 0x02, 0x02, 0x05, 0x5D, 0x06, 0x01, 0x05, 0x05, 0x4A, 0x05, 0x4C,
  0x00, 0x00, 0x00, 0x0B, 0x00, 0x0B, 0x11, 0x11, 0x11, 0x11, 0x11, 0x07, 0x09, 0x19, 0x2B, 0x37,
  0x35, 0x23, 0x11, 0x33, 0x11, 0x21, 0x11, 0x33, 0x11, 0x23, 0x15, 0x7D, 0x7D, 0xFA, 0x01, 0x77,
  0xFA, 0x7D, 0x7D, 0x7D, 0x02, 0xEE, 0xFD, 0x12, 0x02, 0xEE, 0xFD, 0x12, 0x7D, 0x00, 0x00, 0x00,
  0x00, 0x03, 0x00, 0x00, 0x00, 0x7D, 0x03, 0x6B, 0x03, 0xE8, 0x00, 0x03, 0x00, 0x07, 0x00, 0x13,
  0x00, 0x3F, 0x40, 0x3C, 0x00, 0x03, 0x00, 0x02, 0x07, 0x03, 0x02, 0x65, 0x00, 0x00, 0x00, 0x01,
  0x5D, 0x00, 0x01, 0x01, 0x49, 0x4B, 0x06, 0x01, 0x04, 0x04, 0x07, 0x5D, 0x0A, 0x09, 0x02, 0x07,
  0x07, 0x4C, 0x4B, 0x00, 0x08, 0x08, 0x05, 0x5D, 0x00, 0x05, 0x05, 0x4A, 0x05, 0x4C, 0x08, 0x08,
  0x08, 0x13, 0x08, 0x13, 0x11, 0x11, 0x11, 0x11, 0x12, 0x11, 0x11, 0x11, 0x10, 0x0B, 0x09, 0x1D,
  0x2B, 0x01, 0x23, 0x35, 0x33, 0x07, 0x23, 0x35, 0x33, 0x05, 0x11, 0x23, 0x15, 0x21, 0x35, 0x23,
  0x11, 0x33, 0x11, 0x21, 0x11, 0x02, 0x71, 0x7D, 0x7D, 0x7D, 0x7D, 0x7D, 0x01, 0x77, 0x7D, 0xFD,
  0x8F, 0x7D, 0xFA, 0x01, 0x77, 0x03, 0x6B, 0x7D, 0xFA, 0x7D, 0x7D, 0xFE, 0x0C, 0x7D, 0x7D, 0x01,
  0xF4, 0xFE, 0x0C, 0x01, 0xF4, 0x00, 0x00, 0x00, 0x00, 0x04, 0x00, 0x00, 0x00, 0x7D, 0x03, 0x6B,
  0x03, 0xE8, 0x00, 0x03, 0x00, 0x07, 0x00, 0x0B, 0x00, 0x17, 0x00, 0x52, 0x40, 0x4F, 0x00, 0x05,
  0x00, 0x04, 0x09, 0x05, 0x04, 0x65, 0x02, 0x01, 0x00, 0x00, 0x01, 0x5D, 0x03, 0x0C, 0x02, 0x01,
  0x01, 0x49, 0x4B, 0x08, 0x01, 0x06, 0x06, 0x09, 0x5D, 0x0D, 0x0B, 0x02, 0x09, 0x09, 0x4C, 0x4B,
  0x00, 0x0A, 0x0A, 0x07, 0x5D, 0x00, 0x07, 0x07, 0x4A, 0x07, 0x4C, 0x0C, 0x0C, 0x00, 0x00, 0x0C,
  0x17, 0x0C, 0x17, 0x16, 0x15, 0x14, 0x13, 0x12, 0x11, 0x10, 0x0F, 0x0E, 0x0D, 0x0B, 0x0A, 0x09,
  0x08, 0x07, 0x06, 0x05, 0x04, 0x00, 0x03, 0x00, 0x03, 0x11, 0x0E, 0x09, 0x15, 0x2B, 0x13, 0x15,
  0x23, 0x35, 0x05, 0x23, 0x35, 0x33, 0x07, 0x21, 0x35, 0x21, 0x17, 0x11, 0x23, 0x15, 0x21, 0x35,
  0x23, 0x11, 0x33, 0x11, 0x21, 0x11, 0xFA, 0x7D, 0x02, 0x71, 0x7D, 0x7D, 0x7D, 0xFE, 0x89, 0x01,
  0x77, 0xFA, 0x7D, 0xFD, 0x8F, 0x7D, 0xFA, 0x01, 0x77, 0x03, 0xE8, 0x7D, 0x7D, 0x7D, 0x7D, 0xFA,
  0x7D, 0x7D, 0xFE, 0x0C, 0x7D, 0x7D, 0x01, 0xF4, 0xFE, 0x0C, 0x01, 0xF4, 0x00, 0x02, 0x00, 0x00,
  0x00, 0x7D, 0x03, 0x6B, 0x03, 0xE8, 0x00, 0x0B, 0x00, 0x17, 0x00, 0x4C, 0x40, 0x49, 0x02, 0x01,
  0x00, 0x0C, 0x05, 0x02, 0x03, 0x07, 0x00, 0x03, 0x65, 0x09, 0x01, 0x07, 0x0A, 0x01, 0x06, 0x08,
  0x07, 0x06, 0x65, 0x00, 0x04, 0x04, 0x01, 0x5D, 0x00, 0x01, 0x01, 0x49, 0x4B, 0x00, 0x08, 0x08,
  0x0B, 0x5D, 0x0D, 0x01, 0x0B, 0x0B, 0x4A, 0x0B, 0x4C, 0x0C, 0x0C, 0x00, 0x00, 0x0C, 0x17, 0x0C,
  0x17, 0x16, 0x15, 0x14, 0x13, 0x12, 0x11, 0x10, 0x0F, 0x0E, 0x0D, 0x00, 0x0B, 0x00, 0x0B, 0x11,
  0x11, 0x11, 0x11, 0x11, 0x0E, 0x09, 0x19, 0x2B, 0x13, 0x35, 0x33, 0x35, 0x21, 0x15, 0x33, 0x15,
  0x23, 0x35, 0x23, 0x15, 0x03, 0x35, 0x23, 0x11, 0x33, 0x11, 0x21, 0x11, 0x33, 0x11, 0x23, 0x15,
  0x7D, 0x7D, 0x01, 0x77, 0x7D, 0xFA, 0x7D, 0xFA, 0x7D, 0xFA, 0x01, 0x77, 0xFA, 0x7D, 0x02, 0xEE,
  0x7D, 0x7D, 0x7D, 0x7D, 0x7D, 0x7D, 0xFD, 0x8F, 0x7D, 0x01, 0x77, 0xFE, 0x89, 0x01, 0x77, 0xFE,
  0x89, 0x7D, 0x00, 0x00, 0x00, 0x03, 0x00, 0x00, 0x00, 0x7D, 0x03, 0x6B, 0x03, 0xE8, 0x00, 0x03,
  0x00, 0x07, 0x00, 0x13, 0x00, 0x4B, 0x40, 0x48, 0x0B, 0x03, 0x0A, 0x03, 0x01, 0x01, 0x00, 0x5D,
  0x02, 0x01, 0x00, 0x00, 0x49, 0x4B, 0x08, 0x01, 0x04, 0x04, 0x05, 0x5D, 0x07, 0x01, 0x05, 0x05,
  0x4C, 0x4B, 0x00, 0x06, 0x06, 0x09, 0x5D, 0x0C, 0x01, 0x09, 0x09, 0x4A, 0x09, 0x4C, 0x08, 0x08,
  0x04, 0x04, 0x00, 0x00, 0x08, 0x13, 0x08, 0x13, 0x12, 0x11, 0x10, 0x0F, 0x0E, 0x0D, 0x0C, 0x0B,
  0x0A, 0x09, 0x04, 0x07, 0x04, 0x07, 0x06, 0x05, 0x00, 0x03, 0x00, 0x03, 0x11, 0x0D, 0x09, 0x15,
  0x2B, 0x13, 0x35, 0x33, 0x15, 0x33, 0x35, 0x33, 0x15, 0x01, 0x35, 0x23, 0x11, 0x33, 0x11, 0x21,
  0x11, 0x33, 0x11, 0x23, 0x15, 0x7D, 0xFA, 0x7D, 0xFA, 0xFD, 0x8F, 0x7D, 0xFA, 0x01, 0x77, 0xFA,
  0x7D, 0x03, 0x6B, 0x7D, 0x7D, 0x7D, 0x7D, 0xFD, 0x12, 0x7D, 0x01, 0xF4, 0xFE, 0x0C, 0x01, 0xF4,
  0xFE, 0x0C, 0x7D, 0x00, 0x00, 0x03, 0x00, 0x00, 0x00, 0x7D, 0x03, 0x6B, 0x03, 0xE8, 0x00, 0x03,
  0x00, 0x07, 0x00, 0x13, 0x00, 0x4A, 0x40, 0x47, 0x00, 0x02, 0x0A, 0x01, 0x03, 0x07, 0x02, 0x03,
  0x65, 0x00, 0x00, 0x00, 0x01, 0x5D, 0x00, 0x01, 0x01, 0x49, 0x4B, 0x06, 0x01, 0x04, 0x04, 0x07,
  0x5D, 0x0B, 0x09, 0x02, 0x07, 0x07, 0x4C, 0x4B, 0x00, 0x08, 0x08, 0x05, 0x5D, 0x00, 0x05, 0x05,
  0x4A, 0x05, 0x4C, 0x08, 0x08, 0x04, 0x04, 0x08, 0x13, 0x08, 0x13, 0x12, 0x11, 0x10, 0x0F, 0x0E,
  0x0D, 0x0C, 0x0B, 0x0A, 0x09, 0x04, 0x07, 0x04, 0x07, 0x12, 0x11, 0x10, 0x0C, 0x09, 0x17, 0x2B,
  0x01, 0x23, 0x35, 0x33, 0x15, 0x35, 0x33, 0x15, 0x21, 0x11, 0x23, 0x15, 0x21, 0x35, 0x23, 0x11,
  0x33, 0x11, 0x21, 0x11, 0x01, 0x77, 0x7D, 0x7D, 0x7D, 0x01, 0x77, 0x7D, 0xFD, 0x8F, 0x7D, 0xFA,
  0x01, 0x77, 0x03, 0x6B, 0x7D, 0xFA, 0x7D, 0x7D, 0xFE, 0x0C, 0x7D, 0x7D, 0x01, 0xF4, 0xFE, 0x0C,
  0x01, 0xF4, 0x00, 0x00, 0x00, 0x04, 0x00, 0x00, 0x00, 0x7D, 0x03, 0x6B, 0x03, 0xE8, 0x00, 0x03,
  0x00, 0x07, 0x00, 0x15, 0x00, 0x19, 0x00, 0x4D, 0x40, 0x4A, 0x0E, 0x0C, 0x02, 0x08, 0x00, 0x0B,
  0x07, 0x08, 0x0B, 0x65, 0x02, 0x01, 0x00, 0x00, 0x01, 0x5D, 0x03, 0x01, 0x01, 0x01, 0x49, 0x4B,
  0x06, 0x01, 0x04, 0x04, 0x07, 0x5D, 0x0D, 0x0A, 0x02, 0x07, 0x07, 0x4C, 0x4B, 0x00, 0x09, 0x09,
  0x05, 0x5E, 0x00, 0x05, 0x05, 0x4A, 0x05, 0x4C, 0x16, 0x16, 0x08, 0x08, 0x16, 0x19, 0x16, 0x19,
  0x18, 0x17, 0x08, 0x15, 0x08, 0x15, 0x14, 0x13, 0x11, 0x11, 0x11, 0x11, 0x12, 0x11, 0x11, 0x11,
  0x10, 0x0F, 0x09, 0x1D, 0x2B, 0x01, 0x23, 0x35, 0x33, 0x05, 0x23, 0x35, 0x33, 0x17, 0x11, 0x23,
  0x15, 0x21, 0x35, 0x23, 0x11, 0x33, 0x35, 0x33, 0x11, 0x21, 0x11, 0x35, 0x15, 0x23, 0x35, 0x01,
  0x77, 0x7D, 0x7D, 0x01, 0x77, 0x7D, 0x7D, 0x7D, 0x7D, 0xFD, 0x8F, 0x7D, 0x7D, 0x7D, 0x01, 0x77,
  0x7D, 0x03, 0x6B, 0x7D, 0x7D, 0x7D, 0xFA, 0xFE, 0x0C, 0x7D, 0x7D, 0x01, 0xF4, 0x7D, 0xFD, 0x8F,
  0x01, 0xF4, 0x7D, 0x7D, 0x7D, 0x00, 0x00, 0x00, 0x00, 0x02, 0x00, 0x00, 0x00, 0x7D, 0x03, 0x6B,
  0x03, 0xE8, 0x00, 0x03, 0x00, 0x0F, 0x00, 0x40, 0x40, 0x3D, 0x08, 0x01, 0x01, 0x01, 0x00, 0x5D,
  0x00, 0x00, 0x00, 0x49, 0x4B, 0x06, 0x01, 0x02, 0x02, 0x03, 0x5D, 0x05, 0x01, 0x03, 0x03, 0x4C,
  0x4B, 0x00, 0x04, 0x04, 0x07, 0x5D, 0x09, 0x01, 0x07, 0x07, 0x4A, 0x07, 0x4C, 0x04, 0x04, 0x00,
  0x00, 0x04, 0x0F, 0x04, 0x0F, 0x0E, 0x0D, 0x0C, 0x0B, 0x0A, 0x09, 0x08, 0x07, 0x06, 0x05, 0x00,
  0x03, 0x00, 0x03, 0x11, 0x0A, 0x09, 0x15, 0x2B, 0x13, 0x35, 0x21, 0x15, 0x01, 0x35, 0x23, 0x11,
  0x33, 0x11, 0x21, 0x11, 0x33, 0x11, 0x23, 0x15, 0x7D, 0x02, 0x71, 0xFD, 0x8F, 0x7D, 0xFA, 0x01,
  0x77, 0xFA, 0x7D, 0x03, 0x6B, 0x7D, 0x7D, 0xFD, 0x12, 0x7D, 0x01, 0xF4, 0xFE, 0x0C, 0x01, 0xF4,
  0xFE, 0x0C, 0x7D, 0x00, 0x00, 0x03, 0x00, 0x00, 0x00, 0x00, 0x03, 0x6B, 0x03, 0xE8, 0x00, 0x0F,
  0x00, 0x13, 0x00, 0x17, 0x00, 0x91, 0x4B, 0xB0, 0x0A, 0x50, 0x58, 0x40, 0x33, 0x00, 0x02, 0x01,
  0x08, 0x01, 0x02, 0x70, 0x00, 0x06, 0x03, 0x01, 0x01, 0x02, 0x06, 0x01, 0x65, 0x04, 0x01, 0x00,
  0x00, 0x05, 0x5D, 0x0C, 0x07, 0x02, 0x05, 0x05, 0x49, 0x4B, 0x00, 0x08, 0x08, 0x09, 0x5D, 0x00,
  0x09, 0x09, 0x4A, 0x4B, 0x00, 0x0A, 0x0A, 0x0B, 0x5D, 0x0D, 0x01, 0x0B, 0x0B, 0x4E, 0x0B, 0x4C,
  0x1B, 0x40, 0x34, 0x00, 0x02, 0x01, 0x08, 0x01, 0x02, 0x08, 0x7E, 0x00, 0x06, 0x03, 0x01, 0x01,
  0x02, 0x06, 0x01, 0x65, 0x04, 0x01, 0x00, 0x00, 0x05, 0x5D, 0x0C, 0x07, 0x02, 0x05, 0x05, 0x49,
  0x4B, 0x00, 0x08, 0x08, 0x09, 0x5D, 0x00, 0x09, 0x09, 0x4A, 0x4B, 0x00, 0x0A, 0x0A, 0x0B, 0x5D,
  0x0D, 0x01, 0x0B, 0x0B, 0x4E, 0x0B, 0x4C, 0x59, 0x40, 0x1C, 0x14, 0x14, 0x00, 0x00, 0x14, 0x17,
  0x14, 0x17, 0x16, 0x15, 0x13, 0x12, 0x11, 0x10, 0x00, 0x0F, 0x00, 0x0F, 0x11, 0x11, 0x11, 0x11,
  0x11, 0x11, 0x11, 0x0E, 0x09, 0x1B, 0x2B, 0x01, 0x11, 0x23, 0x15, 0x23, 0x15, 0x23, 0x35, 0x23,
  0x35, 0x23, 0x11, 0x33, 0x11, 0x21, 0x11, 0x01, 0x33, 0x15, 0x23, 0x17, 0x35, 0x33, 0x15, 0x03,
  0x6B, 0x7D, 0xFA, 0x7D, 0xFA, 0x7D, 0xFA, 0x01, 0x77, 0xFE, 0x89, 0x7D, 0x7D, 0x7D, 0xFA, 0x03,
  0xE8, 0xFE, 0x0C, 0x7D, 0x7D, 0x7D, 0x7D, 0x01, 0xF4, 0xFE, 0x0C, 0x01, 0xF4, 0xFD, 0x12, 0x7D,
  0x7D, 0x7D, 0x7D, 0x00, 0x00, 0x03, 0x00, 0x00, 0x00, 0x7D, 0x03, 0x6B, 0x03, 0xE8, 0x00, 0x0F,
  0x00, 0x13, 0x00, 0x1F, 0x00, 0x65, 0x40, 0x62, 0x0F, 0x01, 0x0B, 0x0D, 0x00, 0x0D, 0x0B, 0x00,
  0x7E, 0x04, 0x01, 0x02, 0x0E, 0x01, 0x0C, 0x01, 0x02, 0x0C, 0x65, 0x00, 0x09, 0x09, 0x03, 0x5D,
  0x00, 0x03, 0x03, 0x49, 0x4B, 0x00, 0x0D, 0x0D, 0x01, 0x5D, 0x08, 0x05, 0x02, 0x01, 0x01, 0x4C,
  0x4B, 0x06, 0x01, 0x00, 0x00, 0x01, 0x5D, 0x08, 0x05, 0x02, 0x01, 0x01, 0x4C, 0x4B, 0x00, 0x0A,
  0x0A, 0x07, 0x5E, 0x10, 0x01, 0x07, 0x07, 0x4A, 0x07, 0x4C, 0x00, 0x00, 0x1F, 0x1E, 0x1D, 0x1C,
  0x1B, 0x1A, 0x19, 0x18, 0x17, 0x16, 0x15, 0x14, 0x13, 0x12, 0x11, 0x10, 0x00, 0x0F, 0x00, 0x0F,
  0x11, 0x11, 0x11, 0x11, 0x11, 0x11, 0x11, 0x11, 0x09, 0x1B, 0x2B, 0x37, 0x35, 0x23, 0x11, 0x33,
  0x35, 0x33, 0x35, 0x21, 0x15, 0x33, 0x15, 0x33, 0x11, 0x23, 0x15, 0x01, 0x33, 0x35, 0x23, 0x03,
  0x21, 0x11, 0x33, 0x35, 0x23, 0x15, 0x21, 0x35, 0x23, 0x15, 0x33, 0x7D, 0x7D, 0x7D, 0x7D, 0x01,
  0x77, 0x7D, 0x7D, 0x7D, 0xFE, 0x89, 0x7D, 0x7D, 0x7D, 0x01, 0x77, 0x7D, 0x7D, 0xFE, 0x89, 0x7D,
  0x7D, 0x7D, 0x7D, 0x01, 0xF4, 0x7D, 0x7D, 0x7D, 0x7D, 0xFE, 0x0C, 0x7D, 0x02, 0x71, 0x7D, 0xFD,
  0x8F, 0x01, 0x77, 0x7D, 0x7D, 0x7D, 0x7D, 0x00, 0x00, 0x03, 0x00, 0x00, 0x00, 0x7D, 0x03, 0x6B,
  0x03, 0xE8, 0x00, 0x07, 0x00, 0x0B, 0x00, 0x19, 0x00, 0x48, 0x40, 0x45, 0x0A, 0x01, 0x02, 0x00,
  0x03, 0x09, 0x02, 0x03, 0x65, 0x04, 0x01, 0x00, 0x00, 0x01, 0x5D, 0x05, 0x01, 0x01, 0x01, 0x49,
  0x4B, 0x08, 0x01, 0x06, 0x06, 0x09, 0x5D, 0x0D, 0x0C, 0x02, 0x09, 0x09, 0x4C, 0x4B, 0x00, 0x0B,
  0x0B, 0x07, 0x5E, 0x00, 0x07, 0x07, 0x4A, 0x07, 0x4C, 0x0C, 0x0C, 0x0C, 0x19, 0x0C, 0x19, 0x18,
  0x17, 0x16, 0x15, 0x14, 0x13, 0x11, 0x11, 0x12, 0x11, 0x11, 0x11, 0x11, 0x11, 0x10, 0x0E, 0x09,
  0x1D, 0x2B, 0x01, 0x23, 0x35, 0x33, 0x15, 0x33, 0x15, 0x23, 0x25, 0x23, 0x35, 0x33, 0x17, 0x11,
  0x23, 0x15, 0x21, 0x35, 0x23, 0x11, 0x33, 0x35, 0x33, 0x11, 0x21, 0x11, 0x01, 0x77, 0x7D, 0xFA,
  0x7D, 0xFA, 0x01, 0x77, 0x7D, 0x7D, 0x7D, 0x7D, 0xFD, 0x8F, 0x7D, 0x7D, 0x7D, 0x01, 0x77, 0x03,
  0x6B, 0x7D, 0x7D, 0x7D, 0x7D, 0x7D, 0xFA, 0xFE, 0x0C, 0x7D, 0x7D, 0x01, 0xF4, 0x7D, 0xFD, 0x8F,
  0x01, 0xF4, 0x00, 0x00, 0x00, 0x01, 0x00, 0x00, 0x00, 0x7D, 0x03, 0x6B, 0x03, 0xE8, 0x00, 0x17,
  0x00, 0x79, 0x4B, 0xB0, 0x0A, 0x50, 0x58, 0x40, 0x2A, 0x09, 0x01, 0x01, 0x05, 0x00, 0x02, 0x01,
  0x70, 0x06, 0x01, 0x04, 0x0A, 0x01, 0x00, 0x0B, 0x04, 0x00, 0x65, 0x08, 0x01, 0x02, 0x02, 0x03,
  0x5D, 0x07, 0x01, 0x03, 0x03, 0x49, 0x4B, 0x00, 0x05, 0x05, 0x0B, 0x5D, 0x0C, 0x01, 0x0B, 0x0B,
  0x4A, 0x0B, 0x4C, 0x1B, 0x40, 0x2B, 0x09, 0x01, 0x01, 0x05, 0x00, 0x05, 0x01, 0x00, 0x7E, 0x06,
  0x01, 0x04, 0x0A, 0x01, 0x00, 0x0B, 0x04, 0x00, 0x65, 0x08, 0x01, 0x02, 0x02, 0x03, 0x5D, 0x07,
  0x01, 0x03, 0x03, 0x49, 0x4B, 0x00, 0x05, 0x05, 0x0B, 0x5D, 0x0C, 0x01, 0x0B, 0x0B, 0x4A, 0x0B,
  0x4C, 0x59, 0x40, 0x16, 0x00, 0x00, 0x00, 0x17, 0x00, 0x17, 0x16, 0x15, 0x14, 0x13, 0x11, 0x11,
  0x11, 0x11, 0x11, 0x11, 0x11, 0x11, 0x11, 0x0D, 0x09, 0x1D, 0x2B, 0x25, 0x35, 0x23, 0x35, 0x23,
  0x35, 0x23, 0x11, 0x33, 0x11, 0x33, 0x15, 0x33, 0x35, 0x33, 0x11, 0x33, 0x11, 0x23, 0x15, 0x23,
  0x15, 0x23, 0x15, 0x01, 0x77, 0x7D, 0x7D, 0x7D, 0xFA, 0x7D, 0x7D, 0x7D, 0xFA, 0x7D, 0x7D, 0x7D,
  0x7D, 0x7D, 0x7D, 0x7D, 0x01, 0xF4, 0xFE, 0x89, 0x7D, 0x7D, 0x01, 0x77, 0xFE, 0x0C, 0x7D, 0x7D,
  0x7D, 0x00, 0x00, 0x00, 0x00, 0x01, 0x00, 0x00, 0x00, 0x7D, 0x03, 0x6B, 0x03, 0xE8, 0x00, 0x17,
  0x00, 0x39, 0x40, 0x36, 0x04, 0x01, 0x02, 0x0A, 0x08, 0x06, 0x03, 0x00, 0x07, 0x02, 0x00, 0x65,
  0x00, 0x09, 0x09, 0x01, 0x5D, 0x05, 0x03, 0x02, 0x01, 0x01, 0x49, 0x4B, 0x0C, 0x0B, 0x02, 0x07,
  0x07, 0x4A, 0x07, 0x4C, 0x00, 0x00, 0x00, 0x17, 0x00, 0x17, 0x16, 0x15, 0x14, 0x13, 0x11, 0x11,
  0x11, 0x11, 0x11, 0x11, 0x11, 0x11, 0x11, 0x0D, 0x09, 0x1D, 0x2B, 0x37, 0x35, 0x23, 0x11, 0x33,
  0x11, 0x33, 0x11, 0x33, 0x11, 0x33, 0x11, 0x33, 0x11, 0x23, 0x15, 0x23, 0x35, 0x23, 0x35, 0x23,
  0x15, 0x23, 0x15, 0x7D, 0x7D, 0xFA, 0x7D, 0x7D, 0x7D, 0xFA, 0x7D, 0x7D, 0x7D, 0x7D, 0x7D, 0x7D,
  0x7D, 0x02, 0xEE, 0xFE, 0x0C, 0x01, 0xF4, 0xFE, 0x0C, 0x01, 0xF4, 0xFD, 0x12, 0x7D, 0x7D, 0x7D,
  0x7D, 0x7D, 0x00, 0x00, 0x00, 0x02, 0x00, 0x00, 0x00, 0x7D, 0x03, 0x6B, 0x03, 0xE8, 0x00, 0x0F,
  0x00, 0x1B, 0x00, 0x97, 0x4B, 0xB0, 0x0A, 0x50, 0x58, 0x40, 0x36, 0x03, 0x01, 0x01, 0x0C, 0x0B,
  0x0C, 0x01, 0x0B, 0x7E, 0x0D, 0x01, 0x0B, 0x00, 0x0C, 0x0B, 0x6E, 0x00, 0x09, 0x00, 0x06, 0x05,
  0x09, 0x06, 0x65, 0x00, 0x0C, 0x0C, 0x02, 0x5D, 0x00, 0x02, 0x02, 0x49, 0x4B, 0x04, 0x01, 0x00,
  0x00, 0x4C, 0x4B, 0x0A, 0x01, 0x08, 0x08, 0x05, 0x5E, 0x0E, 0x07, 0x02, 0x05, 0x05, 0x4A, 0x05,
  0x4C, 0x1B, 0x40, 0x37, 0x03, 0x01, 0x01, 0x0C, 0x0B, 0x0C, 0x01, 0x0B, 0x7E, 0x0D, 0x01, 0x0B,
  0x00, 0x0C, 0x0B, 0x00, 0x7C, 0x00, 0x09, 0x00, 0x06, 0x05, 0x09, 0x06, 0x65, 0x00, 0x0C, 0x0C,
  0x02, 0x5D, 0x00, 0x02, 0x02, 0x49, 0x4B, 0x04, 0x01, 0x00, 0x00, 0x4C, 0x4B, 0x0A, 0x01, 0x08,
  0x08, 0x05, 0x5E, 0x0E, 0x07, 0x02, 0x05, 0x05, 0x4A, 0x05, 0x4C, 0x59, 0x40, 0x1C, 0x00, 0x00,
  0x1B, 0x1A, 0x19, 0x18, 0x17, 0x16, 0x15, 0x14, 0x13, 0x12, 0x11, 0x10, 0x00, 0x0F, 0x00, 0x0F,
  0x11, 0x11, 0x11, 0x11, 0x11, 0x11, 0x11, 0x0F, 0x09, 0x1B, 0x2B, 0x35, 0x11, 0x33, 0x35, 0x33,
  0x35, 0x21, 0x15, 0x33, 0x15, 0x33, 0x11, 0x21, 0x35, 0x23, 0x15, 0x03, 0x33, 0x35, 0x33, 0x15,
  0x33, 0x35, 0x23, 0x35, 0x23, 0x15, 0x23, 0x7D, 0x7D, 0x01, 0x77, 0x7D, 0x7D, 0xFE, 0x89, 0x7D,
  0x7D, 0x7D, 0x7D, 0x7D, 0x7D, 0x7D, 0x7D, 0x7D, 0x02, 0x71, 0x7D, 0x7D, 0x7D, 0x7D, 0xFD, 0x8F,
  0x7D, 0x7D, 0x01, 0x77, 0x7D, 0x7D, 0xFA, 0x7D, 0x7D, 0x00, 0x00, 0x00, 0x00, 0x01, 0x00, 0x00,
  0x00, 0x7D, 0x03, 0x6B, 0x03, 0xE8, 0x00, 0x23, 0x00, 0xAE, 0x4B, 0xB0, 0x0A, 0x50, 0x58, 0x40,
  0x3E, 0x0A, 0x01, 0x02, 0x05, 0x06, 0x03, 0x02, 0x70, 0x0B, 0x01, 0x01, 0x0F, 0x0E, 0x00, 0x01,
  0x70, 0x00, 0x06, 0x00, 0x0F, 0x01, 0x06, 0x0F, 0x65, 0x09, 0x01, 0x03, 0x03, 0x04, 0x5D, 0x08,
  0x01, 0x04, 0x04, 0x49, 0x4B, 0x10, 0x01, 0x0E, 0x0E, 0x05, 0x5D, 0x07, 0x01, 0x05, 0x05, 0x4C,
  0x4B, 0x0C, 0x01, 0x00, 0x00, 0x0D, 0x5E, 0x12, 0x11, 0x02, 0x0D, 0x0D, 0x4A, 0x0D, 0x4C, 0x1B,
  0x40, 0x40, 0x0A, 0x01, 0x02, 0x05, 0x06, 0x05, 0x02, 0x06, 0x7E, 0x0B, 0x01, 0x01, 0x0F, 0x0E,
  0x0F, 0x01, 0x0E, 0x7E, 0x00, 0x06, 0x00, 0x0F, 0x01, 0x06, 0x0F, 0x65, 0x09, 0x01, 0x03, 0x03,
  0x04, 0x5D, 0x08, 0x01, 0x04, 0x04, 0x49, 0x4B, 0x10, 0x01, 0x0E, 0x0E, 0x05, 0x5D, 0x07, 0x01,
  0x05, 0x05, 0x4C, 0x4B, 0x0C, 0x01, 0x00, 0x00, 0x0D, 0x5E, 0x12, 0x11, 0x02, 0x0D, 0x0D, 0x4A,
  0x0D, 0x4C, 0x59, 0x40, 0x22, 0x00, 0x00, 0x00, 0x23, 0x00, 0x23, 0x22, 0x21, 0x20, 0x1F, 0x1E,
  0x1D, 0x1C, 0x1B, 0x1A, 0x19, 0x18, 0x17, 0x16, 0x15, 0x14, 0x13, 0x11, 0x11, 0x11, 0x11, 0x11,
  0x11, 0x11, 0x11, 0x11, 0x13, 0x09, 0x1D, 0x2B, 0x35, 0x35, 0x33, 0x35, 0x33, 0x35, 0x23, 0x35,
  0x23, 0x35, 0x33, 0x15, 0x33, 0x15, 0x33, 0x35, 0x33, 0x35, 0x33, 0x15, 0x23, 0x15, 0x23, 0x15,
  0x33, 0x15, 0x33, 0x15, 0x23, 0x35, 0x23, 0x35, 0x23, 0x15, 0x23, 0x15, 0x7D, 0x7D, 0x7D, 0x7D,
  0xFA, 0x7D, 0x7D, 0x7D, 0xFA, 0x7D, 0x7D, 0x7D, 0x7D, 0xFA, 0x7D, 0x7D, 0x7D, 0x7D, 0xFA, 0x7D,
  0x7D, 0x7D, 0xFA, 0xFA, 0x7D, 0x7D, 0xFA, 0xFA, 0x7D, 0x7D, 0x7D, 0xFA, 0xFA, 0x7D, 0x7D, 0xFA,
  0x00, 0x01, 0x00, 0x7D, 0x00, 0x7D, 0x03, 0x6B, 0x03, 0xE8, 0x00, 0x0F, 0x00, 0x5F, 0x4B, 0xB0,
  0x0A, 0x50, 0x58, 0x40, 0x20, 0x06, 0x01, 0x00, 0x03, 0x07, 0x01, 0x00, 0x70, 0x05, 0x01, 0x01,
  0x01, 0x02, 0x5D, 0x04, 0x01, 0x02, 0x02, 0x49, 0x4B, 0x00, 0x03, 0x03, 0x07, 0x5D, 0x08, 0x01,
  0x07, 0x07, 0x4A, 0x07, 0x4C, 0x1B, 0x40, 0x21, 0x06, 0x01, 0x00, 0x03, 0x07, 0x03, 0x00, 0x07,
  0x7E, 0x05, 0x01, 0x01, 0x01, 0x02, 0x5D, 0x04, 0x01, 0x02, 0x02, 0x49, 0x4B, 0x00, 0x03, 0x03,
  0x07, 0x5D, 0x08, 0x01, 0x07, 0x07, 0x4A, 0x07, 0x4C, 0x59, 0x40, 0x10, 0x00, 0x00, 0x00, 0x0F,
  0x00, 0x0F, 0x11, 0x11, 0x11, 0x11, 0x11, 0x11, 0x11, 0x09, 0x09, 0x1B, 0x2B, 0x25, 0x11, 0x23,
  0x35, 0x23, 0x11, 0x33, 0x11, 0x33, 0x11, 0x33, 0x11, 0x23, 0x15, 0x23, 0x11, 0x01, 0x77, 0x7D,
  0x7D, 0xFA, 0xFA, 0xFA, 0x7D, 0x7D, 0x7D, 0x01, 0x77, 0x7D, 0x01, 0x77, 0xFE, 0x89, 0x01, 0x77,
  0xFE, 0x89, 0x7D, 0xFE, 0x89, 0x00, 0x00, 0x00, 0x00, 0x03, 0x00, 0x7D, 0x00, 0x7D, 0x03, 0x6B,
  0x03, 0xE8, 0x00, 0x03, 0x00, 0x07, 0x00, 0x17, 0x00, 0x89, 0x4B, 0xB0, 0x0A, 0x50, 0x58, 0x40,
  0x32, 0x07, 0x01, 0x05, 0x0A, 0x06, 0x04, 0x05, 0x70, 0x00, 0x03, 0x00, 0x02, 0x09, 0x03, 0x02,
  0x65, 0x00, 0x00, 0x00, 0x01, 0x5D, 0x00, 0x01, 0x01, 0x49, 0x4B, 0x08, 0x01, 0x04, 0x04, 0x09,
  0x5D, 0x0C, 0x0B, 0x02, 0x09, 0x09, 0x4C, 0x4B, 0x00, 0x0A, 0x0A, 0x06, 0x5D, 0x00, 0x06, 0x06,
  0x4A, 0x06, 0x4C, 0x1B, 0x40, 0x33, 0x07, 0x01, 0x05, 0x0A, 0x06, 0x0A, 0x05, 0x06, 0x7E, 0x00,
  0x03, 0x00, 0x02, 0x09, 0x03, 0x02, 0x65, 0x00, 0x00, 0x00, 0x01, 0x5D, 0x00, 0x01, 0x01, 0x49,
  0x4B, 0x08, 0x01, 0x04, 0x04, 0x09, 0x5D, 0x0C, 0x0B, 0x02, 0x09, 0x09, 0x4C, 0x4B, 0x00, 0x0A,
  0x0A, 0x06, 0x5D, 0x00, 0x06, 0x06, 0x4A, 0x06, 0x4C, 0x59, 0x40, 0x16, 0x08, 0x08, 0x08, 0x17,
  0x08, 0x17, 0x16, 0x15, 0x14, 0x13, 0x11, 0x11, 0x11, 0x11, 0x12, 0x11, 0x11, 0x11, 0x10, 0x0D,
  0x09, 0x1D, 0x2B, 0x01, 0x23, 0x35, 0x33, 0x07, 0x23, 0x35, 0x33, 0x05, 0x15, 0x23, 0x15, 0x23,
  0x15, 0x23, 0x35, 0x23, 0x35, 0x23, 0x35, 0x33, 0x15, 0x33, 0x35, 0x02, 0x71, 0x7D, 0x7D, 0x7D,
  0x7D, 0x7D, 0x01, 0x77, 0x7D, 0x7D, 0xFA, 0x7D, 0x7D, 0xFA, 0xFA, 0x03, 0x6B, 0x7D, 0xFA, 0x7D,
  0x7D, 0xFA, 0x7D, 0xFA, 0xFA, 0x7D, 0xFA, 0xFA, 0xFA, 0x00, 0x00, 0x00, 0x00, 0x02, 0x00, 0x7D,
  0x00, 0x7D, 0x03, 0x6B, 0x03, 0xE8, 0x00, 0x13, 0x00, 0x17, 0x00, 0x45, 0x40, 0x42, 0x05, 0x01,
  0x03, 0x08, 0x01, 0x00, 0x09, 0x03, 0x00, 0x65, 0x00, 0x0B, 0x0B, 0x04, 0x5D, 0x00, 0x04, 0x04,
  0x49, 0x4B, 0x07, 0x01, 0x01, 0x01, 0x02, 0x5D, 0x06, 0x01, 0x02, 0x02, 0x4C, 0x4B, 0x00, 0x0A,
  0x0A, 0x09, 0x5D, 0x0C, 0x01, 0x09, 0x09, 0x4A, 0x09, 0x4C, 0x00, 0x00, 0x17, 0x16, 0x15, 0x14,
  0x00, 0x13, 0x00, 0x13, 0x11, 0x11, 0x11, 0x11, 0x11, 0x11, 0x11, 0x11, 0x11, 0x0D, 0x09, 0x1D,
  0x2B, 0x25, 0x35, 0x23, 0x35, 0x23, 0x35, 0x33, 0x35, 0x33, 0x35, 0x33, 0x15, 0x33, 0x15, 0x33,
  0x15, 0x23, 0x15, 0x23, 0x15, 0x03, 0x33, 0x11, 0x23, 0x01, 0x77, 0x7D, 0x7D, 0x7D, 0x7D, 0xFA,
  0x7D, 0x7D, 0x7D, 0x7D, 0xFA, 0xFA, 0xFA, 0x7D, 0xFA, 0x7D, 0xFA, 0x7D, 0x7D, 0x7D, 0x7D, 0xFA,
  0x7D, 0xFA, 0x01, 0x77, 0x01, 0x77, 0x00, 0x00, 0x00, 0x03, 0x00, 0x7D, 0x00, 0x7D, 0x03, 0x6B,
  0x03, 0xE8, 0x00, 0x03, 0x00, 0x07, 0x00, 0x17, 0x00, 0x91, 0x4B, 0xB0, 0x0A, 0x50, 0x58, 0x40,
  0x2E, 0x0A, 0x01, 0x04, 0x07, 0x0B, 0x05, 0x04, 0x70, 0x0D, 0x03, 0x0C, 0x03, 0x01, 0x01, 0x00,
  0x5D, 0x02, 0x01, 0x00, 0x00, 0x49, 0x4B, 0x09, 0x01, 0x05, 0x05, 0x06, 0x5D, 0x08, 0x01, 0x06,
  0x06, 0x4C, 0x4B, 0x00, 0x07, 0x07, 0x0B, 0x5D, 0x0E, 0x01, 0x0B, 0x0B, 0x4A, 0x0B, 0x4C, 0x1B,
  0x40, 0x2F, 0x0A, 0x01, 0x04, 0x07, 0x0B, 0x07, 0x04, 0x0B, 0x7E, 0x0D, 0x03, 0x0C, 0x03, 0x01,
  0x01, 0x00, 0x5D, 0x02, 0x01, 0x00, 0x00, 0x49, 0x4B, 0x09, 0x01, 0x05, 0x05, 0x06, 0x5D, 0x08,
  0x01, 0x06, 0x06, 0x4C, 0x4B, 0x00, 0x07, 0x07, 0x0B, 0x5D, 0x0E, 0x01, 0x0B, 0x0B, 0x4A, 0x0B,
  0x4C, 0x59, 0x40, 0x26, 0x08, 0x08, 0x04, 0x04, 0x00, 0x00, 0x08, 0x17, 0x08, 0x17, 0x16, 0x15,
  0x14, 0x13, 0x12, 0x11, 0x10, 0x0F, 0x0E, 0x0D, 0x0C, 0x0B, 0x0A, 0x09, 0x04, 0x07, 0x04, 0x07,
  0x06, 0x05, 0x00, 0x03, 0x00, 0x03, 0x11, 0x0F, 0x09, 0x15, 0x2B, 0x13, 0x35, 0x33, 0x15, 0x33,
  0x35, 0x33, 0x15, 0x01, 0x35, 0x23, 0x35, 0x23, 0x35, 0x33, 0x15, 0x33, 0x35, 0x33, 0x15, 0x23,
  0x15, 0x23, 0x15, 0x7D, 0xFA, 0xFA, 0xFA, 0xFE, 0x0C, 0x7D, 0x7D, 0xFA, 0xFA, 0xFA, 0x7D, 0x7D,
  0x03, 0x6B, 0x7D, 0x7D, 0x7D, 0x7D, 0xFD, 0x12, 0xFA, 0x7D, 0xFA, 0xFA, 0xFA, 0xFA, 0x7D, 0xFA,
  0x00, 0x01, 0x00, 0x00, 0x00, 0x7D, 0x03, 0x6B, 0x03, 0xE8, 0x00, 0x17, 0x00, 0xBC, 0x4B, 0xB0,
  0x0A, 0x50, 0x58, 0x40, 0x4B, 0x00, 0x06, 0x04, 0x03, 0x04, 0x06, 0x70, 0x00, 0x07, 0x03, 0x02,
  0x03, 0x07, 0x02, 0x7E, 0x00, 0x02, 0x08, 0x03, 0x02, 0x08, 0x7C, 0x00, 0x08, 0x01, 0x03, 0x08,
  0x01, 0x7C, 0x00, 0x01, 0x09, 0x03, 0x01, 0x09, 0x7C, 0x00, 0x00, 0x09, 0x0A, 0x0A, 0x00, 0x70,
  0x00, 0x04, 0x04, 0x05, 0x5D, 0x00, 0x05, 0x05, 0x49, 0x4B, 0x00, 0x09, 0x09, 0x03, 0x5D, 0x00,
  0x03, 0x03, 0x4C, 0x4B, 0x00, 0x0A, 0x0A, 0x0B, 0x5E, 0x0C, 0x01, 0x0B, 0x0B, 0x4A, 0x0B, 0x4C,
  0x1B, 0x40, 0x4D, 0x00, 0x06, 0x04, 0x03, 0x04, 0x06, 0x03, 0x7E, 0x00, 0x07, 0x03, 0x02, 0x03,
  0x07, 0x02, 0x7E, 0x00, 0x02, 0x08, 0x03, 0x02, 0x08, 0x7C, 0x00, 0x08, 0x01, 0x03, 0x08, 0x01,
  0x7C, 0x00, 0x01, 0x09, 0x03, 0x01, 0x09, 0x7C, 0x00, 0x00, 0x09, 0x0A, 0x09, 0x00, 0x0A, 0x7E,
  0x00, 0x04, 0x04, 0x05, 0x5D, 0x00, 0x05, 0x05, 0x49, 0x4B, 0x00, 0x09, 0x09, 0x03, 0x5D, 0x00,
  0x03, 0x03, 0x4C, 0x4B, 0x00, 0x0A, 0x0A, 0x0B, 0x5E, 0x0C, 0x01, 0x0B, 0x0B, 0x4A, 0x0B, 0x4C,
  0x59, 0x40, 0x16, 0x00, 0x00, 0x00, 0x17, 0x00, 0x17, 0x16, 0x15, 0x14, 0x13, 0x11, 0x11, 0x11,
  0x11, 0x11, 0x11, 0x11, 0x11, 0x11, 0x0D, 0x09, 0x1D, 0x2B, 0x35, 0x35, 0x33, 0x35, 0x33, 0x35,
  0x33, 0x35, 0x33, 0x35, 0x21, 0x35, 0x21, 0x15, 0x23, 0x15, 0x23, 0x15, 0x23, 0x15, 0x23, 0x15,
  0x21, 0x15, 0x7D, 0x7D, 0x7D, 0x7D, 0xFE, 0x0C, 0x03, 0x6B, 0x7D, 0x7D, 0x7D, 0x7D, 0x01, 0xF4,
  0x7D, 0xFA, 0x7D, 0x7D, 0x7D, 0x7D, 0x7D, 0xFA, 0x7D, 0x7D, 0x7D, 0x7D, 0x7D, 0x00, 0x00, 0x00,
  0x00, 0x02, 0x00, 0x00, 0x00, 0x7D, 0x03, 0x6B, 0x03, 0xE8, 0x00, 0x03, 0x00, 0x1B, 0x00, 0xB6,
  0x4B, 0xB0, 0x0A, 0x50, 0x58, 0x40, 0x46, 0x00, 0x0C, 0x00, 0x0B, 0x00, 0x0C, 0x0B, 0x7E, 0x00,
  0x03, 0x02, 0x09, 0x02, 0x03, 0x70, 0x00, 0x09, 0x04, 0x02, 0x09, 0x04, 0x7C, 0x00, 0x04, 0x08,
  0x02, 0x04, 0x08, 0x7C, 0x00, 0x08, 0x05, 0x05, 0x08, 0x6E, 0x00, 0x00, 0x00, 0x01, 0x5D, 0x00,
  0x01, 0x01, 0x49, 0x4B, 0x0A, 0x01, 0x02, 0x02, 0x0B, 0x5D, 0x0E, 0x0D, 0x02, 0x0B, 0x0B, 0x4C,
  0x4B, 0x07, 0x01, 0x05, 0x05, 0x06, 0x5E, 0x00, 0x06, 0x06, 0x4A, 0x06, 0x4C, 0x1B, 0x40, 0x48,
  0x00, 0x0C, 0x00, 0x0B, 0x00, 0x0C, 0x0B, 0x7E, 0x00, 0x03, 0x02, 0x09, 0x02, 0x03, 0x09, 0x7E,
  0x00, 0x09, 0x04, 0x02, 0x09, 0x04, 0x7C, 0x00, 0x04, 0x08, 0x02, 0x04, 0x08, 0x7C, 0x00, 0x08,
  0x05, 0x02, 0x08, 0x05, 0x7C, 0x00, 0x00, 0x00, 0x01, 0x5D, 0x00, 0x01, 0x01, 0x49, 0x4B, 0x0A,
  0x01, 0x02, 0x02, 0x0B, 0x5D, 0x0E, 0x0D, 0x02, 0x0B, 0x0B, 0x4C, 0x4B, 0x07, 0x01, 0x05, 0x05,
  0x06, 0x5E, 0x00, 0x06, 0x06, 0x4A, 0x06, 0x4C, 0x59, 0x40, 0x1A, 0x04, 0x04, 0x04, 0x1B, 0x04,
  0x1B, 0x1A, 0x19, 0x18, 0x17, 0x16, 0x15, 0x14, 0x13, 0x11, 0x11, 0x11, 0x11, 0x11, 0x11, 0x12,
  0x11, 0x10, 0x0F, 0x09, 0x1D, 0x2B, 0x01, 0x23, 0x35, 0x33, 0x17, 0x15, 0x23, 0x15, 0x23, 0x15,
  0x23, 0x15, 0x21, 0x15, 0x21, 0x35, 0x33, 0x35, 0x33, 0x35, 0x33, 0x35, 0x21, 0x35, 0x21, 0x35,
  0x33, 0x15, 0x02, 0x71, 0x7D, 0x7D, 0xFA, 0x7D, 0x7D, 0x7D, 0x01, 0x77, 0xFC, 0x95, 0x7D, 0x7D,
  0x7D, 0xFE, 0x89, 0x01, 0x77, 0x7D, 0x03, 0x6B, 0x7D, 0xFA, 0x7D, 0x7D, 0x7D, 0x7D, 0x7D, 0x7D,
  0x7D, 0x7D, 0x7D, 0x7D, 0x7D, 0x7D, 0x00, 0x00, 0x00, 0x01, 0x00, 0x00, 0x00, 0x7D, 0x03, 0x6B,
  0x03, 0xE8, 0x00, 0x1F, 0x00, 0xBE, 0x4B, 0xB0, 0x0A, 0x50, 0x58, 0x40, 0x48, 0x00, 0x07, 0x05,
  0x04, 0x05, 0x07, 0x04, 0x7E, 0x00, 0x0C, 0x03, 0x02, 0x03, 0x0C, 0x70, 0x00, 0x02, 0x0D, 0x03,
  0x02, 0x0D, 0x7C, 0x00, 0x0D, 0x01, 0x03, 0x0D, 0x01, 0x7C, 0x00, 0x01, 0x00, 0x00, 0x01, 0x6E,
  0x09, 0x01, 0x05, 0x05, 0x06, 0x5D, 0x08, 0x01, 0x06, 0x06, 0x49, 0x4B, 0x0B, 0x01, 0x03, 0x03,
  0x04, 0x5D, 0x0A, 0x01, 0x04, 0x04, 0x4C, 0x4B, 0x0E, 0x01, 0x00, 0x00, 0x0F, 0x5E, 0x10, 0x01,
  0x0F, 0x0F, 0x4A, 0x0F, 0x4C, 0x1B, 0x40, 0x4A, 0x00, 0x07, 0x05, 0x04, 0x05, 0x07, 0x04, 0x7E,
  0x00, 0x0C, 0x03, 0x02, 0x03, 0x0C, 0x02, 0x7E, 0x00, 0x02, 0x0D, 0x03, 0x02, 0x0D, 0x7C, 0x00,
  0x0D, 0x01, 0x03, 0x0D, 0x01, 0x7C, 0x00, 0x01, 0x00, 0x03, 0x01, 0x00, 0x7C, 0x09, 0x01, 0x05,
  0x05, 0x06, 0x5D, 0x08, 0x01, 0x06, 0x06, 0x49, 0x4B, 0x0B, 0x01, 0x03, 0x03, 0x04, 0x5D, 0x0A,
  0x01, 0x04, 0x04, 0x4C, 0x4B, 0x0E, 0x01, 0x00, 0x00, 0x0F, 0x5E, 0x10, 0x01, 0x0F, 0x0F, 0x4A,
  0x0F, 0x4C, 0x59, 0x40, 0x1E, 0x00, 0x00, 0x00, 0x1F, 0x00, 0x1F, 0x1E, 0x1D, 0x1C, 0x1B, 0x1A,
  0x19, 0x18, 0x17, 0x16, 0x15, 0x14, 0x13, 0x11, 0x11, 0x11, 0x11, 0x11, 0x11, 0x11, 0x11, 0x11,
  0x11, 0x09, 0x1D, 0x2B, 0x35, 0x35, 0x33, 0x35, 0x33, 0x35, 0x33, 0x35, 0x21, 0x35, 0x33, 0x35,
  0x23, 0x35, 0x33, 0x15, 0x33, 0x35, 0x33, 0x15, 0x23, 0x15, 0x33, 0x15, 0x23, 0x15, 0x23, 0x15,
  0x23, 0x15, 0x21, 0x15, 0x7D, 0x7D, 0x7D, 0xFE, 0x89, 0xFA, 0x7D, 0xFA, 0x7D, 0xFA, 0x7D, 0xFA,
  0x7D, 0x7D, 0x7D, 0x01, 0x77, 0x7D, 0x7D, 0x7D, 0x7D, 0x7D, 0x7D, 0x7D, 0x7D, 0x7D, 0x7D, 0x7D,
  0x7D, 0x7D, 0x7D, 0x7D, 0x7D, 0x7D, 0x00, 0x00, 0x00, 0x02, 0x00, 0x00, 0x00, 0x7D, 0x03, 0x6B,
  0x03, 0xE8, 0x00, 0x03, 0x00, 0x17, 0x00, 0xAE, 0x4B, 0xB0, 0x0A, 0x50, 0x58, 0x40, 0x3E, 0x00,
  0x08, 0x05, 0x04, 0x05, 0x08, 0x70, 0x00, 0x04, 0x09, 0x05, 0x04, 0x09, 0x7C, 0x00, 0x09, 0x03,
  0x05, 0x09, 0x03, 0x7C, 0x00, 0x03, 0x02, 0x02, 0x03, 0x6E, 0x0C, 0x01, 0x01, 0x01, 0x00, 0x5D,
  0x00, 0x00, 0x00, 0x49, 0x4B, 0x07, 0x01, 0x05, 0x05, 0x06, 0x5D, 0x00, 0x06, 0x06, 0x4C, 0x4B,
  0x0A, 0x01, 0x02, 0x02, 0x0B, 0x5E, 0x0D, 0x01, 0x0B, 0x0B, 0x4A, 0x0B, 0x4C, 0x1B, 0x40, 0x40,
  0x00, 0x08, 0x05, 0x04, 0x05, 0x08, 0x04, 0x7E, 0x00, 0x04, 0x09, 0x05, 0x04, 0x09, 0x7C, 0x00,
  0x09, 0x03, 0x05, 0x09, 0x03, 0x7C, 0x00, 0x03, 0x02, 0x05, 0x03, 0x02, 0x7C, 0x0C, 0x01, 0x01,
  0x01, 0x00, 0x5D, 0x00, 0x00, 0x00, 0x49, 0x4B, 0x07, 0x01, 0x05, 0x05, 0x06, 0x5D, 0x00, 0x06,
  0x06, 0x4C, 0x4B, 0x0A, 0x01, 0x02, 0x02, 0x0B, 0x5E, 0x0D, 0x01, 0x0B, 0x0B, 0x4A, 0x0B, 0x4C,
  0x59, 0x40, 0x22, 0x04, 0x04, 0x00, 0x00, 0x04, 0x17, 0x04, 0x17, 0x16, 0x15, 0x14, 0x13, 0x12,
  0x11, 0x10, 0x0F, 0x0E, 0x0D, 0x0C, 0x0B, 0x0A, 0x09, 0x08, 0x07, 0x06, 0x05, 0x00, 0x03, 0x00,
  0x03, 0x11, 0x0E, 0x09, 0x15, 0x2B, 0x01, 0x35, 0x33, 0x15, 0x01, 0x35, 0x33, 0x35, 0x33, 0x35,
  0x33, 0x35, 0x21, 0x35, 0x21, 0x15, 0x23, 0x15, 0x23, 0x15, 0x23, 0x15, 0x21, 0x15, 0x01, 0x77,
  0xFA, 0xFD, 0x8F, 0x7D, 0x7D, 0x7D, 0xFE, 0x89, 0x03, 0x6B, 0x7D, 0x7D, 0x7D, 0x01, 0x77, 0x03,
  0x6B, 0x7D, 0x7D, 0xFD, 0x12, 0x7D, 0x7D, 0x7D, 0x7D, 0x7D, 0x7D, 0x7D, 0x7D, 0x7D, 0x7D, 0x00,
  0x00, 0x02, 0x00, 0x00, 0x00, 0x7D, 0x03, 0x6B, 0x02, 0xEE, 0x00, 0x0D, 0x00, 0x11, 0x00, 0x44,
  0x40, 0x41, 0x00, 0x05, 0x03, 0x02, 0x03, 0x05, 0x02, 0x7E, 0x00, 0x02, 0x00, 0x08, 0x01, 0x02,
  0x08, 0x65, 0x00, 0x01, 0x00, 0x00, 0x07, 0x01, 0x00, 0x65, 0x00, 0x03, 0x03, 0x04, 0x5D, 0x00,
  0x04, 0x04, 0x4C, 0x4B, 0x00, 0x07, 0x07, 0x06, 0x5E, 0x09, 0x01, 0x06, 0x06, 0x4A, 0x06, 0x4C,
  0x00, 0x00, 0x11, 0x10, 0x0F, 0x0E, 0x00, 0x0D, 0x00, 0x0D, 0x11, 0x11, 0x11, 0x11, 0x11, 0x11,
  0x0A, 0x09, 0x1A, 0x2B, 0x37, 0x35, 0x23, 0x35, 0x33, 0x35, 0x21, 0x35, 0x21, 0x35, 0x21, 0x15,
  0x33, 0x11, 0x25, 0x21, 0x35, 0x21, 0x7D, 0x7D, 0x7D, 0x01, 0xF4, 0xFE, 0x0C, 0x02, 0x71, 0x7D,
  0xFD, 0x8F, 0x01, 0x77, 0xFE, 0x89, 0x7D, 0x7D, 0x7D, 0x7D, 0x7D, 0x7D, 0x7D, 0xFE, 0x0C, 0x7D,
  0x7D, 0x00, 0x00, 0x00, 0x00, 0x03, 0x00, 0x00, 0x00, 0x7D, 0x03, 0x6B, 0x03, 0xE8, 0x00, 0x03,
  0x00, 0x15, 0x00, 0x19, 0x00, 0xA7, 0x4B, 0xB0, 0x0A, 0x50, 0x58, 0x40, 0x40, 0x00, 0x08, 0x00,
  0x07, 0x07, 0x08, 0x70, 0x0D, 0x01, 0x0A, 0x06, 0x05, 0x06, 0x0A, 0x05, 0x7E, 0x00, 0x05, 0x00,
  0x0B, 0x04, 0x05, 0x0B, 0x65, 0x00, 0x04, 0x00, 0x03, 0x0C, 0x04, 0x03, 0x65, 0x00, 0x00, 0x00,
  0x01, 0x5D, 0x00, 0x01, 0x01, 0x49, 0x4B, 0x00, 0x06, 0x06, 0x07, 0x5D, 0x09, 0x01, 0x07, 0x07,
  0x4C, 0x4B, 0x00, 0x0C, 0x0C, 0x02, 0x5E, 0x00, 0x02, 0x02, 0x4A, 0x02, 0x4C, 0x1B, 0x40, 0x41,
  0x00, 0x08, 0x00, 0x07, 0x00, 0x08, 0x07, 0x7E, 0x0D, 0x01, 0x0A, 0x06, 0x05, 0x06, 0x0A, 0x05,
  0x7E, 0x00, 0x05, 0x00, 0x0B, 0x04, 0x05, 0x0B, 0x65, 0x00, 0x04, 0x00, 0x03, 0x0C, 0x04, 0x03,
  0x65, 0x00, 0x00, 0x00, 0x01, 0x5D, 0x00, 0x01, 0x01, 0x49, 0x4B, 0x00, 0x06, 0x06, 0x07, 0x5D,
  0x09, 0x01, 0x07, 0x07, 0x4C, 0x4B, 0x00, 0x0C, 0x0C, 0x02, 0x5E, 0x00, 0x02, 0x02, 0x4A, 0x02,
  0x4C, 0x59, 0x40, 0x18, 0x04, 0x04, 0x19, 0x18, 0x17, 0x16, 0x04, 0x15, 0x04, 0x15, 0x14, 0x13,
  0x11, 0x11, 0x11, 0x11, 0x11, 0x11, 0x12, 0x11, 0x10, 0x0E, 0x09, 0x1D, 0x2B, 0x01, 0x23, 0x35,
  0x33, 0x13, 0x11, 0x21, 0x35, 0x23, 0x35, 0x33, 0x35, 0x21, 0x35, 0x21, 0x35, 0x33, 0x35, 0x33,
  0x15, 0x33, 0x15, 0x07, 0x21, 0x15, 0x21, 0x02, 0x71, 0x7D, 0x7D, 0xFA, 0xFD, 0x12, 0x7D, 0x7D,
  0x01, 0xF4, 0xFE, 0x0C, 0xFA, 0x7D, 0xFA, 0x7D, 0xFE, 0x89, 0x01, 0x77, 0x03, 0x6B, 0x7D, 0xFE,
  0x89, 0xFE, 0x0C, 0x7D, 0x7D, 0x7D, 0x7D, 0x7D, 0x7D, 0x7D, 0x7D, 0xFA, 0x7D, 0x00, 0x00, 0x00,
  0x00, 0x04, 0x00, 0x00, 0x00, 0x7D, 0x03, 0x6B, 0x03, 0xE8, 0x00, 0x03, 0x00, 0x07, 0x00, 0x19,
  0x00, 0x1D, 0x00, 0xBD, 0x4B, 0xB0, 0x0A, 0x50, 0x58, 0x40, 0x43, 0x00, 0x0A, 0x00, 0x09, 0x09,
  0x0A, 0x70, 0x10, 0x01, 0x0C, 0x08, 0x07, 0x08, 0x0C, 0x07, 0x7E, 0x00, 0x07, 0x00, 0x0D, 0x06,
  0x07, 0x0D, 0x65, 0x00, 0x06, 0x00, 0x05, 0x0E, 0x06, 0x05, 0x65, 0x02, 0x01, 0x00, 0x00, 0x01,
  0x5D, 0x03, 0x0F, 0x02, 0x01, 0x01, 0x49, 0x4B, 0x00, 0x08, 0x08, 0x09, 0x5D, 0x0B, 0x01, 0x09,
  0x09, 0x4C, 0x4B, 0x00, 0x0E, 0x0E, 0x04, 0x5E, 0x00, 0x04, 0x04, 0x4A, 0x04, 0x4C, 0x1B, 0x40,
  0x44, 0x00, 0x0A, 0x00, 0x09, 0x00, 0x0A, 0x09, 0x7E, 0x10, 0x01, 0x0C, 0x08, 0x07, 0x08, 0x0C,
  0x07, 0x7E, 0x00, 0x07, 0x00, 0x0D, 0x06, 0x07, 0x0D, 0x65, 0x00, 0x06, 0x00, 0x05, 0x0E, 0x06,
  0x05, 0x65, 0x02, 0x01, 0x00, 0x00, 0x01, 0x5D, 0x03, 0x0F, 0x02, 0x01, 0x01, 0x49, 0x4B, 0x00,
  0x08, 0x08, 0x09, 0x5D, 0x0B, 0x01, 0x09, 0x09, 0x4C, 0x4B, 0x00, 0x0E, 0x0E, 0x04, 0x5E, 0x00,
  0x04, 0x04, 0x4A, 0x04, 0x4C, 0x59, 0x40, 0x28, 0x08, 0x08, 0x00, 0x00, 0x1D, 0x1C, 0x1B, 0x1A,
  0x08, 0x19, 0x08, 0x19, 0x18, 0x17, 0x16, 0x15, 0x14, 0x13, 0x12, 0x11, 0x10, 0x0F, 0x0E, 0x0D,
  0x0C, 0x0B, 0x0A, 0x09, 0x07, 0x06, 0x05, 0x04, 0x00, 0x03, 0x00, 0x03, 0x11, 0x11, 0x09, 0x15,
  0x2B, 0x13, 0x15, 0x23, 0x35, 0x05, 0x23, 0x35, 0x33, 0x13, 0x11, 0x21, 0x35, 0x23, 0x35, 0x33,
  0x35, 0x21, 0x35, 0x21, 0x35, 0x33, 0x35, 0x21, 0x15, 0x33, 0x15, 0x07, 0x21, 0x15, 0x21, 0xFA,
  0x7D, 0x02, 0x71, 0x7D, 0x7D, 0x7D, 0xFD, 0x12, 0x7D, 0x7D, 0x01, 0xF4, 0xFE, 0x0C, 0x7D, 0x01,
  0x77, 0x7D, 0x7D, 0xFE, 0x89, 0x01, 0x77, 0x03, 0xE8, 0x7D, 0x7D, 0x7D, 0x7D, 0xFE, 0x89, 0xFE,
  0x0C, 0x7D, 0x7D, 0x7D, 0x7D, 0x7D, 0x7D, 0x7D, 0x7D, 0xFA, 0x7D, 0x00, 0x00, 0x03, 0x00, 0x00,
  0x00, 0x7D, 0x03, 0x6B, 0x03, 0xE8, 0x00, 0x11, 0x00, 0x15, 0x00, 0x19, 0x00, 0xA8, 0x4B, 0xB0,
  0x0A, 0x50, 0x58, 0x40, 0x40, 0x06, 0x01, 0x04, 0x0A, 0x09, 0x09, 0x04, 0x70, 0x00, 0x07, 0x03,
  0x02, 0x03, 0x07, 0x02, 0x7E, 0x00, 0x02, 0x00, 0x0C, 0x01, 0x02, 0x0C, 0x65, 0x00, 0x01, 0x00,
  0x00, 0x0B, 0x01, 0x00, 0x65, 0x00, 0x0A, 0x0A, 0x05, 0x5D, 0x00, 0x05, 0x05, 0x49, 0x4B, 0x00,
  0x03, 0x03, 0x09, 0x5D, 0x00, 0x09, 0x09, 0x4C, 0x4B, 0x00, 0x0B, 0x0B, 0x08, 0x5E, 0x0D, 0x01,
  0x08, 0x08, 0x4A, 0x08, 0x4C, 0x1B, 0x40, 0x41, 0x06, 0x01, 0x04, 0x0A, 0x09, 0x0A, 0x04, 0x09,
  0x7E, 0x00, 0x07, 0x03, 0x02, 0x03, 0x07, 0x02, 0x7E, 0x00, 0x02, 0x00, 0x0C, 0x01, 0x02, 0x0C,
  0x65, 0x00, 0x01, 0x00, 0x00, 0x0B, 0x01, 0x00, 0x65, 0x00, 0x0A, 0x0A, 0x05, 0x5D, 0x00, 0x05,
  0x05, 0x49, 0x4B, 0x00, 0x03, 0x03, 0x09, 0x5D, 0x00, 0x09, 0x09, 0x4C, 0x4B, 0x00, 0x0B, 0x0B,
  0x08, 0x5E, 0x0D, 0x01, 0x08, 0x08, 0x4A, 0x08, 0x4C, 0x59, 0x40, 0x19, 0x00, 0x00, 0x19, 0x18,
  0x17, 0x16, 0x15, 0x14, 0x13, 0x12, 0x00, 0x11, 0x00, 0x11, 0x11, 0x11, 0x11, 0x11, 0x11, 0x11,
  0x11, 0x11, 0x0E, 0x09, 0x1C, 0x2B, 0x37, 0x35, 0x23, 0x35, 0x33, 0x35, 0x21, 0x35, 0x21, 0x35,
  0x33, 0x35, 0x21, 0x15, 0x33, 0x15, 0x33, 0x11, 0x01, 0x33, 0x35, 0x23, 0x03, 0x21, 0x35, 0x21,
  0x7D, 0x7D, 0x7D, 0x01, 0xF4, 0xFE, 0x0C, 0x7D, 0x01, 0x77, 0x7D, 0x7D, 0xFE, 0x0C, 0x7D, 0x7D,
  0x7D, 0x01, 0x77, 0xFE, 0x89, 0x7D, 0x7D, 0x7D, 0x7D, 0x7D, 0xFA, 0x7D, 0x7D, 0xFA, 0xFE, 0x0C,
  0x02, 0x71, 0x7D, 0xFD, 0x8F, 0x7D, 0x00, 0x00, 0x00, 0x04, 0x00, 0x00, 0x00, 0x7D, 0x03, 0x6B,
  0x03, 0xE8, 0x00, 0x03, 0x00, 0x07, 0x00, 0x15, 0x00, 0x19, 0x00, 0x67, 0x40, 0x64, 0x00, 0x09,
  0x07, 0x06, 0x07, 0x09, 0x06, 0x7E, 0x00, 0x06, 0x00, 0x0C, 0x05, 0x06, 0x0C, 0x65, 0x00, 0x05,
  0x00, 0x04, 0x0B, 0x05, 0x04, 0x65, 0x0E, 0x03, 0x0D, 0x03, 0x01, 0x01, 0x00, 0x5D, 0x02, 0x01,
  0x00, 0x00, 0x49, 0x4B, 0x00, 0x07, 0x07, 0x08, 0x5D, 0x00, 0x08, 0x08, 0x4C, 0x4B, 0x00, 0x0B,
  0x0B, 0x0A, 0x5E, 0x0F, 0x01, 0x0A, 0x0A, 0x4A, 0x0A, 0x4C, 0x08, 0x08, 0x04, 0x04, 0x00, 0x00,
  0x19, 0x18, 0x17, 0x16, 0x08, 0x15, 0x08, 0x15, 0x14, 0x13, 0x12, 0x11, 0x10, 0x0F, 0x0E, 0x0D,
  0x0C, 0x0B, 0x0A, 0x09, 0x04, 0x07, 0x04, 0x07, 0x06, 0x05, 0x00, 0x03, 0x00, 0x03, 0x11, 0x10,
  0x09, 0x15, 0x2B, 0x13, 0x35, 0x33, 0x15, 0x33, 0x35, 0x33, 0x15, 0x01, 0x35, 0x23, 0x35, 0x33,
  0x35, 0x21, 0x35, 0x21, 0x35, 0x21, 0x15, 0x33, 0x11, 0x25, 0x21, 0x35, 0x21, 0x7D, 0xFA, 0x7D,
  0xFA, 0xFD, 0x8F, 0x7D, 0x7D, 0x01, 0xF4, 0xFE, 0x0C, 0x02, 0x71, 0x7D, 0xFD, 0x8F, 0x01, 0x77,
  0xFE, 0x89, 0x03, 0x6B, 0x7D, 0x7D, 0x7D, 0x7D, 0xFD, 0x12, 0x7D, 0x7D, 0x7D, 0x7D, 0x7D, 0x7D,
  0xFE, 0x0C, 0x7D, 0x7D, 0x00, 0x03, 0x00, 0x00, 0x00, 0x7D, 0x03, 0x6B, 0x03, 0xE8, 0x00, 0x03,
  0x00, 0x15, 0x00, 0x19, 0x00, 0xB5, 0x4B, 0xB0, 0x0A, 0x50, 0x58, 0x40, 0x41, 0x00, 0x08, 0x00,
  0x07, 0x07, 0x08, 0x70, 0x0E, 0x01, 0x0A, 0x06, 0x05, 0x06, 0x0A, 0x05, 0x7E, 0x00, 0x05, 0x00,
  0x0B, 0x04, 0x05, 0x0B, 0x65, 0x00, 0x04, 0x00, 0x03, 0x0C, 0x04, 0x03, 0x65, 0x00, 0x00, 0x00,
  0x01, 0x5D, 0x0D, 0x01, 0x01, 0x01, 0x49, 0x4B, 0x00, 0x06, 0x06, 0x07, 0x5D, 0x09, 0x01, 0x07,
  0x07, 0x4C, 0x4B, 0x00, 0x0C, 0x0C, 0x02, 0x5E, 0x00, 0x02, 0x02, 0x4A, 0x02, 0x4C, 0x1B, 0x40,
  0x42, 0x00, 0x08, 0x00, 0x07, 0x00, 0x08, 0x07, 0x7E, 0x0E, 0x01, 0x0A, 0x06, 0x05, 0x06, 0x0A,
  0x05, 0x7E, 0x00, 0x05, 0x00, 0x0B, 0x04, 0x05, 0x0B, 0x65, 0x00, 0x04, 0x00, 0x03, 0x0C, 0x04,
  0x03, 0x65, 0x00, 0x00, 0x00, 0x01, 0x5D, 0x0D, 0x01, 0x01, 0x01, 0x49, 0x4B, 0x00, 0x06, 0x06,
  0x07, 0x5D, 0x09, 0x01, 0x07, 0x07, 0x4C, 0x4B, 0x00, 0x0C, 0x0C, 0x02, 0x5E, 0x00, 0x02, 0x02,
  0x4A, 0x02, 0x4C, 0x59, 0x40, 0x24, 0x04, 0x04, 0x00, 0x00, 0x19, 0x18, 0x17, 0x16, 0x04, 0x15,
  0x04, 0x15, 0x14, 0x13, 0x12, 0x11, 0x10, 0x0F, 0x0E, 0x0D, 0x0C, 0x0B, 0x0A, 0x09, 0x08, 0x07,
  0x06, 0x05, 0x00, 0x03, 0x00, 0x03, 0x11, 0x0F, 0x09, 0x15, 0x2B, 0x01, 0x15, 0x23, 0x35, 0x01,
  0x11, 0x21, 0x35, 0x23, 0x35, 0x33, 0x35, 0x21, 0x35, 0x21, 0x35, 0x33, 0x35, 0x33, 0x15, 0x33,
  0x15, 0x07, 0x21, 0x15, 0x21, 0x01, 0x77, 0x7D, 0x02, 0x71, 0xFD, 0x12, 0x7D, 0x7D, 0x01, 0xF4,
  0xFE, 0x0C, 0xFA, 0x7D, 0xFA, 0x7D, 0xFE, 0x89, 0x01, 0x77, 0x03, 0xE8, 0x7D, 0x7D, 0xFE, 0x89,
  0xFE, 0x0C, 0x7D, 0x7D, 0x7D, 0x7D, 0x7D, 0x7D, 0x7D, 0x7D, 0xFA, 0x7D, 0x00, 0x03, 0x00, 0x00,
  0x00, 0x7D, 0x03, 0x6B, 0x03, 0xE8, 0x00, 0x03, 0x00, 0x11, 0x00, 0x15, 0x00, 0x5C, 0x40, 0x59,
  0x00, 0x07, 0x05, 0x04, 0x05, 0x07, 0x04, 0x7E, 0x00, 0x04, 0x00, 0x0A, 0x03, 0x04, 0x0A, 0x65,
  0x00, 0x03, 0x00, 0x02, 0x09, 0x03, 0x02, 0x65, 0x0B, 0x01, 0x01, 0x01, 0x00, 0x5D, 0x00, 0x00,
  0x00, 0x49, 0x4B, 0x00, 0x05, 0x05, 0x06, 0x5D, 0x00, 0x06, 0x06, 0x4C, 0x4B, 0x00, 0x09, 0x09,
  0x08, 0x5E, 0x0C, 0x01, 0x08, 0x08, 0x4A, 0x08, 0x4C, 0x04, 0x04, 0x00, 0x00, 0x15, 0x14, 0x13,
  0x12, 0x04, 0x11, 0x04, 0x11, 0x10, 0x0F, 0x0E, 0x0D, 0x0C, 0x0B, 0x0A, 0x09, 0x08, 0x07, 0x06,
  0x05, 0x00, 0x03, 0x00, 0x03, 0x11, 0x0D, 0x09, 0x15, 0x2B, 0x13, 0x35, 0x21, 0x15, 0x01, 0x35,
  0x23, 0x35, 0x33, 0x35, 0x21, 0x35, 0x21, 0x35, 0x21, 0x15, 0x33, 0x11, 0x25, 0x21, 0x35, 0x21,
  0x7D, 0x02, 0x71, 0xFD, 0x8F, 0x7D, 0x7D, 0x01, 0xF4, 0xFE, 0x0C, 0x02, 0x71, 0x7D, 0xFD, 0x8F,
  0x01, 0x77, 0xFE, 0x89, 0x03, 0x6B, 0x7D, 0x7D, 0xFD, 0x12, 0x7D, 0x7D, 0x7D, 0x7D, 0x7D, 0x7D,
  0xFE, 0x0C, 0x7D, 0x7D, 0x00, 0x04, 0x00, 0x00, 0x00, 0x00, 0x03, 0x6B, 0x03, 0xE8, 0x00, 0x11,
  0x00, 0x15, 0x00, 0x19, 0x00, 0x1D, 0x00, 0xC6, 0x4B, 0xB0, 0x0A, 0x50, 0x58, 0x40, 0x4B, 0x0F,
  0x01, 0x08, 0x06, 0x05, 0x06, 0x08, 0x05, 0x7E, 0x00, 0x01, 0x00, 0x0B, 0x00, 0x01, 0x70, 0x00,
  0x04, 0x00, 0x03, 0x0A, 0x04, 0x03, 0x65, 0x00, 0x0A, 0x02, 0x01, 0x00, 0x01, 0x0A, 0x00, 0x66,
  0x00, 0x06, 0x06, 0x07, 0x5D, 0x00, 0x07, 0x07, 0x49, 0x4B, 0x00, 0x09, 0x09, 0x05, 0x5D, 0x00,
  0x05, 0x05, 0x4C, 0x4B, 0x00, 0x0B, 0x0B, 0x0C, 0x5D, 0x00, 0x0C, 0x0C, 0x4A, 0x4B, 0x00, 0x0D,
  0x0D, 0x0E, 0x5D, 0x10, 0x01, 0x0E, 0x0E, 0x4E, 0x0E, 0x4C, 0x1B, 0x40, 0x4C, 0x0F, 0x01, 0x08,
  0x06, 0x05, 0x06, 0x08, 0x05, 0x7E, 0x00, 0x01, 0x00, 0x0B, 0x00, 0x01, 0x0B, 0x7E, 0x00, 0x04,
  0x00, 0x03, 0x0A, 0x04, 0x03, 0x65, 0x00, 0x0A, 0x02, 0x01, 0x00, 0x01, 0x0A, 0x00, 0x66, 0x00,
  0x06, 0x06, 0x07, 0x5D, 0x00, 0x07, 0x07, 0x49, 0x4B, 0x00, 0x09, 0x09, 0x05, 0x5D, 0x00, 0x05,
  0x05, 0x4C, 0x4B, 0x00, 0x0B, 0x0B, 0x0C, 0x5D, 0x00, 0x0C, 0x0C, 0x4A, 0x4B, 0x00, 0x0D, 0x0D,
  0x0E, 0x5D, 0x10, 0x01, 0x0E, 0x0E, 0x4E, 0x0E, 0x4C, 0x59, 0x40, 0x21, 0x1A, 0x1A, 0x00, 0x00,
  0x1A, 0x1D, 0x1A, 0x1D, 0x1C, 0x1B, 0x19, 0x18, 0x17, 0x16, 0x15, 0x14, 0x13, 0x12, 0x00, 0x11,
  0x00, 0x11, 0x11, 0x11, 0x11, 0x11, 0x11, 0x11, 0x11, 0x11, 0x11, 0x09, 0x1C, 0x2B, 0x01, 0x11,
  0x21, 0x15, 0x23, 0x35, 0x23, 0x35, 0x23, 0x35, 0x33, 0x35, 0x21, 0x35, 0x21, 0x35, 0x21, 0x15,
  0x07, 0x21, 0x15, 0x21, 0x05, 0x33, 0x15, 0x23, 0x17, 0x35, 0x33, 0x15, 0x03, 0x6B, 0xFE, 0x89,
  0x7D, 0xFA, 0x7D, 0x7D, 0x01, 0xF4, 0xFE, 0x0C, 0x02, 0x71, 0x7D, 0xFE, 0x89, 0x01, 0x77, 0xFE,
  0x89, 0x7D, 0x7D, 0x7D, 0xFA, 0x03, 0x6B, 0xFE, 0x0C, 0x7D, 0x7D, 0x7D, 0x7D, 0x7D, 0x7D, 0x7D,
  0x7D, 0xFA, 0x7D, 0xFA, 0x7D, 0x7D, 0x7D, 0x7D, 0x00, 0x03, 0x00, 0x00, 0x00, 0x7D, 0x03, 0x6B,
  0x03, 0xE8, 0x00, 0x15, 0x00, 0x19, 0x00, 0x1D, 0x00, 0xAF, 0x4B, 0xB0, 0x0A, 0x50, 0x58, 0x40,
  0x42, 0x07, 0x01, 0x05, 0x0C, 0x04, 0x04, 0x05, 0x70, 0x00, 0x09, 0x03, 0x02, 0x03, 0x09, 0x02,
  0x7E, 0x00, 0x02, 0x00, 0x0E, 0x01, 0x02, 0x0E, 0x65, 0x00, 0x01, 0x00, 0x00, 0x0D, 0x01, 0x00,
  0x65, 0x00, 0x0C, 0x0C, 0x06, 0x5D, 0x00, 0x06, 0x06, 0x49, 0x4B, 0x00, 0x03, 0x03, 0x04, 0x5D,
  0x0B, 0x08, 0x02, 0x04, 0x04, 0x4C, 0x4B, 0x00, 0x0D, 0x0D, 0x0A, 0x5E, 0x0F, 0x01, 0x0A, 0x0A,
  0x4A, 0x0A, 0x4C, 0x1B, 0x40, 0x43, 0x07, 0x01, 0x05, 0x0C, 0x04, 0x0C, 0x05, 0x04, 0x7E, 0x00,
  0x09, 0x03, 0x02, 0x03, 0x09, 0x02, 0x7E, 0x00, 0x02, 0x00, 0x0E, 0x01, 0x02, 0x0E, 0x65, 0x00,
  0x01, 0x00, 0x00, 0x0D, 0x01, 0x00, 0x65, 0x00, 0x0C, 0x0C, 0x06, 0x5D, 0x00, 0x06, 0x06, 0x49,
  0x4B, 0x00, 0x03, 0x03, 0x04, 0x5D, 0x0B, 0x08, 0x02, 0x04, 0x04, 0x4C, 0x4B, 0x00, 0x0D, 0x0D,
  0x0A, 0x5E, 0x0F, 0x01, 0x0A, 0x0A, 0x4A, 0x0A, 0x4C, 0x59, 0x40, 0x1C, 0x00, 0x00, 0x1D, 0x1C,
  0x1B, 0x1A, 0x19, 0x18, 0x17, 0x16, 0x00, 0x15, 0x00, 0x15, 0x14, 0x13, 0x11, 0x11, 0x11, 0x11,
  0x11, 0x11, 0x11, 0x11, 0x11, 0x10, 0x09, 0x1D, 0x2B, 0x37, 0x35, 0x23, 0x35, 0x33, 0x35, 0x21,
  0x35, 0x21, 0x35, 0x33, 0x35, 0x33, 0x35, 0x33, 0x15, 0x33, 0x15, 0x33, 0x15, 0x33, 0x11, 0x01,
  0x33, 0x35, 0x23, 0x03, 0x21, 0x35, 0x21, 0x7D, 0x7D, 0x7D, 0x01, 0xF4, 0xFE, 0x0C, 0x7D, 0x7D,
  0x7D, 0x7D, 0x7D, 0x7D, 0xFE, 0x0C, 0x7D, 0x7D, 0x7D, 0x01, 0x77, 0xFE, 0x89, 0x7D, 0x7D, 0x7D,
  0x7D, 0x7D, 0x7D, 0x7D, 0x7D, 0x7D, 0x7D, 0x7D, 0xFE, 0x0C, 0x02, 0x71, 0x7D, 0xFD, 0x8F, 0x7D,
  0x00, 0x03, 0x00, 0x00, 0x00, 0x7D, 0x03, 0x6B, 0x03, 0xE8, 0x00, 0x17, 0x00, 0x1B, 0x00, 0x1F,
  0x00, 0xB3, 0x4B, 0xB0, 0x0A, 0x50, 0x58, 0x40, 0x43, 0x06, 0x01, 0x04, 0x08, 0x09, 0x09, 0x04,
  0x70, 0x00, 0x0A, 0x03, 0x02, 0x03, 0x0A, 0x02, 0x7E, 0x00, 0x02, 0x00, 0x0F, 0x01, 0x02, 0x0F,
  0x65, 0x00, 0x01, 0x00, 0x00, 0x0E, 0x01, 0x00, 0x65, 0x0D, 0x01, 0x08, 0x08, 0x05, 0x5D, 0x07,
  0x01, 0x05, 0x05, 0x49, 0x4B, 0x00, 0x03, 0x03, 0x09, 0x5D, 0x0C, 0x01, 0x09, 0x09, 0x4C, 0x4B,
  0x00, 0x0E, 0x0E, 0x0B, 0x5E, 0x10, 0x01, 0x0B, 0x0B, 0x4A, 0x0B, 0x4C, 0x1B, 0x40, 0x44, 0x06,
  0x01, 0x04, 0x08, 0x09, 0x08, 0x04, 0x09, 0x7E, 0x00, 0x0A, 0x03, 0x02, 0x03, 0x0A, 0x02, 0x7E,
  0x00, 0x02, 0x00, 0x0F, 0x01, 0x02, 0x0F, 0x65, 0x00, 0x01, 0x00, 0x00, 0x0E, 0x01, 0x00, 0x65,
  0x0D, 0x01, 0x08, 0x08, 0x05, 0x5D, 0x07, 0x01, 0x05, 0x05, 0x49, 0x4B, 0x00, 0x03, 0x03, 0x09,
  0x5D, 0x0C, 0x01, 0x09, 0x09, 0x4C, 0x4B, 0x00, 0x0E, 0x0E, 0x0B, 0x5E, 0x10, 0x01, 0x0B, 0x0B,
  0x4A, 0x0B, 0x4C, 0x59, 0x40, 0x1E, 0x00, 0x00, 0x1F, 0x1E, 0x1D, 0x1C, 0x1B, 0x1A, 0x19, 0x18,
  0x00, 0x17, 0x00, 0x17, 0x16, 0x15, 0x14, 0x13, 0x11, 0x11, 0x11, 0x11, 0x11, 0x11, 0x11, 0x11,
  0x11, 0x11, 0x09, 0x1D, 0x2B, 0x37, 0x35, 0x23, 0x35, 0x33, 0x35, 0x21, 0x35, 0x21, 0x35, 0x33,
  0x35, 0x33, 0x15, 0x33, 0x35, 0x33, 0x15, 0x23, 0x15, 0x33, 0x15, 0x33, 0x11, 0x01, 0x33, 0x35,
  0x23, 0x11, 0x21, 0x35, 0x21, 0x7D, 0x7D, 0x7D, 0x01, 0xF4, 0xFE, 0x0C, 0x7D, 0xFA, 0x7D, 0x7D,
  0x7D, 0x7D, 0x7D, 0xFD, 0x8F, 0x7D, 0x7D, 0x01, 0x77, 0xFE, 0x89, 0x7D, 0x7D, 0x7D, 0x7D, 0x7D,
  0xFA, 0x7D, 0x7D, 0x7D, 0x7D, 0x7D, 0x7D, 0xFE, 0x0C, 0x02, 0x71, 0x7D, 0xFD, 0x8F, 0x7D, 0x00,
  0x00, 0x03, 0x00, 0x00, 0x00, 0x7D, 0x03, 0x6B, 0x02, 0xEE, 0x00, 0x11, 0x00, 0x15, 0x00, 0x19,
  0x00, 0x8A, 0x4B, 0xB0, 0x0A, 0x50, 0x58, 0x40, 0x31, 0x00, 0x05, 0x03, 0x02, 0x02, 0x05, 0x70,
  0x09, 0x01, 0x02, 0x0C, 0x01, 0x06, 0x01, 0x02, 0x06, 0x66, 0x00, 0x01, 0x00, 0x00, 0x07, 0x01,
  0x00, 0x65, 0x0A, 0x01, 0x03, 0x03, 0x04, 0x5D, 0x00, 0x04, 0x04, 0x4C, 0x4B, 0x0B, 0x01, 0x07,
  0x07, 0x08, 0x5D, 0x0D, 0x01, 0x08, 0x08, 0x4A, 0x08, 0x4C, 0x1B, 0x40, 0x32, 0x00, 0x05, 0x03,
  0x02, 0x03, 0x05, 0x02, 0x7E, 0x09, 0x01, 0x02, 0x0C, 0x01, 0x06, 0x01, 0x02, 0x06, 0x66, 0x00,
  0x01, 0x00, 0x00, 0x07, 0x01, 0x00, 0x65, 0x0A, 0x01, 0x03, 0x03, 0x04, 0x5D, 0x00, 0x04, 0x04,
  0x4C, 0x4B, 0x0B, 0x01, 0x07, 0x07, 0x08, 0x5D, 0x0D, 0x01, 0x08, 0x08, 0x4A, 0x08, 0x4C, 0x59,
  0x40, 0x19, 0x00, 0x00, 0x19, 0x18, 0x17, 0x16, 0x15, 0x14, 0x13, 0x12, 0x00, 0x11, 0x00, 0x11,
  0x11, 0x11, 0x11, 0x11, 0x11, 0x11, 0x11, 0x11, 0x0E, 0x09, 0x1C, 0x2B, 0x37, 0x35, 0x23, 0x35,
  0x33, 0x35, 0x33, 0x35, 0x23, 0x35, 0x21, 0x15, 0x33, 0x15, 0x21, 0x15, 0x33, 0x15, 0x03, 0x33,
  0x35, 0x23, 0x03, 0x33, 0x35, 0x23, 0x7D, 0x7D, 0x7D, 0xFA, 0xFA, 0x02, 0x71, 0x7D, 0xFE, 0x89,
  0xFA, 0xFA, 0x7D, 0x7D, 0xFA, 0x7D, 0x7D, 0x7D, 0x7D, 0x7D, 0x7D, 0x7D, 0x7D, 0x7D, 0xFA, 0x7D,
  0x7D, 0x01, 0x77, 0x7D, 0xFE, 0x89, 0x7D, 0x00, 0x00, 0x02, 0x00, 0x00, 0x00, 0x7D, 0x03, 0x6B,
  0x03, 0xE8, 0x00, 0x0B, 0x00, 0x0F, 0x00, 0x3C, 0x40, 0x39, 0x00, 0x03, 0x00, 0x00, 0x03, 0x55,
  0x04, 0x01, 0x00, 0x00, 0x01, 0x5D, 0x00, 0x01, 0x01, 0x49, 0x4B, 0x00, 0x07, 0x07, 0x02, 0x5D,
  0x00, 0x02, 0x02, 0x4C, 0x4B, 0x00, 0x06, 0x06, 0x05, 0x5D, 0x08, 0x01, 0x05, 0x05, 0x4A, 0x05,
  0x4C, 0x00, 0x00, 0x0F, 0x0E, 0x0D, 0x0C, 0x00, 0x0B, 0x00, 0x0B, 0x11, 0x11, 0x11, 0x11, 0x11,
  0x09, 0x09, 0x19, 0x2B, 0x37, 0x35, 0x23, 0x11, 0x33, 0x15, 0x21, 0x15, 0x33, 0x11, 0x23, 0x15,
  0x25, 0x21, 0x11, 0x21, 0x7D, 0x7D, 0xFA, 0x01, 0xF4, 0x7D, 0x7D, 0xFE, 0x0C, 0x01, 0x77, 0xFE,
  0x89, 0x7D, 0x7D, 0x02, 0xEE, 0xFA, 0x7D, 0xFE, 0x89, 0x7D, 0x7D, 0x01, 0x77, 0x00, 0x00, 0x00,
  0x00, 0x01, 0x00, 0x00, 0x00, 0x7D, 0x03, 0x6B, 0x02, 0xEE, 0x00, 0x0B, 0x00, 0x2F, 0x40, 0x2C,
  0x00, 0x01, 0x00, 0x00, 0x04, 0x01, 0x00, 0x65, 0x00, 0x03, 0x03, 0x02, 0x5D, 0x00, 0x02, 0x02,
  0x4C, 0x4B, 0x00, 0x04, 0x04, 0x05, 0x5D, 0x06, 0x01, 0x05, 0x05, 0x4A, 0x05, 0x4C, 0x00, 0x00,
  0x00, 0x0B, 0x00, 0x0B, 0x11, 0x11, 0x11, 0x11, 0x11, 0x07, 0x09, 0x19, 0x2B, 0x37, 0x35, 0x23,
  0x11, 0x33, 0x35, 0x21, 0x15, 0x21, 0x11, 0x21, 0x15, 0x7D, 0x7D, 0x7D, 0x02, 0xEE, 0xFD, 0x8F,
  0x02, 0x71, 0x7D, 0x7D, 0x01, 0x77, 0x7D, 0x7D, 0xFE, 0x89, 0x7D, 0x00, 0x00, 0x02, 0x00, 0x00,
  0x00, 0x7D, 0x03, 0x6B, 0x03, 0xE8, 0x00, 0x03, 0x00, 0x13, 0x00, 0x81, 0x4B, 0xB0, 0x0A, 0x50,
  0x58, 0x40, 0x30, 0x00, 0x08, 0x00, 0x07, 0x07, 0x08, 0x70, 0x00, 0x06, 0x00, 0x05, 0x03, 0x06,
  0x05, 0x65, 0x00, 0x00, 0x00, 0x01, 0x5D, 0x00, 0x01, 0x01, 0x49, 0x4B, 0x00, 0x02, 0x02, 0x07,
  0x5D, 0x0A, 0x09, 0x02, 0x07, 0x07, 0x4C, 0x4B, 0x00, 0x03, 0x03, 0x04, 0x5D, 0x00, 0x04, 0x04,
  0x4A, 0x04, 0x4C, 0x1B, 0x40, 0x31, 0x00, 0x08, 0x00, 0x07, 0x00, 0x08, 0x07, 0x7E, 0x00, 0x06,
  0x00, 0x05, 0x03, 0x06, 0x05, 0x65, 0x00, 0x00, 0x00, 0x01, 0x5D, 0x00, 0x01, 0x01, 0x49, 0x4B,
  0x00, 0x02, 0x02, 0x07, 0x5D, 0x0A, 0x09, 0x02, 0x07, 0x07, 0x4C, 0x4B, 0x00, 0x03, 0x03, 0x04,
  0x5D, 0x00, 0x04, 0x04, 0x4A, 0x04, 0x4C, 0x59, 0x40, 0x12, 0x04, 0x04, 0x04, 0x13, 0x04, 0x13,
  0x11, 0x11, 0x11, 0x11, 0x11, 0x11, 0x12, 0x11, 0x10, 0x0B, 0x09, 0x1D, 0x2B, 0x01, 0x23, 0x35,
  0x33, 0x17, 0x15, 0x21, 0x11, 0x21, 0x15, 0x21, 0x35, 0x23, 0x11, 0x33, 0x35, 0x33, 0x35, 0x33,
  0x15, 0x02, 0x71, 0x7D, 0x7D, 0xFA, 0xFD, 0x8F, 0x02, 0x71, 0xFD, 0x12, 0x7D, 0x7D, 0xFA, 0x7D,
  0x03, 0x6B, 0x7D, 0xFA, 0x7D, 0xFE, 0x89, 0x7D, 0x7D, 0x01, 0x77, 0x7D, 0x7D, 0x7D, 0x00, 0x00,
  0x00, 0x01, 0x00, 0x00, 0x00, 0x7D, 0x03, 0x6B, 0x03, 0xE8, 0x00, 0x17, 0x00, 0x89, 0x4B, 0xB0,
  0x0A, 0x50, 0x58, 0x40, 0x32, 0x00, 0x05, 0x03, 0x02, 0x02, 0x05, 0x70, 0x00, 0x01, 0x00, 0x00,
  0x0A, 0x01, 0x00, 0x65, 0x07, 0x01, 0x03, 0x03, 0x04, 0x5D, 0x06, 0x01, 0x04, 0x04, 0x49, 0x4B,
  0x00, 0x09, 0x09, 0x02, 0x5D, 0x08, 0x01, 0x02, 0x02, 0x4C, 0x4B, 0x00, 0x0A, 0x0A, 0x0B, 0x5E,
  0x0C, 0x01, 0x0B, 0x0B, 0x4A, 0x0B, 0x4C, 0x1B, 0x40, 0x33, 0x00, 0x05, 0x03, 0x02, 0x03, 0x05,
  0x02, 0x7E, 0x00, 0x01, 0x00, 0x00, 0x0A, 0x01, 0x00, 0x65, 0x07, 0x01, 0x03, 0x03, 0x04, 0x5D,
  0x06, 0x01, 0x04, 0x04, 0x49, 0x4B, 0x00, 0x09, 0x09, 0x02, 0x5D, 0x08, 0x01, 0x02, 0x02, 0x4C,
  0x4B, 0x00, 0x0A, 0x0A, 0x0B, 0x5E, 0x0C, 0x01, 0x0B, 0x0B, 0x4A, 0x0B, 0x4C, 0x59, 0x40, 0x16,
  0x00, 0x00, 0x00, 0x17, 0x00, 0x17, 0x16, 0x15, 0x14, 0x13, 0x11, 0x11, 0x11, 0x11, 0x11, 0x11,
  0x11, 0x11, 0x11, 0x0D, 0x09, 0x1D, 0x2B, 0x37, 0x35, 0x23, 0x11, 0x33, 0x35, 0x33, 0x35, 0x23,
  0x35, 0x33, 0x15, 0x33, 0x35, 0x33, 0x15, 0x23, 0x15, 0x33, 0x15, 0x21, 0x11, 0x21, 0x15, 0x7D,
  0x7D, 0x7D, 0x7D, 0x7D, 0xFA, 0x7D, 0xFA, 0x7D, 0xFA, 0xFD, 0x8F, 0x02, 0x71, 0x7D, 0x7D, 0x01,
  0x77, 0x7D, 0x7D, 0x7D, 0x7D, 0x7D, 0x7D, 0x7D, 0x7D, 0xFE, 0x89, 0x7D, 0x00, 0x02, 0x00, 0x00,
  0x00, 0x00, 0x03, 0x6B, 0x02, 0xEE, 0x00, 0x0F, 0x00, 0x13, 0x00, 0x43, 0x40, 0x40, 0x00, 0x06,
  0x00, 0x05, 0x01, 0x06, 0x05, 0x65, 0x00, 0x01, 0x04, 0x01, 0x02, 0x03, 0x01, 0x02, 0x65, 0x00,
  0x00, 0x00, 0x07, 0x5D, 0x0A, 0x01, 0x07, 0x07, 0x4C, 0x4B, 0x00, 0x03, 0x03, 0x4A, 0x4B, 0x00,
  0x08, 0x08, 0x09, 0x5D, 0x00, 0x09, 0x09, 0x4E, 0x09, 0x4C, 0x00, 0x00, 0x13, 0x12, 0x11, 0x10,
  0x00, 0x0F, 0x00, 0x0F, 0x11, 0x11, 0x11, 0x11, 0x11, 0x11, 0x11, 0x0B, 0x09, 0x1B, 0x2B, 0x01,
  0x15, 0x21, 0x15, 0x21, 0x15, 0x23, 0x15, 0x23, 0x35, 0x21, 0x35, 0x23, 0x35, 0x33, 0x35, 0x13,
  0x33, 0x15, 0x23, 0x03, 0x6B, 0xFD, 0x8F, 0x02, 0x71, 0xFA, 0x7D, 0xFE, 0x89, 0x7D, 0x7D, 0x7D,
  0xFA, 0xFA, 0x02, 0xEE, 0x7D, 0xFA, 0x7D, 0x7D, 0x7D, 0x7D, 0xFA, 0x7D, 0xFD, 0x8F, 0x7D, 0x00,
  0x00, 0x02, 0x00, 0x00, 0x00, 0x7D, 0x03, 0x6B, 0x03, 0xE8, 0x00, 0x11, 0x00, 0x15, 0x00, 0x86,
  0x4B, 0xB0, 0x0A, 0x50, 0x58, 0x40, 0x31, 0x04, 0x01, 0x02, 0x0A, 0x05, 0x05, 0x02, 0x70, 0x00,
  0x01, 0x00, 0x00, 0x07, 0x01, 0x00, 0x65, 0x00, 0x0A, 0x0A, 0x03, 0x5D, 0x00, 0x03, 0x03, 0x49,
  0x4B, 0x00, 0x06, 0x06, 0x05, 0x5D, 0x09, 0x01, 0x05, 0x05, 0x4C, 0x4B, 0x00, 0x07, 0x07, 0x08,
  0x5E, 0x0B, 0x01, 0x08, 0x08, 0x4A, 0x08, 0x4C, 0x1B, 0x40, 0x32, 0x04, 0x01, 0x02, 0x0A, 0x05,
  0x0A, 0x02, 0x05, 0x7E, 0x00, 0x01, 0x00, 0x00, 0x07, 0x01, 0x00, 0x65, 0x00, 0x0A, 0x0A, 0x03,
  0x5D, 0x00, 0x03, 0x03, 0x49, 0x4B, 0x00, 0x06, 0x06, 0x05, 0x5D, 0x09, 0x01, 0x05, 0x05, 0x4C,
  0x4B, 0x00, 0x07, 0x07, 0x08, 0x5E, 0x0B, 0x01, 0x08, 0x08, 0x4A, 0x08, 0x4C, 0x59, 0x40, 0x15,
  0x00, 0x00, 0x15, 0x14, 0x13, 0x12, 0x00, 0x11, 0x00, 0x11, 0x11, 0x11, 0x11, 0x11, 0x11, 0x11,
  0x11, 0x11, 0x0C, 0x09, 0x1C, 0x2B, 0x37, 0x35, 0x23, 0x11, 0x33, 0x35, 0x33, 0x35, 0x21, 0x15,
  0x33, 0x15, 0x33, 0x15, 0x21, 0x11, 0x21, 0x15, 0x01, 0x33, 0x35, 0x23, 0x7D, 0x7D, 0x7D, 0x7D,
  0x01, 0x77, 0x7D, 0x7D, 0xFD, 0x8F, 0x02, 0x71, 0xFE, 0x0C, 0x7D, 0x7D, 0x7D, 0x7D, 0x01, 0x77,
  0xFA, 0x7D, 0x7D, 0x7D, 0x7D, 0xFE, 0x89, 0x7D, 0x02, 0x71, 0x7D, 0x00, 0x00, 0x02, 0x00, 0x00,
  0x00, 0x7D, 0x03, 0x6B, 0x03, 0xE8, 0x00, 0x03, 0x00, 0x0F, 0x00, 0x46, 0x40, 0x43, 0x00, 0x03,
  0x00, 0x02, 0x06, 0x03, 0x02, 0x65, 0x08, 0x01, 0x01, 0x01, 0x00, 0x5D, 0x00, 0x00, 0x00, 0x49,
  0x4B, 0x00, 0x05, 0x05, 0x04, 0x5D, 0x00, 0x04, 0x04, 0x4C, 0x4B, 0x00, 0x06, 0x06, 0x07, 0x5D,
  0x09, 0x01, 0x07, 0x07, 0x4A, 0x07, 0x4C, 0x04, 0x04, 0x00, 0x00, 0x04, 0x0F, 0x04, 0x0F, 0x0E,
  0x0D, 0x0C, 0x0B, 0x0A, 0x09, 0x08, 0x07, 0x06, 0x05, 0x00, 0x03, 0x00, 0x03, 0x11, 0x0A, 0x09,
  0x15, 0x2B, 0x01, 0x35, 0x33, 0x15, 0x01, 0x35, 0x23, 0x11, 0x33, 0x35, 0x21, 0x15, 0x21, 0x11,
  0x21, 0x15, 0x01, 0x77, 0xFA, 0xFE, 0x0C, 0x7D, 0x7D, 0x02, 0xEE, 0xFD, 0x8F, 0x02, 0x71, 0x03,
  0x6B, 0x7D, 0x7D, 0xFD, 0x12, 0x7D, 0x01, 0x77, 0x7D, 0x7D, 0xFE, 0x89, 0x7D, 0x00, 0x00, 0x00,
  0x00, 0x02, 0x00, 0x00, 0x00, 0x7D, 0x03, 0x6B, 0x03, 0xE8, 0x00, 0x09, 0x00, 0x0D, 0x00, 0x37,
  0x40, 0x34, 0x00, 0x01, 0x00, 0x00, 0x05, 0x01, 0x00, 0x65, 0x00, 0x03, 0x03, 0x49, 0x4B, 0x00,
  0x06, 0x06, 0x02, 0x5D, 0x00, 0x02, 0x02, 0x4C, 0x4B, 0x00, 0x05, 0x05, 0x04, 0x5E, 0x07, 0x01,
  0x04, 0x04, 0x4A, 0x04, 0x4C, 0x00, 0x00, 0x0D, 0x0C, 0x0B, 0x0A, 0x00, 0x09, 0x00, 0x09, 0x11,
  0x11, 0x11, 0x11, 0x08, 0x09, 0x18, 0x2B, 0x37, 0x35, 0x23, 0x11, 0x33, 0x35, 0x21, 0x35, 0x33,
  0x11, 0x25, 0x21, 0x11, 0x21, 0x7D, 0x7D, 0x7D, 0x01, 0xF4, 0xFA, 0xFD, 0x8F, 0x01, 0x77, 0xFE,
  0x89, 0x7D, 0x7D, 0x01, 0x77, 0x7D, 0xFA, 0xFC, 0x95, 0x7D, 0x01, 0x77, 0x00, 0x04, 0x00, 0x00,
  0x00, 0x7D, 0x03, 0x6B, 0x03, 0xE8, 0x00, 0x13, 0x00, 0x17, 0x00, 0x1B, 0x00, 0x1F, 0x00, 0x6D,
  0x40, 0x6A, 0x00, 0x07, 0x0A, 0x05, 0x0A, 0x07, 0x05, 0x7E, 0x08, 0x01, 0x04, 0x00, 0x0E, 0x03,
  0x04, 0x0E, 0x66, 0x10, 0x09, 0x02, 0x03, 0x02, 0x01, 0x00, 0x0F, 0x03, 0x00, 0x65, 0x00, 0x0A,
  0x0A, 0x06, 0x5D, 0x0B, 0x01, 0x06, 0x06, 0x49, 0x4B, 0x00, 0x05, 0x05, 0x06, 0x5D, 0x0B, 0x01,
  0x06, 0x06, 0x49, 0x4B, 0x00, 0x0C, 0x0C, 0x0D, 0x5D, 0x11, 0x01, 0x0D, 0x0D, 0x4C, 0x4B, 0x00,
  0x0F, 0x0F, 0x01, 0x5E, 0x00, 0x01, 0x01, 0x4A, 0x01, 0x4C, 0x18, 0x18, 0x00, 0x00, 0x1F, 0x1E,
  0x1D, 0x1C, 0x18, 0x1B, 0x18, 0x1B, 0x1A, 0x19, 0x17, 0x16, 0x15, 0x14, 0x00, 0x13, 0x00, 0x13,
  0x11, 0x11, 0x11, 0x11, 0x11, 0x11, 0x11, 0x11, 0x11, 0x12, 0x09, 0x1D, 0x2B, 0x01, 0x15, 0x23,
  0x15, 0x21, 0x35, 0x23, 0x35, 0x33, 0x35, 0x33, 0x35, 0x23, 0x35, 0x33, 0x15, 0x33, 0x15, 0x33,
  0x15, 0x11, 0x23, 0x35, 0x33, 0x05, 0x15, 0x23, 0x35, 0x05, 0x21, 0x15, 0x21, 0x03, 0x6B, 0x7D,
  0xFD, 0x8F, 0x7D, 0x7D, 0xFA, 0xFA, 0xFA, 0xFA, 0x7D, 0x7D, 0x7D, 0xFD, 0x8F, 0x7D, 0x02, 0x71,
  0xFE, 0x89, 0x01, 0x77, 0x01, 0xF4, 0xFA, 0x7D, 0x7D, 0xFA, 0x7D, 0x7D, 0xFA, 0x7D, 0xFA, 0x7D,
  0x01, 0x77, 0x7D, 0xFA, 0x7D, 0x7D, 0xFA, 0xFA, 0x00, 0x03, 0x00, 0x00, 0x00, 0x7D, 0x03, 0xE8,
  0x03, 0xE8, 0x00, 0x09, 0x00, 0x0F, 0x00, 0x13, 0x00, 0x49, 0x40, 0x46, 0x00, 0x01, 0x00, 0x00,
  0x08, 0x01, 0x00, 0x65, 0x00, 0x06, 0x06, 0x03, 0x5D, 0x05, 0x01, 0x03, 0x03, 0x49, 0x4B, 0x09,
  0x0B, 0x02, 0x07, 0x07, 0x02, 0x5D, 0x00, 0x02, 0x02, 0x4C, 0x4B, 0x00, 0x08, 0x08, 0x04, 0x5E,
  0x0A, 0x01, 0x04, 0x04, 0x4A, 0x04, 0x4C, 0x0A, 0x0A, 0x00, 0x00, 0x13, 0x12, 0x11, 0x10, 0x0A,
  0x0F, 0x0A, 0x0F, 0x0E, 0x0D, 0x0C, 0x0B, 0x00, 0x09, 0x00, 0x09, 0x11, 0x11, 0x11, 0x11, 0x0C,
  0x09, 0x18, 0x2B, 0x37, 0x35, 0x23, 0x11, 0x33, 0x35, 0x33, 0x35, 0x33, 0x11, 0x13, 0x11, 0x33,
  0x15, 0x23, 0x15, 0x01, 0x33, 0x11, 0x23, 0x7D, 0x7D, 0x7D, 0xFA, 0xFA, 0x7D, 0xFA, 0x7D, 0xFD,
  0x8F, 0x7D, 0x7D, 0x7D, 0x7D, 0x01, 0x77, 0x7D, 0xFA, 0xFC, 0x95, 0x01, 0xF4, 0x01, 0x77, 0xFA,
  0x7D, 0xFE, 0x89, 0x01, 0x77, 0x00, 0x00, 0x00, 0x00, 0x02, 0x00, 0x00, 0x00, 0x7D, 0x03, 0x6B,
  0x03, 0xE8, 0x00, 0x0F, 0x00, 0x13, 0x00, 0x43, 0x40, 0x40, 0x05, 0x01, 0x03, 0x00, 0x06, 0x02,
  0x03, 0x06, 0x65, 0x00, 0x01, 0x00, 0x00, 0x08, 0x01, 0x00, 0x65, 0x00, 0x04, 0x04, 0x49, 0x4B,
  0x00, 0x09, 0x09, 0x02, 0x5D, 0x00, 0x02, 0x02, 0x4C, 0x4B, 0x00, 0x08, 0x08, 0x07, 0x5E, 0x0A,
  0x01, 0x07, 0x07, 0x4A, 0x07, 0x4C, 0x00, 0x00, 0x13, 0x12, 0x11, 0x10, 0x00, 0x0F, 0x00, 0x0F,
  0x11, 0x11, 0x11, 0x11, 0x11, 0x11, 0x11, 0x0B, 0x09, 0x1B, 0x2B, 0x37, 0x35, 0x23, 0x11, 0x33,
  0x35, 0x33, 0x35, 0x33, 0x35, 0x33, 0x15, 0x33, 0x15, 0x23, 0x11, 0x25, 0x33, 0x11, 0x23, 0x7D,
  0x7D, 0x7D, 0xFA, 0x7D, 0xFA, 0x7D, 0x7D, 0xFE, 0x0C, 0xFA, 0xFA, 0x7D, 0x7D, 0x01, 0x77, 0x7D,
  0x7D, 0x7D, 0x7D, 0x7D, 0xFD, 0x8F, 0x7D, 0x01, 0x77, 0x00, 0x00, 0x00, 0x00, 0x02, 0x00, 0x00,
  0x00, 0x7D, 0x03, 0x6B, 0x02, 0xEE, 0x00, 0x0D, 0x00, 0x11, 0x00, 0x3D, 0x40, 0x3A, 0x00, 0x07,
  0x00, 0x04, 0x00, 0x07, 0x04, 0x66, 0x03, 0x01, 0x01, 0x00, 0x00, 0x05, 0x01, 0x00, 0x65, 0x00,
  0x08, 0x08, 0x02, 0x5D, 0x00, 0x02, 0x02, 0x4C, 0x4B, 0x00, 0x05, 0x05, 0x06, 0x5D, 0x09, 0x01,
  0x06, 0x06, 0x4A, 0x06, 0x4C, 0x00, 0x00, 0x11, 0x10, 0x0F, 0x0E, 0x00, 0x0D, 0x00, 0x0D, 0x11,
  0x11, 0x11, 0x11, 0x11, 0x11, 0x0A, 0x09, 0x1A, 0x2B, 0x37, 0x35, 0x23, 0x11, 0x33, 0x35, 0x21,
  0x15, 0x33, 0x15, 0x21, 0x15, 0x21, 0x15, 0x01, 0x21, 0x35, 0x21, 0x7D, 0x7D, 0x7D, 0x02, 0x71,
  0x7D, 0xFD, 0x8F, 0x01, 0xF4, 0xFE, 0x0C, 0x01, 0x77, 0xFE, 0x89, 0x7D, 0x7D, 0x01, 0x77, 0x7D,
  0x7D, 0xFA, 0x7D, 0x7D, 0x01, 0x77, 0x7D, 0x00, 0x00, 0x03, 0x00, 0x00, 0x00, 0x7D, 0x03, 0x6B,
  0x03, 0xE8, 0x00, 0x03, 0x00, 0x15, 0x00, 0x19, 0x00, 0x99, 0x4B, 0xB0, 0x0A, 0x50, 0x58, 0x40,
  0x39, 0x00, 0x08, 0x00, 0x07, 0x07, 0x08, 0x70, 0x00, 0x0C, 0x00, 0x02, 0x05, 0x0C, 0x02, 0x66,
  0x0D, 0x0A, 0x02, 0x06, 0x00, 0x05, 0x03, 0x06, 0x05, 0x65, 0x00, 0x00, 0x00, 0x01, 0x5D, 0x00,
  0x01, 0x01, 0x49, 0x4B, 0x00, 0x0B, 0x0B, 0x07, 0x5D, 0x09, 0x01, 0x07, 0x07, 0x4C, 0x4B, 0x00,
  0x03, 0x03, 0x04, 0x5D, 0x00, 0x04, 0x04, 0x4A, 0x04, 0x4C, 0x1B, 0x40, 0x3A, 0x00, 0x08, 0x00,
  0x07, 0x00, 0x08, 0x07, 0x7E, 0x00, 0x0C, 0x00, 0x02, 0x05, 0x0C, 0x02, 0x66, 0x0D, 0x0A, 0x02,
  0x06, 0x00, 0x05, 0x03, 0x06, 0x05, 0x65, 0x00, 0x00, 0x00, 0x01, 0x5D, 0x00, 0x01, 0x01, 0x49,
  0x4B, 0x00, 0x0B, 0x0B, 0x07, 0x5D, 0x09, 0x01, 0x07, 0x07, 0x4C, 0x4B, 0x00, 0x03, 0x03, 0x04,
  0x5D, 0x00, 0x04, 0x04, 0x4A, 0x04, 0x4C, 0x59, 0x40, 0x18, 0x04, 0x04, 0x19, 0x18, 0x17, 0x16,
  0x04, 0x15, 0x04, 0x15, 0x14, 0x13, 0x11, 0x11, 0x11, 0x11, 0x11, 0x11, 0x12, 0x11, 0x10, 0x0E,
  0x09, 0x1D, 0x2B, 0x01, 0x23, 0x35, 0x33, 0x13, 0x15, 0x21, 0x15, 0x21, 0x15, 0x21, 0x35, 0x23,
  0x11, 0x33, 0x35, 0x33, 0x35, 0x33, 0x15, 0x33, 0x15, 0x23, 0x21, 0x15, 0x21, 0x02, 0x71, 0x7D,
  0x7D, 0xFA, 0xFD, 0x8F, 0x01, 0xF4, 0xFD, 0x8F, 0x7D, 0x7D, 0xFA, 0x7D, 0xFA, 0x7D, 0xFE, 0x89,
  0x01, 0x77, 0x03, 0x6B, 0x7D, 0xFE, 0x89, 0xFA, 0x7D, 0x7D, 0x7D, 0x01, 0x77, 0x7D, 0x7D, 0x7D,
  0x7D, 0x7D, 0x00, 0x00, 0x00, 0x04, 0x00, 0x00, 0x00, 0x7D, 0x03, 0x6B, 0x03, 0xE8, 0x00, 0x03,
  0x00, 0x07, 0x00, 0x19, 0x00, 0x1D, 0x00, 0x63, 0x40, 0x60, 0x00, 0x0A, 0x00, 0x0D, 0x08, 0x0A,
  0x0D, 0x65, 0x00, 0x0E, 0x00, 0x04, 0x07, 0x0E, 0x04, 0x66, 0x10, 0x0C, 0x02, 0x08, 0x00, 0x07,
  0x05, 0x08, 0x07, 0x65, 0x02, 0x01, 0x00, 0x00, 0x01, 0x5D, 0x03, 0x0F, 0x02, 0x01, 0x01, 0x49,
  0x4B, 0x0B, 0x01, 0x09, 0x09, 0x4C, 0x4B, 0x00, 0x05, 0x05, 0x06, 0x5E, 0x00, 0x06, 0x06, 0x4A,
  0x06, 0x4C, 0x08, 0x08, 0x00, 0x00, 0x1D, 0x1C, 0x1B, 0x1A, 0x08, 0x19, 0x08, 0x19, 0x18, 0x17,
  0x16, 0x15, 0x14, 0x13, 0x12, 0x11, 0x10, 0x0F, 0x0E, 0x0D, 0x0C, 0x0B, 0x0A, 0x09, 0x07, 0x06,
  0x05, 0x04, 0x00, 0x03, 0x00, 0x03, 0x11, 0x11, 0x09, 0x15, 0x2B, 0x13, 0x15, 0x23, 0x35, 0x05,
  0x23, 0x35, 0x33, 0x13, 0x15, 0x21, 0x15, 0x21, 0x15, 0x21, 0x35, 0x23, 0x11, 0x33, 0x35, 0x33,
  0x35, 0x21, 0x15, 0x33, 0x15, 0x23, 0x21, 0x15, 0x21, 0xFA, 0x7D, 0x02, 0x71, 0x7D, 0x7D, 0x7D,
  0xFD, 0x8F, 0x01, 0xF4, 0xFD, 0x8F, 0x7D, 0x7D, 0x7D, 0x01, 0x77, 0x7D, 0x7D, 0xFE, 0x89, 0x01,
  0x77, 0x03, 0xE8, 0x7D, 0x7D, 0x7D, 0x7D, 0xFE, 0x89, 0xFA, 0x7D, 0x7D, 0x7D, 0x01, 0x77, 0x7D,
  0x7D, 0x7D, 0x7D, 0x7D, 0x00, 0x02, 0x00, 0x00, 0x00, 0x7D, 0x03, 0x6B, 0x03, 0xE8, 0x00, 0x19,
  0x00, 0x1D, 0x00, 0x56, 0x40, 0x53, 0x00, 0x05, 0x00, 0x0E, 0x01, 0x05, 0x0E, 0x65, 0x00, 0x0D,
  0x00, 0x0A, 0x00, 0x0D, 0x0A, 0x66, 0x09, 0x01, 0x01, 0x00, 0x00, 0x0B, 0x01, 0x00, 0x65, 0x07,
  0x01, 0x03, 0x03, 0x04, 0x5D, 0x06, 0x01, 0x04, 0x04, 0x49, 0x4B, 0x08, 0x01, 0x02, 0x02, 0x4C,
  0x4B, 0x00, 0x0B, 0x0B, 0x0C, 0x5E, 0x0F, 0x01, 0x0C, 0x0C, 0x4A, 0x0C, 0x4C, 0x00, 0x00, 0x1D,
  0x1C, 0x1B, 0x1A, 0x00, 0x19, 0x00, 0x19, 0x18, 0x17, 0x16, 0x15, 0x14, 0x13, 0x11, 0x11, 0x11,
  0x11, 0x11, 0x11, 0x11, 0x11, 0x11, 0x10, 0x09, 0x1D, 0x2B, 0x37, 0x35, 0x23, 0x11, 0x33, 0x35,
  0x33, 0x35, 0x23, 0x35, 0x33, 0x15, 0x33, 0x35, 0x33, 0x15, 0x23, 0x15, 0x33, 0x15, 0x33, 0x15,
  0x21, 0x15, 0x21, 0x15, 0x01, 0x21, 0x35, 0x21, 0x7D, 0x7D, 0x7D, 0x7D, 0x7D, 0xFA, 0x7D, 0xFA,
  0x7D, 0x7D, 0x7D, 0xFD, 0x8F, 0x01, 0xF4, 0xFE, 0x0C, 0x01, 0x77, 0xFE, 0x89, 0x7D, 0x7D, 0x01,
  0x77, 0x7D, 0x7D, 0x7D, 0x7D, 0x7D, 0x7D, 0x7D, 0x7D, 0xFA, 0x7D, 0x7D, 0x01, 0x77, 0x7D, 0x00,
  0x00, 0x03, 0x00, 0x00, 0x00, 0x7D, 0x03, 0x6B, 0x03, 0xE8, 0x00, 0x11, 0x00, 0x15, 0x00, 0x19,
  0x00, 0x56, 0x40, 0x53, 0x04, 0x01, 0x02, 0x0A, 0x09, 0x0A, 0x02, 0x09, 0x7E, 0x00, 0x0B, 0x00,
  0x06, 0x00, 0x0B, 0x06, 0x66, 0x05, 0x01, 0x01, 0x00, 0x00, 0x07, 0x01, 0x00, 0x65, 0x00, 0x0A,
  0x0A, 0x03, 0x5D, 0x00, 0x03, 0x03, 0x49, 0x4B, 0x00, 0x0C, 0x0C, 0x09, 0x5D, 0x00, 0x09, 0x09,
  0x4C, 0x4B, 0x00, 0x07, 0x07, 0x08, 0x5E, 0x0D, 0x01, 0x08, 0x08, 0x4A, 0x08, 0x4C, 0x00, 0x00,
  0x19, 0x18, 0x17, 0x16, 0x15, 0x14, 0x13, 0x12, 0x00, 0x11, 0x00, 0x11, 0x11, 0x11, 0x11, 0x11,
  0x11, 0x11, 0x11, 0x11, 0x0E, 0x09, 0x1C, 0x2B, 0x37, 0x35, 0x23, 0x11, 0x33, 0x35, 0x33, 0x35,
  0x21, 0x15, 0x33, 0x15, 0x33, 0x15, 0x21, 0x15, 0x21, 0x15, 0x01, 0x33, 0x35, 0x23, 0x03, 0x21,
  0x35, 0x21, 0x7D, 0x7D, 0x7D, 0x7D, 0x01, 0x77, 0x7D, 0x7D, 0xFD, 0x8F, 0x01, 0xF4, 0xFE, 0x89,
  0x7D, 0x7D, 0x7D, 0x01, 0x77, 0xFE, 0x89, 0x7D, 0x7D, 0x01, 0x77, 0xFA, 0x7D, 0x7D, 0xFA, 0xFA,
  0x7D, 0x7D, 0x02, 0x71, 0x7D, 0xFE, 0x89, 0x7D, 0x00, 0x04, 0x00, 0x00, 0x00, 0x7D, 0x03, 0x6B,
  0x03, 0xE8, 0x00, 0x03, 0x00, 0x07, 0x00, 0x15, 0x00, 0x19, 0x00, 0x60, 0x40, 0x5D, 0x00, 0x0B,
  0x00, 0x08, 0x04, 0x0B, 0x08, 0x66, 0x07, 0x01, 0x05, 0x00, 0x04, 0x09, 0x05, 0x04, 0x65, 0x0E,
  0x03, 0x0D, 0x03, 0x01, 0x01, 0x00, 0x5D, 0x02, 0x01, 0x00, 0x00, 0x49, 0x4B, 0x00, 0x0C, 0x0C,
  0x06, 0x5D, 0x00, 0x06, 0x06, 0x4C, 0x4B, 0x00, 0x09, 0x09, 0x0A, 0x5D, 0x0F, 0x01, 0x0A, 0x0A,
  0x4A, 0x0A, 0x4C, 0x08, 0x08, 0x04, 0x04, 0x00, 0x00, 0x19, 0x18, 0x17, 0x16, 0x08, 0x15, 0x08,
  0x15, 0x14, 0x13, 0x12, 0x11, 0x10, 0x0F, 0x0E, 0x0D, 0x0C, 0x0B, 0x0A, 0x09, 0x04, 0x07, 0x04,
  0x07, 0x06, 0x05, 0x00, 0x03, 0x00, 0x03, 0x11, 0x10, 0x09, 0x15, 0x2B, 0x13, 0x35, 0x33, 0x15,
  0x33, 0x35, 0x33, 0x15, 0x01, 0x35, 0x23, 0x11, 0x33, 0x35, 0x21, 0x15, 0x33, 0x15, 0x21, 0x15,
  0x21, 0x15, 0x01, 0x21, 0x35, 0x21, 0x7D, 0xFA, 0x7D, 0xFA, 0xFD, 0x8F, 0x7D, 0x7D, 0x02, 0x71,
  0x7D, 0xFD, 0x8F, 0x01, 0xF4, 0xFE, 0x0C, 0x01, 0x77, 0xFE, 0x89, 0x03, 0x6B, 0x7D, 0x7D, 0x7D,
  0x7D, 0xFD, 0x12, 0x7D, 0x01, 0x77, 0x7D, 0x7D, 0xFA, 0x7D, 0x7D, 0x01, 0x77, 0x7D, 0x00, 0x00,
  0x00, 0x03, 0x00, 0x00, 0x00, 0x7D, 0x03, 0x6B, 0x03, 0xE8, 0x00, 0x03, 0x00, 0x11, 0x00, 0x15,
  0x00, 0x55, 0x40, 0x52, 0x00, 0x09, 0x00, 0x06, 0x02, 0x09, 0x06, 0x66, 0x05, 0x01, 0x03, 0x00,
  0x02, 0x07, 0x03, 0x02, 0x65, 0x0B, 0x01, 0x01, 0x01, 0x00, 0x5D, 0x00, 0x00, 0x00, 0x49, 0x4B,
  0x00, 0x0A, 0x0A, 0x04, 0x5D, 0x00, 0x04, 0x04, 0x4C, 0x4B, 0x00, 0x07, 0x07, 0x08, 0x5D, 0x0C,
  0x01, 0x08, 0x08, 0x4A, 0x08, 0x4C, 0x04, 0x04, 0x00, 0x00, 0x15, 0x14, 0x13, 0x12, 0x04, 0x11,
  0x04, 0x11, 0x10, 0x0F, 0x0E, 0x0D, 0x0C, 0x0B, 0x0A, 0x09, 0x08, 0x07, 0x06, 0x05, 0x00, 0x03,
  0x00, 0x03, 0x11, 0x0D, 0x09, 0x15, 0x2B, 0x01, 0x35, 0x33, 0x15, 0x01, 0x35, 0x23, 0x11, 0x33,
  0x35, 0x21, 0x15, 0x33, 0x15, 0x21, 0x15, 0x21, 0x15, 0x01, 0x21, 0x35, 0x21, 0x01, 0x77, 0xFA,
  0xFE, 0x0C, 0x7D, 0x7D, 0x02, 0x71, 0x7D, 0xFD, 0x8F, 0x01, 0xF4, 0xFE, 0x0C, 0x01, 0x77, 0xFE,
  0x89, 0x03, 0x6B, 0x7D, 0x7D, 0xFD, 0x12, 0x7D, 0x01, 0x77, 0x7D, 0x7D, 0xFA, 0x7D, 0x7D, 0x01,
  0x77, 0x7D, 0x00, 0x00, 0x00, 0x03, 0x00, 0x00, 0x00, 0x7D, 0x03, 0x6B, 0x03, 0xE8, 0x00, 0x03,
  0x00, 0x15, 0x00, 0x19, 0x00, 0xA7, 0x4B, 0xB0, 0x0A, 0x50, 0x58, 0x40, 0x3A, 0x00, 0x08, 0x00,
  0x07, 0x07, 0x08, 0x70, 0x00, 0x0C, 0x00, 0x02, 0x05, 0x0C, 0x02, 0x66, 0x0E, 0x0A, 0x02, 0x06,
  0x00, 0x05, 0x03, 0x06, 0x05, 0x65, 0x00, 0x00, 0x00, 0x01, 0x5D, 0x0D, 0x01, 0x01, 0x01, 0x49,
  0x4B, 0x00, 0x0B, 0x0B, 0x07, 0x5D, 0x09, 0x01, 0x07, 0x07, 0x4C, 0x4B, 0x00, 0x03, 0x03, 0x04,
  0x5D, 0x00, 0x04, 0x04, 0x4A, 0x04, 0x4C, 0x1B, 0x40, 0x3B, 0x00, 0x08, 0x00, 0x07, 0x00, 0x08,
  0x07, 0x7E, 0x00, 0x0C, 0x00, 0x02, 0x05, 0x0C, 0x02, 0x66, 0x0E, 0x0A, 0x02, 0x06, 0x00, 0x05,
  0x03, 0x06, 0x05, 0x65, 0x00, 0x00, 0x00, 0x01, 0x5D, 0x0D, 0x01, 0x01, 0x01, 0x49, 0x4B, 0x00,
  0x0B, 0x0B, 0x07, 0x5D, 0x09, 0x01, 0x07, 0x07, 0x4C, 0x4B, 0x00, 0x03, 0x03, 0x04, 0x5D, 0x00,
  0x04, 0x04, 0x4A, 0x04, 0x4C, 0x59, 0x40, 0x24, 0x04, 0x04, 0x00, 0x00, 0x19, 0x18, 0x17, 0x16,
  0x04, 0x15, 0x04, 0x15, 0x14, 0x13, 0x12, 0x11, 0x10, 0x0F, 0x0E, 0x0D, 0x0C, 0x0B, 0x0A, 0x09,
  0x08, 0x07, 0x06, 0x05, 0x00, 0x03, 0x00, 0x03, 0x11, 0x0F, 0x09, 0x15, 0x2B, 0x01, 0x15, 0x23,
  0x35, 0x01, 0x15, 0x21, 0x15, 0x21, 0x15, 0x21, 0x35, 0x23, 0x11, 0x33, 0x35, 0x33, 0x35, 0x33,
  0x15, 0x33, 0x15, 0x23, 0x21, 0x15, 0x21, 0x01, 0x77, 0x7D, 0x02, 0x71, 0xFD, 0x8F, 0x01, 0xF4,
  0xFD, 0x8F, 0x7D, 0x7D, 0xFA, 0x7D, 0xFA, 0x7D, 0xFE, 0x89, 0x01, 0x77, 0x03, 0xE8, 0x7D, 0x7D,
  0xFE, 0x89, 0xFA, 0x7D, 0x7D, 0x7D, 0x01, 0x77, 0x7D, 0x7D, 0x7D, 0x7D, 0x7D, 0x00, 0x00, 0x00,
  0x00, 0x03, 0x00, 0x00, 0x00, 0x7D, 0x03, 0x6B, 0x03, 0xE8, 0x00, 0x03, 0x00, 0x11, 0x00, 0x15,
  0x00, 0x55, 0x40, 0x52, 0x00, 0x09, 0x00, 0x06, 0x02, 0x09, 0x06, 0x66, 0x05, 0x01, 0x03, 0x00,
  0x02, 0x07, 0x03, 0x02, 0x65, 0x0B, 0x01, 0x01, 0x01, 0x00, 0x5D, 0x00, 0x00, 0x00, 0x49, 0x4B,
  0x00, 0x0A, 0x0A, 0x04, 0x5D, 0x00, 0x04, 0x04, 0x4C, 0x4B, 0x00, 0x07, 0x07, 0x08, 0x5D, 0x0C,
  0x01, 0x08, 0x08, 0x4A, 0x08, 0x4C, 0x04, 0x04, 0x00, 0x00, 0x15, 0x14, 0x13, 0x12, 0x04, 0x11,
  0x04, 0x11, 0x10, 0x0F, 0x0E, 0x0D, 0x0C, 0x0B, 0x0A, 0x09, 0x08, 0x07, 0x06, 0x05, 0x00, 0x03,
  0x00, 0x03, 0x11, 0x0D, 0x09, 0x15, 0x2B, 0x13, 0x35, 0x21, 0x15, 0x01, 0x35, 0x23, 0x11, 0x33,
  0x35, 0x21, 0x15, 0x33, 0x15, 0x21, 0x15, 0x21, 0x15, 0x01, 0x21, 0x35, 0x21, 0x7D, 0x02, 0x71,
  0xFD, 0x8F, 0x7D, 0x7D, 0x02, 0x71, 0x7D, 0xFD, 0x8F, 0x01, 0xF4, 0xFE, 0x0C, 0x01, 0x77, 0xFE,
  0x89, 0x03, 0x6B, 0x7D, 0x7D, 0xFD, 0x12, 0x7D, 0x01, 0x77, 0x7D, 0x7D, 0xFA, 0x7D, 0x7D, 0x01,
  0x77, 0x7D, 0x00, 0x00, 0x00, 0x04, 0x00, 0x00, 0x00, 0x00, 0x03, 0x6B, 0x03, 0xE8, 0x00, 0x11,
  0x00, 0x15, 0x00, 0x19, 0x00, 0x1D, 0x00, 0xB8, 0x4B, 0xB0, 0x0A, 0x50, 0x58, 0x40, 0x44, 0x00,
  0x03, 0x02, 0x0B, 0x02, 0x03, 0x70, 0x0F, 0x08, 0x02, 0x06, 0x00, 0x05, 0x01, 0x06, 0x05, 0x65,
  0x00, 0x01, 0x04, 0x01, 0x02, 0x03, 0x01, 0x02, 0x65, 0x00, 0x09, 0x09, 0x07, 0x5D, 0x00, 0x07,
  0x07, 0x49, 0x4B, 0x00, 0x00, 0x00, 0x0A, 0x5D, 0x00, 0x0A, 0x0A, 0x4C, 0x4B, 0x00, 0x0B, 0x0B,
  0x0C, 0x5D, 0x00, 0x0C, 0x0C, 0x4A, 0x4B, 0x00, 0x0D, 0x0D, 0x0E, 0x5D, 0x10, 0x01, 0x0E, 0x0E,
  0x4E, 0x0E, 0x4C, 0x1B, 0x40, 0x45, 0x00, 0x03, 0x02, 0x0B, 0x02, 0x03, 0x0B, 0x7E, 0x0F, 0x08,
  0x02, 0x06, 0x00, 0x05, 0x01, 0x06, 0x05, 0x65, 0x00, 0x01, 0x04, 0x01, 0x02, 0x03, 0x01, 0x02,
  0x65, 0x00, 0x09, 0x09, 0x07, 0x5D, 0x00, 0x07, 0x07, 0x49, 0x4B, 0x00, 0x00, 0x00, 0x0A, 0x5D,
  0x00, 0x0A, 0x0A, 0x4C, 0x4B, 0x00, 0x0B, 0x0B, 0x0C, 0x5D, 0x00, 0x0C, 0x0C, 0x4A, 0x4B, 0x00,
  0x0D, 0x0D, 0x0E, 0x5D, 0x10, 0x01, 0x0E, 0x0E, 0x4E, 0x0E, 0x4C, 0x59, 0x40, 0x21, 0x1A, 0x1A,
  0x00, 0x00, 0x1A, 0x1D, 0x1A, 0x1D, 0x1C, 0x1B, 0x19, 0x18, 0x17, 0x16, 0x15, 0x14, 0x13, 0x12,
  0x00, 0x11, 0x00, 0x11, 0x11, 0x11, 0x11, 0x11, 0x11, 0x11, 0x11, 0x11, 0x11, 0x09, 0x1C, 0x2B,
  0x01, 0x15, 0x21, 0x15, 0x21, 0x15, 0x23, 0x15, 0x23, 0x35, 0x23, 0x35, 0x23, 0x11, 0x33, 0x35,
  0x21, 0x15, 0x23, 0x21, 0x15, 0x21, 0x01, 0x33, 0x15, 0x23, 0x17, 0x35, 0x33, 0x15, 0x03, 0x6B,
  0xFD, 0x8F, 0x01, 0xF4, 0xFA, 0x7D, 0xFA, 0x7D, 0x7D, 0x02, 0x71, 0x7D, 0xFE, 0x89, 0x01, 0x77,
  0xFE, 0x89, 0x7D, 0x7D, 0x7D, 0xFA, 0x03, 0x6B, 0xFA, 0x7D, 0x7D, 0x7D, 0x7D, 0x7D, 0x01, 0x77,
  0x7D, 0x7D, 0x7D, 0xFE, 0x0C, 0x7D, 0x7D, 0x7D, 0x7D, 0x00, 0x00, 0x00, 0x00, 0x01, 0x00, 0x7D,
  0x00, 0x7D, 0x03, 0x6B, 0x03, 0xE8, 0x00, 0x0F, 0x00, 0x35, 0x40, 0x32, 0x00, 0x04, 0x04, 0x03,
  0x5D, 0x00, 0x03, 0x03, 0x49, 0x4B, 0x06, 0x01, 0x00, 0x00, 0x01, 0x5D, 0x05, 0x01, 0x01, 0x01,
  0x4C, 0x4B, 0x00, 0x02, 0x02, 0x07, 0x5D, 0x08, 0x01, 0x07, 0x07, 0x4A, 0x07, 0x4C, 0x00, 0x00,
  0x00, 0x0F, 0x00, 0x0F, 0x11, 0x11, 0x11, 0x11, 0x11, 0x11, 0x11, 0x09, 0x09, 0x1B, 0x2B, 0x25,
  0x11, 0x23, 0x35, 0x33, 0x35, 0x33, 0x35, 0x21, 0x15, 0x23, 0x15, 0x33, 0x15, 0x23, 0x11, 0x01,
  0x77, 0xFA, 0xFA, 0x7D, 0x01, 0x77, 0xFA, 0xFA, 0xFA, 0x7D, 0x01, 0xF4, 0x7D, 0x7D, 0x7D, 0x7D,
  0x7D, 0x7D, 0xFE, 0x0C, 0x00, 0x02, 0x00, 0x00, 0x00, 0x00, 0x03, 0x6B, 0x02, 0xEE, 0x00, 0x0D,
  0x00, 0x11, 0x00, 0x41, 0x40, 0x3E, 0x00, 0x03, 0x00, 0x02, 0x07, 0x03, 0x02, 0x65, 0x00, 0x07,
  0x00, 0x01, 0x05, 0x07, 0x01, 0x65, 0x00, 0x08, 0x08, 0x04, 0x5D, 0x00, 0x04, 0x04, 0x4C, 0x4B,
  0x00, 0x05, 0x05, 0x4A, 0x4B, 0x00, 0x00, 0x00, 0x06, 0x5D, 0x09, 0x01, 0x06, 0x06, 0x4E, 0x06,
  0x4C, 0x00, 0x00, 0x11, 0x10, 0x0F, 0x0E, 0x00, 0x0D, 0x00, 0x0D, 0x11, 0x11, 0x11, 0x11, 0x11,
  0x11, 0x0A, 0x09, 0x1A, 0x2B, 0x33, 0x35, 0x21, 0x35, 0x21, 0x35, 0x23, 0x35, 0x33, 0x35, 0x21,
  0x11, 0x23, 0x15, 0x01, 0x21, 0x35, 0x21, 0x7D, 0x01, 0xF4, 0xFE, 0x0C, 0x7D, 0x7D, 0x02, 0xEE,
  0x7D, 0xFE, 0x0C, 0x01, 0x77, 0xFE, 0x89, 0x7D, 0x7D, 0x7D, 0xFA, 0x7D, 0xFD, 0x8F, 0x7D, 0x01,
  0x77, 0xFA, 0x00, 0x00, 0x00, 0x04, 0x00, 0x00, 0x00, 0x00, 0x03, 0x6B, 0x03, 0xE8, 0x00, 0x03,
  0x00, 0x07, 0x00, 0x19, 0x00, 0x1D, 0x00, 0x67, 0x40, 0x64, 0x00, 0x0B, 0x00, 0x0D, 0x09, 0x0B,
  0x0D, 0x65, 0x00, 0x09, 0x00, 0x08, 0x0E, 0x09, 0x08, 0x65, 0x00, 0x0E, 0x00, 0x07, 0x04, 0x0E,
  0x07, 0x66, 0x02, 0x01, 0x00, 0x00, 0x01, 0x5D, 0x03, 0x0F, 0x02, 0x01, 0x01, 0x49, 0x4B, 0x10,
  0x0C, 0x02, 0x0A, 0x0A, 0x4C, 0x4B, 0x00, 0x04, 0x04, 0x4A, 0x4B, 0x00, 0x06, 0x06, 0x05, 0x5D,
  0x00, 0x05, 0x05, 0x4E, 0x05, 0x4C, 0x08, 0x08, 0x00, 0x00, 0x1D, 0x1C, 0x1B, 0x1A, 0x08, 0x19,
  0x08, 0x19, 0x18, 0x17, 0x16, 0x15, 0x14, 0x13, 0x12, 0x11, 0x10, 0x0F, 0x0E, 0x0D, 0x0C, 0x0B,
  0x0A, 0x09, 0x07, 0x06, 0x05, 0x04, 0x00, 0x03, 0x00, 0x03, 0x11, 0x11, 0x09, 0x15, 0x2B, 0x13,
  0x15, 0x23, 0x35, 0x05, 0x23, 0x35, 0x33, 0x17, 0x11, 0x23, 0x15, 0x21, 0x35, 0x21, 0x35, 0x21,
  0x35, 0x23, 0x35, 0x33, 0x35, 0x33, 0x35, 0x21, 0x15, 0x15, 0x21, 0x15, 0x21, 0xFA, 0x7D, 0x02,
  0x71, 0x7D, 0x7D, 0x7D, 0x7D, 0xFD, 0x8F, 0x01, 0xF4, 0xFE, 0x0C, 0x7D, 0x7D, 0x7D, 0x01, 0x77,
  0xFE, 0x89, 0x01, 0x77, 0x03, 0xE8, 0x7D, 0x7D, 0x7D, 0x7D, 0xFA, 0xFD, 0x8F, 0x7D, 0x7D, 0x7D,
  0x7D, 0xFA, 0x7D, 0x7D, 0x7D, 0x7D, 0xFA, 0x00, 0x00, 0x03, 0x00, 0x00, 0x00, 0x00, 0x03, 0x6B,
  0x03, 0xE8, 0x00, 0x13, 0x00, 0x17, 0x00, 0x1B, 0x00, 0x5C, 0x40, 0x59, 0x06, 0x01, 0x04, 0x0B,
  0x07, 0x0B, 0x04, 0x07, 0x7E, 0x00, 0x03, 0x00, 0x02, 0x0C, 0x03, 0x02, 0x65, 0x00, 0x0C, 0x00,
  0x01, 0x08, 0x0C, 0x01, 0x66, 0x00, 0x0B, 0x0B, 0x05, 0x5D, 0x00, 0x05, 0x05, 0x49, 0x4B, 0x00,
  0x0D, 0x0D, 0x07, 0x5D, 0x0A, 0x01, 0x07, 0x07, 0x4C, 0x4B, 0x00, 0x08, 0x08, 0x4A, 0x4B, 0x00,
  0x00, 0x00, 0x09, 0x5D, 0x0E, 0x01, 0x09, 0x09, 0x4E, 0x09, 0x4C, 0x00, 0x00, 0x1B, 0x1A, 0x19,
  0x18, 0x17, 0x16, 0x15, 0x14, 0x00, 0x13, 0x00, 0x13, 0x11, 0x11, 0x11, 0x11, 0x11, 0x11, 0x11,
  0x11, 0x11, 0x0F, 0x09, 0x1D, 0x2B, 0x33, 0x35, 0x21, 0x35, 0x21, 0x35, 0x23, 0x35, 0x33, 0x35,
  0x33, 0x35, 0x21, 0x15, 0x33, 0x15, 0x33, 0x11, 0x23, 0x15, 0x01, 0x33, 0x35, 0x23, 0x03, 0x21,
  0x35, 0x21, 0x7D, 0x01, 0xF4, 0xFE, 0x0C, 0x7D, 0x7D, 0x7D, 0x01, 0x77, 0x7D, 0x7D, 0x7D, 0xFE,
  0x89, 0x7D, 0x7D, 0x7D, 0x01, 0x77, 0xFE, 0x89, 0x7D, 0x7D, 0x7D, 0xFA, 0xFA, 0x7D, 0x7D, 0x7D,
  0xFD, 0x8F, 0x7D, 0x02, 0xEE, 0x7D, 0xFE, 0x0C, 0xFA, 0x00, 0x00, 0x00, 0x00, 0x02, 0x00, 0x00,
  0x00, 0x00, 0x03, 0x6B, 0x03, 0xE8, 0x00, 0x15, 0x00, 0x19, 0x00, 0xA1, 0x4B, 0xB0, 0x0A, 0x50,
  0x58, 0x40, 0x3D, 0x00, 0x05, 0x07, 0x04, 0x04, 0x05, 0x70, 0x00, 0x03, 0x00, 0x02, 0x0B, 0x03,
  0x02, 0x65, 0x00, 0x0B, 0x00, 0x01, 0x09, 0x0B, 0x01, 0x66, 0x00, 0x07, 0x07, 0x06, 0x5D, 0x00,
  0x06, 0x06, 0x49, 0x4B, 0x00, 0x0C, 0x0C, 0x04, 0x5D, 0x08, 0x01, 0x04, 0x04, 0x4C, 0x4B, 0x00,
  0x09, 0x09, 0x4A, 0x4B, 0x00, 0x00, 0x00, 0x0A, 0x5D, 0x0D, 0x01, 0x0A, 0x0A, 0x4E, 0x0A, 0x4C,
  0x1B, 0x40, 0x3E, 0x00, 0x05, 0x07, 0x04, 0x07, 0x05, 0x04, 0x7E, 0x00, 0x03, 0x00, 0x02, 0x0B,
  0x03, 0x02, 0x65, 0x00, 0x0B, 0x00, 0x01, 0x09, 0x0B, 0x01, 0x66, 0x00, 0x07, 0x07, 0x06, 0x5D,
  0x00, 0x06, 0x06, 0x49, 0x4B, 0x00, 0x0C, 0x0C, 0x04, 0x5D, 0x08, 0x01, 0x04, 0x04, 0x4C, 0x4B,
  0x00, 0x09, 0x09, 0x4A, 0x4B, 0x00, 0x00, 0x00, 0x0A, 0x5D, 0x0D, 0x01, 0x0A, 0x0A, 0x4E, 0x0A,
  0x4C, 0x59, 0x40, 0x18, 0x00, 0x00, 0x19, 0x18, 0x17, 0x16, 0x00, 0x15, 0x00, 0x15, 0x14, 0x13,
  0x11, 0x11, 0x11, 0x11, 0x11, 0x11, 0x11, 0x11, 0x11, 0x0E, 0x09, 0x1D, 0x2B, 0x33, 0x35, 0x21,
  0x35, 0x21, 0x35, 0x23, 0x35, 0x33, 0x35, 0x33, 0x35, 0x33, 0x35, 0x33, 0x15, 0x23, 0x15, 0x21,
  0x11, 0x23, 0x15, 0x01, 0x21, 0x35, 0x21, 0x7D, 0x01, 0xF4, 0xFE, 0x0C, 0x7D, 0x7D, 0x7D, 0x7D,
  0xFA, 0x7D, 0x01, 0x77, 0x7D, 0xFE, 0x0C, 0x01, 0x77, 0xFE, 0x89, 0x7D, 0x7D, 0x7D, 0xFA, 0x7D,
  0x7D, 0x7D, 0x7D, 0x7D, 0xFD, 0x8F, 0x7D, 0x01, 0x77, 0xFA, 0x00, 0x00, 0x00, 0x03, 0x00, 0x00,
  0x00, 0x00, 0x03, 0x6B, 0x03, 0xE8, 0x00, 0x03, 0x00, 0x11, 0x00, 0x15, 0x00, 0x59, 0x40, 0x56,
  0x00, 0x05, 0x00, 0x04, 0x09, 0x05, 0x04, 0x65, 0x00, 0x09, 0x00, 0x03, 0x07, 0x09, 0x03, 0x65,
  0x0B, 0x01, 0x01, 0x01, 0x00, 0x5D, 0x00, 0x00, 0x00, 0x49, 0x4B, 0x00, 0x0A, 0x0A, 0x06, 0x5D,
  0x00, 0x06, 0x06, 0x4C, 0x4B, 0x00, 0x07, 0x07, 0x4A, 0x4B, 0x00, 0x02, 0x02, 0x08, 0x5D, 0x0C,
  0x01, 0x08, 0x08, 0x4E, 0x08, 0x4C, 0x04, 0x04, 0x00, 0x00, 0x15, 0x14, 0x13, 0x12, 0x04, 0x11,
  0x04, 0x11, 0x10, 0x0F, 0x0E, 0x0D, 0x0C, 0x0B, 0x0A, 0x09, 0x08, 0x07, 0x06, 0x05, 0x00, 0x03,
  0x00, 0x03, 0x11, 0x0D, 0x09, 0x15, 0x2B, 0x01, 0x35, 0x33, 0x15, 0x01, 0x35, 0x21, 0x35, 0x21,
  0x35, 0x23, 0x35, 0x33, 0x35, 0x21, 0x11, 0x23, 0x15, 0x01, 0x21, 0x35, 0x21, 0x01, 0x77, 0xFA,
  0xFE, 0x0C, 0x01, 0xF4, 0xFE, 0x0C, 0x7D, 0x7D, 0x02, 0xEE, 0x7D, 0xFE, 0x0C, 0x01, 0x77, 0xFE,
  0x89, 0x03, 0x6B, 0x7D, 0x7D, 0xFC, 0x95, 0x7D, 0x7D, 0x7D, 0xFA, 0x7D, 0xFD, 0x8F, 0x7D, 0x01,
  0x77, 0xFA, 0x00, 0x00, 0x00, 0x01, 0x00, 0x00, 0x00, 0x7D, 0x03, 0x6B, 0x03, 0xE8, 0x00, 0x0B,
  0x00, 0x2D, 0x40, 0x2A, 0x00, 0x00, 0x00, 0x49, 0x4B, 0x00, 0x04, 0x04, 0x01, 0x5D, 0x00, 0x01,
  0x01, 0x4C, 0x4B, 0x00, 0x02, 0x02, 0x03, 0x5D, 0x06, 0x05, 0x02, 0x03, 0x03, 0x4A, 0x03, 0x4C,
  0x00, 0x00, 0x00, 0x0B, 0x00, 0x0B, 0x11, 0x11, 0x11, 0x11, 0x11, 0x07, 0x09, 0x19, 0x2B, 0x35,
  0x11, 0x33, 0x15, 0x21, 0x15, 0x33, 0x11, 0x23, 0x11, 0x21, 0x11, 0xFA, 0x01, 0xF4, 0x7D, 0xFA,
  0xFE, 0x89, 0x7D, 0x03, 0x6B, 0xFA, 0x7D, 0xFE, 0x0C, 0x01, 0xF4, 0xFE, 0x0C, 0x00, 0x00, 0x00,
  0x00, 0x01, 0x00, 0x00, 0x00, 0x7D, 0x03, 0x6B, 0x03, 0xE8, 0x00, 0x13, 0x00, 0x39, 0x40, 0x36,
  0x03, 0x01, 0x01, 0x04, 0x01, 0x00, 0x05, 0x01, 0x00, 0x65, 0x00, 0x05, 0x00, 0x08, 0x06, 0x05,
  0x08, 0x65, 0x00, 0x02, 0x02, 0x49, 0x4B, 0x00, 0x06, 0x06, 0x07, 0x5D, 0x0A, 0x09, 0x02, 0x07,
  0x07, 0x4A, 0x07, 0x4C, 0x00, 0x00, 0x00, 0x13, 0x00, 0x13, 0x11, 0x11, 0x11, 0x11, 0x11, 0x11,
  0x11, 0x11, 0x11, 0x0B, 0x09, 0x1D, 0x2B, 0x37, 0x11, 0x23, 0x35, 0x33, 0x35, 0x33, 0x15, 0x33,
  0x15, 0x23, 0x15, 0x21, 0x15, 0x33, 0x11, 0x23, 0x11, 0x23, 0x11, 0x7D, 0x7D, 0x7D, 0xFA, 0xFA,
  0xFA, 0x01, 0x77, 0x7D, 0xFA, 0xFA, 0x7D, 0x02, 0x71, 0x7D, 0x7D, 0x7D, 0x7D, 0x7D, 0x7D, 0xFE,
  0x89, 0x01, 0x77, 0xFE, 0x89, 0x00, 0x00, 0x00, 0x00, 0x01, 0x00, 0x00, 0x00, 0x7D, 0x03, 0x6B,
  0x03, 0xE8, 0x00, 0x15, 0x00, 0x40, 0x40, 0x3D, 0x02, 0x01, 0x00, 0x05, 0x01, 0x03, 0x06, 0x00,
  0x03, 0x65, 0x00, 0x06, 0x00, 0x09, 0x07, 0x06, 0x09, 0x65, 0x00, 0x04, 0x04, 0x01, 0x5D, 0x00,
  0x01, 0x01, 0x49, 0x4B, 0x00, 0x07, 0x07, 0x08, 0x5D, 0x0B, 0x0A, 0x02, 0x08, 0x08, 0x4A, 0x08,
  0x4C, 0x00, 0x00, 0x00, 0x15, 0x00, 0x15, 0x14, 0x13, 0x11, 0x11, 0x11, 0x11, 0x11, 0x11, 0x11,
  0x11, 0x11, 0x0C, 0x09, 0x1D, 0x2B, 0x35, 0x11, 0x33, 0x35, 0x21, 0x15, 0x33, 0x15, 0x23, 0x35,
  0x23, 0x15, 0x23, 0x15, 0x21, 0x15, 0x33, 0x11, 0x23, 0x11, 0x21, 0x11, 0xFA, 0x01, 0x77, 0x7D,
  0xFA, 0x7D, 0x7D, 0x01, 0xF4, 0x7D, 0xFA, 0xFE, 0x89, 0x7D, 0x02, 0xEE, 0x7D, 0x7D, 0x7D, 0x7D,
  0x7D, 0x7D, 0x7D, 0xFE, 0x89, 0x01, 0x77, 0xFE, 0x89, 0x00, 0x00, 0x00, 0x00, 0x02, 0x00, 0x7D,
  0x00, 0x7D, 0x03, 0x6B, 0x03, 0xE8, 0x00, 0x03, 0x00, 0x0D, 0x00, 0x3D, 0x40, 0x3A, 0x07, 0x01,
  0x01, 0x01, 0x00, 0x5D, 0x00, 0x00, 0x00, 0x49, 0x4B, 0x00, 0x03, 0x03, 0x04, 0x5D, 0x00, 0x04,
  0x04, 0x4C, 0x4B, 0x05, 0x01, 0x02, 0x02, 0x06, 0x5D, 0x08, 0x01, 0x06, 0x06, 0x4A, 0x06, 0x4C,
  0x04, 0x04, 0x00, 0x00, 0x04, 0x0D, 0x04, 0x0D, 0x0C, 0x0B, 0x0A, 0x09, 0x08, 0x07, 0x06, 0x05,
  0x00, 0x03, 0x00, 0x03, 0x11, 0x09, 0x09, 0x15, 0x2B, 0x01, 0x35, 0x33, 0x15, 0x01, 0x35, 0x33,
  0x11, 0x23, 0x35, 0x21, 0x11, 0x33, 0x15, 0x01, 0x77, 0xFA, 0xFE, 0x0C, 0xFA, 0x7D, 0x01, 0x77,
  0xFA, 0x03, 0x6B, 0x7D, 0x7D, 0xFD, 0x12, 0x7D, 0x01, 0x77, 0x7D, 0xFE, 0x0C, 0x7D, 0x00, 0x00,
  0x00, 0x01, 0x00, 0x7D, 0x00, 0x7D, 0x03, 0x6B, 0x02, 0xEE, 0x00, 0x09, 0x00, 0x27, 0x40, 0x24,
  0x00, 0x01, 0x01, 0x02, 0x5D, 0x00, 0x02, 0x02, 0x4C, 0x4B, 0x03, 0x01, 0x00, 0x00, 0x04, 0x5D,
  0x05, 0x01, 0x04, 0x04, 0x4A, 0x04, 0x4C, 0x00, 0x00, 0x00, 0x09, 0x00, 0x09, 0x11, 0x11, 0x11,
  0x11, 0x06, 0x09, 0x18, 0x2B, 0x37, 0x35, 0x33, 0x11, 0x23, 0x35, 0x21, 0x11, 0x33, 0x15, 0x7D,
  0xFA, 0x7D, 0x01, 0x77, 0xFA, 0x7D, 0x7D, 0x01, 0x77, 0x7D, 0xFE, 0x0C, 0x7D, 0x00, 0x00, 0x00,
  0x00, 0x03, 0x00, 0x7D, 0x00, 0x7D, 0x03, 0x6B, 0x03, 0xE8, 0x00, 0x03, 0x00, 0x07, 0x00, 0x11,
  0x00, 0x3B, 0x40, 0x38, 0x00, 0x03, 0x00, 0x02, 0x07, 0x03, 0x02, 0x65, 0x00, 0x07, 0x00, 0x06,
  0x05, 0x07, 0x06, 0x65, 0x00, 0x00, 0x00, 0x01, 0x5D, 0x00, 0x01, 0x01, 0x49, 0x4B, 0x09, 0x08,
  0x02, 0x05, 0x05, 0x04, 0x5D, 0x00, 0x04, 0x04, 0x4A, 0x04, 0x4C, 0x08, 0x08, 0x08, 0x11, 0x08,
  0x11, 0x11, 0x11, 0x11, 0x12, 0x11, 0x11, 0x11, 0x10, 0x0A, 0x09, 0x1C, 0x2B, 0x01, 0x23, 0x35,
  0x33, 0x07, 0x23, 0x35, 0x33, 0x01, 0x15, 0x21, 0x35, 0x33, 0x35, 0x23, 0x35, 0x21, 0x11, 0x02,
  0x71, 0x7D, 0x7D, 0x7D, 0x7D, 0x7D, 0x01, 0x77, 0xFD, 0x12, 0xFA, 0x7D, 0x01, 0x77, 0x03, 0x6B,
  0x7D, 0xFA, 0x7D, 0xFD, 0x8F, 0x7D, 0x7D, 0xFA, 0x7D, 0xFE, 0x89, 0x00, 0x00, 0x04, 0x00, 0x7D,
  0x00, 0x7D, 0x03, 0x6B, 0x03, 0xE8, 0x00, 0x03, 0x00, 0x07, 0x00, 0x0B, 0x00, 0x15, 0x00, 0x49,
  0x40, 0x46, 0x00, 0x04, 0x0B, 0x01, 0x05, 0x09, 0x04, 0x05, 0x65, 0x00, 0x09, 0x00, 0x08, 0x07,
  0x09, 0x08, 0x65, 0x02, 0x01, 0x00, 0x00, 0x01, 0x5D, 0x03, 0x01, 0x01, 0x01, 0x49, 0x4B, 0x0C,
  0x0A, 0x02, 0x07, 0x07, 0x06, 0x5D, 0x00, 0x06, 0x06, 0x4A, 0x06, 0x4C, 0x0C, 0x0C, 0x08, 0x08,
  0x0C, 0x15, 0x0C, 0x15, 0x14, 0x13, 0x12, 0x11, 0x10, 0x0F, 0x0E, 0x0D, 0x08, 0x0B, 0x08, 0x0B,
  0x12, 0x11, 0x11, 0x11, 0x10, 0x0D, 0x09, 0x19, 0x2B, 0x13, 0x23, 0x35, 0x33, 0x05, 0x23, 0x35,
  0x33, 0x05, 0x35, 0x21, 0x15, 0x13, 0x15, 0x21, 0x35, 0x33, 0x35, 0x23, 0x35, 0x21, 0x11, 0xFA,
  0x7D, 0x7D, 0x01, 0xF4, 0x7D, 0x7D, 0xFE, 0x0C, 0x01, 0x77, 0xFA, 0xFD, 0x12, 0xFA, 0x7D, 0x01,
  0x77, 0x03, 0x6B, 0x7D, 0x7D, 0x7D, 0xFA, 0x7D, 0x7D, 0xFE, 0x0C, 0x7D, 0x7D, 0xFA, 0x7D, 0xFE,
  0x89, 0x00, 0x00, 0x00, 0x00, 0x02, 0x00, 0x7D, 0x00, 0x7D, 0x03, 0x6B, 0x03, 0xE8, 0x00, 0x0B,
  0x00, 0x15, 0x00, 0x49, 0x40, 0x46, 0x02, 0x01, 0x00, 0x0B, 0x05, 0x02, 0x03, 0x08, 0x00, 0x03,
  0x65, 0x00, 0x08, 0x00, 0x07, 0x06, 0x08, 0x07, 0x65, 0x00, 0x04, 0x04, 0x01, 0x5D, 0x00, 0x01,
  0x01, 0x49, 0x4B, 0x09, 0x01, 0x06, 0x06, 0x0A, 0x5D, 0x0C, 0x01, 0x0A, 0x0A, 0x4A, 0x0A, 0x4C,
  0x0C, 0x0C, 0x00, 0x00, 0x0C, 0x15, 0x0C, 0x15, 0x14, 0x13, 0x12, 0x11, 0x10, 0x0F, 0x0E, 0x0D,
  0x00, 0x0B, 0x00, 0x0B, 0x11, 0x11, 0x11, 0x11, 0x11, 0x0D, 0x09, 0x19, 0x2B, 0x13, 0x35, 0x33,
  0x35, 0x21, 0x15, 0x33, 0x15, 0x23, 0x35, 0x23, 0x15, 0x03, 0x35, 0x33, 0x35, 0x23, 0x35, 0x21,
  0x11, 0x33, 0x15, 0x7D, 0x7D, 0x01, 0x77, 0x7D, 0xFA, 0x7D, 0xFA, 0xFA, 0x7D, 0x01, 0x77, 0xFA,
  0x02, 0xEE, 0x7D, 0x7D, 0x7D, 0x7D, 0x7D, 0x7D, 0xFD, 0x8F, 0x7D, 0xFA, 0x7D, 0xFE, 0x89, 0x7D,
  0x00, 0x03, 0x00, 0x7D, 0x00, 0x7D, 0x03, 0x6B, 0x03, 0xE8, 0x00, 0x03, 0x00, 0x07, 0x00, 0x11,
  0x00, 0x48, 0x40, 0x45, 0x0A, 0x03, 0x09, 0x03, 0x01, 0x01, 0x00, 0x5D, 0x02, 0x01, 0x00, 0x00,
  0x49, 0x4B, 0x00, 0x05, 0x05, 0x06, 0x5D, 0x00, 0x06, 0x06, 0x4C, 0x4B, 0x07, 0x01, 0x04, 0x04,
  0x08, 0x5D, 0x0B, 0x01, 0x08, 0x08, 0x4A, 0x08, 0x4C, 0x08, 0x08, 0x04, 0x04, 0x00, 0x00, 0x08,
  0x11, 0x08, 0x11, 0x10, 0x0F, 0x0E, 0x0D, 0x0C, 0x0B, 0x0A, 0x09, 0x04, 0x07, 0x04, 0x07, 0x06,
  0x05, 0x00, 0x03, 0x00, 0x03, 0x11, 0x0C, 0x09, 0x15, 0x2B, 0x13, 0x35, 0x33, 0x15, 0x33, 0x35,
  0x33, 0x15, 0x01, 0x35, 0x33, 0x11, 0x23, 0x35, 0x21, 0x11, 0x33, 0x15, 0x7D, 0xFA, 0x7D, 0xFA,
  0xFD, 0x8F, 0xFA, 0x7D, 0x01, 0x77, 0xFA, 0x03, 0x6B, 0x7D, 0x7D, 0x7D, 0x7D, 0xFD, 0x12, 0x7D,
  0x01, 0x77, 0x7D, 0xFE, 0x0C, 0x7D, 0x00, 0x00, 0x00, 0x03, 0x00, 0x7D, 0x00, 0x7D, 0x03, 0x6B,
  0x03, 0xE8, 0x00, 0x03, 0x00, 0x07, 0x00, 0x11, 0x00, 0x45, 0x40, 0x42, 0x00, 0x02, 0x09, 0x01,
  0x03, 0x07, 0x02, 0x03, 0x65, 0x00, 0x07, 0x00, 0x06, 0x05, 0x07, 0x06, 0x65, 0x00, 0x00, 0x00,
  0x01, 0x5D, 0x00, 0x01, 0x01, 0x49, 0x4B, 0x0A, 0x08, 0x02, 0x05, 0x05, 0x04, 0x5D, 0x00, 0x04,
  0x04, 0x4A, 0x04, 0x4C, 0x08, 0x08, 0x04, 0x04, 0x08, 0x11, 0x08, 0x11, 0x10, 0x0F, 0x0E, 0x0D,
  0x0C, 0x0B, 0x0A, 0x09, 0x04, 0x07, 0x04, 0x07, 0x12, 0x11, 0x10, 0x0B, 0x09, 0x17, 0x2B, 0x01,
  0x23, 0x35, 0x33, 0x15, 0x35, 0x33, 0x15, 0x01, 0x15, 0x21, 0x35, 0x33, 0x35, 0x23, 0x35, 0x21,
  0x11, 0x01, 0x77, 0x7D, 0x7D, 0x7D, 0x01, 0x77, 0xFD, 0x12, 0xFA, 0x7D, 0x01, 0x77, 0x03, 0x6B,
  0x7D, 0xFA, 0x7D, 0x7D, 0xFE, 0x0C, 0x7D, 0x7D, 0xFA, 0x7D, 0xFE, 0x89, 0x00, 0x04, 0x00, 0x00,
  0x00, 0x00, 0x03, 0x6B, 0x03, 0xE8, 0x00, 0x03, 0x00, 0x07, 0x00, 0x0D, 0x00, 0x17, 0x00, 0x61,
  0x40, 0x5E, 0x0E, 0x01, 0x06, 0x04, 0x0A, 0x04, 0x06, 0x0A, 0x7E, 0x0D, 0x03, 0x0C, 0x03, 0x01,
  0x01, 0x00, 0x5D, 0x02, 0x01, 0x00, 0x00, 0x49, 0x4B, 0x08, 0x01, 0x04, 0x04, 0x05, 0x5D, 0x09,
  0x01, 0x05, 0x05, 0x4C, 0x4B, 0x00, 0x0A, 0x0A, 0x4A, 0x4B, 0x00, 0x07, 0x07, 0x0B, 0x5D, 0x0F,
  0x01, 0x0B, 0x0B, 0x4E, 0x0B, 0x4C, 0x0E, 0x0E, 0x08, 0x08, 0x04, 0x04, 0x00, 0x00, 0x0E, 0x17,
  0x0E, 0x17, 0x16, 0x15, 0x14, 0x13, 0x12, 0x11, 0x10, 0x0F, 0x08, 0x0D, 0x08, 0x0D, 0x0C, 0x0B,
  0x0A, 0x09, 0x04, 0x07, 0x04, 0x07, 0x06, 0x05, 0x00, 0x03, 0x00, 0x03, 0x11, 0x10, 0x09, 0x15,
  0x2B, 0x13, 0x35, 0x33, 0x15, 0x33, 0x35, 0x33, 0x15, 0x01, 0x11, 0x23, 0x35, 0x21, 0x11, 0x07,
  0x35, 0x21, 0x11, 0x23, 0x35, 0x21, 0x11, 0x23, 0x15, 0x7D, 0xFA, 0xFA, 0xFA, 0xFD, 0x12, 0x7D,
  0x01, 0x77, 0x7D, 0x01, 0x77, 0x7D, 0x01, 0x77, 0x7D, 0x03, 0x6B, 0x7D, 0x7D, 0x7D, 0x7D, 0xFD,
  0x8F, 0x01, 0x77, 0x7D, 0xFE, 0x0C, 0xFA, 0x7D, 0x01, 0xF4, 0x7D, 0xFD, 0x8F, 0x7D, 0x00, 0x00,
  0x00, 0x02, 0x00, 0x7D, 0x00, 0x7D, 0x03, 0x6B, 0x03, 0xE8, 0x00, 0x03, 0x00, 0x0D, 0x00, 0x3D,
  0x40, 0x3A, 0x07, 0x01, 0x01, 0x01, 0x00, 0x5D, 0x00, 0x00, 0x00, 0x49, 0x4B, 0x00, 0x03, 0x03,
  0x04, 0x5D, 0x00, 0x04, 0x04, 0x4C, 0x4B, 0x05, 0x01, 0x02, 0x02, 0x06, 0x5D, 0x08, 0x01, 0x06,
  0x06, 0x4A, 0x06, 0x4C, 0x04, 0x04, 0x00, 0x00, 0x04, 0x0D, 0x04, 0x0D, 0x0C, 0x0B, 0x0A, 0x09,
  0x08, 0x07, 0x06, 0x05, 0x00, 0x03, 0x00, 0x03, 0x11, 0x09, 0x09, 0x15, 0x2B, 0x13, 0x35, 0x21,
  0x15, 0x01, 0x35, 0x33, 0x11, 0x23, 0x35, 0x21, 0x11, 0x33, 0x15, 0x7D, 0x02, 0x71, 0xFD, 0x8F,
  0xFA, 0x7D, 0x01, 0x77, 0xFA, 0x03, 0x6B, 0x7D, 0x7D, 0xFD, 0x12, 0x7D, 0x01, 0x77, 0x7D, 0xFE,
  0x0C, 0x7D, 0x00, 0x00, 0x00, 0x04, 0x00, 0x7D, 0x00, 0x00, 0x03, 0x6B, 0x03, 0xE8, 0x00, 0x03,
  0x00, 0x11, 0x00, 0x15, 0x00, 0x19, 0x00, 0x5D, 0x40, 0x5A, 0x00, 0x03, 0x02, 0x09, 0x02, 0x03,
  0x09, 0x7E, 0x0D, 0x08, 0x02, 0x05, 0x04, 0x01, 0x02, 0x03, 0x05, 0x02, 0x65, 0x00, 0x00, 0x00,
  0x01, 0x5D, 0x00, 0x01, 0x01, 0x49, 0x4B, 0x00, 0x06, 0x06, 0x07, 0x5D, 0x00, 0x07, 0x07, 0x4C,
  0x4B, 0x00, 0x09, 0x09, 0x0A, 0x5D, 0x00, 0x0A, 0x0A, 0x4A, 0x4B, 0x00, 0x0B, 0x0B, 0x0C, 0x5D,
  0x0E, 0x01, 0x0C, 0x0C, 0x4E, 0x0C, 0x4C, 0x16, 0x16, 0x04, 0x04, 0x16, 0x19, 0x16, 0x19, 0x18,
  0x17, 0x15, 0x14, 0x13, 0x12, 0x04, 0x11, 0x04, 0x11, 0x11, 0x11, 0x11, 0x11, 0x11, 0x12, 0x11,
  0x10, 0x0F, 0x09, 0x1C, 0x2B, 0x01, 0x23, 0x35, 0x33, 0x13, 0x15, 0x21, 0x15, 0x23, 0x35, 0x23,
  0x35, 0x33, 0x35, 0x23, 0x35, 0x21, 0x15, 0x05, 0x33, 0x15, 0x23, 0x17, 0x35, 0x33, 0x15, 0x02,
  0x71, 0xFA, 0xFA, 0xFA, 0xFE, 0x89, 0x7D, 0xFA, 0xFA, 0x7D, 0x01, 0x77, 0xFE, 0x89, 0x7D, 0x7D,
  0x7D, 0xFA, 0x03, 0x6B, 0x7D, 0xFE, 0x0C, 0x7D, 0x7D, 0x7D, 0x7D, 0x7D, 0x7D, 0xFA, 0xFA, 0x7D,
  0x7D, 0x7D, 0x7D, 0x00, 0x00, 0x05, 0x00, 0x7D, 0x00, 0x7D, 0x03, 0x6B, 0x03, 0xE8, 0x00, 0x03,
  0x00, 0x07, 0x00, 0x0B, 0x00, 0x0F, 0x00, 0x19, 0x00, 0x53, 0x40, 0x50, 0x06, 0x01, 0x04, 0x07,
  0x01, 0x05, 0x0C, 0x04, 0x05, 0x65, 0x00, 0x0C, 0x00, 0x0B, 0x08, 0x0C, 0x0B, 0x65, 0x02, 0x01,
  0x00, 0x00, 0x01, 0x5D, 0x0E, 0x03, 0x0D, 0x03, 0x01, 0x01, 0x49, 0x4B, 0x0A, 0x01, 0x08, 0x08,
  0x09, 0x5D, 0x00, 0x09, 0x09, 0x4A, 0x09, 0x4C, 0x04, 0x04, 0x00, 0x00, 0x19, 0x18, 0x17, 0x16,
  0x15, 0x14, 0x13, 0x12, 0x11, 0x10, 0x0F, 0x0E, 0x0D, 0x0C, 0x0B, 0x0A, 0x09, 0x08, 0x04, 0x07,
  0x04, 0x07, 0x06, 0x05, 0x00, 0x03, 0x00, 0x03, 0x11, 0x0F, 0x09, 0x15, 0x2B, 0x01, 0x15, 0x23,
  0x35, 0x21, 0x15, 0x23, 0x35, 0x05, 0x33, 0x15, 0x23, 0x25, 0x33, 0x15, 0x23, 0x13, 0x33, 0x15,
  0x21, 0x35, 0x33, 0x35, 0x23, 0x35, 0x21, 0x01, 0xF4, 0xFA, 0x02, 0x71, 0x7D, 0xFD, 0x8F, 0x7D,
  0x7D, 0x01, 0x77, 0xFA, 0xFA, 0x7D, 0xFA, 0xFD, 0x12, 0xFA, 0x7D, 0x01, 0x77, 0x03, 0xE8, 0x7D,
  0x7D, 0x7D, 0x7D, 0x7D, 0x7D, 0x7D, 0x7D, 0xFE, 0x0C, 0x7D, 0x7D, 0xFA, 0x7D, 0x00, 0x00, 0x00,
  0x00, 0x02, 0x00, 0x7D, 0x00, 0x00, 0x02, 0xEE, 0x03, 0xE8, 0x00, 0x03, 0x00, 0x0D, 0x00, 0x41,
  0x40, 0x3E, 0x07, 0x01, 0x01, 0x01, 0x00, 0x5D, 0x00, 0x00, 0x00, 0x49, 0x4B, 0x00, 0x03, 0x03,
  0x04, 0x5D, 0x00, 0x04, 0x04, 0x4C, 0x4B, 0x00, 0x05, 0x05, 0x4A, 0x4B, 0x00, 0x02, 0x02, 0x06,
  0x5D, 0x08, 0x01, 0x06, 0x06, 0x4E, 0x06, 0x4C, 0x04, 0x04, 0x00, 0x00, 0x04, 0x0D, 0x04, 0x0D,
  0x0C, 0x0B, 0x0A, 0x09, 0x08, 0x07, 0x06, 0x05, 0x00, 0x03, 0x00, 0x03, 0x11, 0x09, 0x09, 0x15,
  0x2B, 0x01, 0x35, 0x33, 0x15, 0x01, 0x35, 0x21, 0x11, 0x23, 0x35, 0x21, 0x11, 0x23, 0x15, 0x01,
  0xF4, 0xFA, 0xFD, 0x8F, 0x01, 0x77, 0x7D, 0x01, 0x77, 0x7D, 0x03, 0x6B, 0x7D, 0x7D, 0xFC, 0x95,
  0x7D, 0x01, 0xF4, 0x7D, 0xFD, 0x8F, 0x7D, 0x00, 0x00, 0x02, 0x00, 0x7D, 0x00, 0x00, 0x03, 0x6B,
  0x03, 0xE8, 0x00, 0x0B, 0x00, 0x15, 0x00, 0x4D, 0x40, 0x4A, 0x02, 0x01, 0x00, 0x0B, 0x05, 0x02,
  0x03, 0x08, 0x00, 0x03, 0x65, 0x00, 0x08, 0x00, 0x07, 0x09, 0x08, 0x07, 0x65, 0x00, 0x04, 0x04,
  0x01, 0x5D, 0x00, 0x01, 0x01, 0x49, 0x4B, 0x00, 0x09, 0x09, 0x4A, 0x4B, 0x00, 0x06, 0x06, 0x0A,
  0x5D, 0x0C, 0x01, 0x0A, 0x0A, 0x4E, 0x0A, 0x4C, 0x0C, 0x0C, 0x00, 0x00, 0x0C, 0x15, 0x0C, 0x15,
  0x14, 0x13, 0x12, 0x11, 0x10, 0x0F, 0x0E, 0x0D, 0x00, 0x0B, 0x00, 0x0B, 0x11, 0x11, 0x11, 0x11,
  0x11, 0x0D, 0x09, 0x19, 0x2B, 0x13, 0x35, 0x33, 0x35, 0x21, 0x15, 0x33, 0x15, 0x23, 0x35, 0x23,
  0x15, 0x01, 0x35, 0x21, 0x11, 0x23, 0x35, 0x21, 0x11, 0x23, 0x15, 0xFA, 0x7D, 0x01, 0x77, 0x7D,
  0xFA, 0x7D, 0xFE, 0x89, 0x01, 0x77, 0x7D, 0x01, 0x77, 0x7D, 0x02, 0xEE, 0x7D, 0x7D, 0x7D, 0x7D,
  0x7D, 0x7D, 0xFD, 0x12, 0x7D, 0x01, 0x77, 0x7D, 0xFE, 0x0C, 0x7D, 0x00, 0x00, 0x01, 0x00, 0x00,
  0x00, 0x7D, 0x03, 0x6B, 0x03, 0xE8, 0x00, 0x17, 0x00, 0x9A, 0x4B, 0xB0, 0x0A, 0x50, 0x58, 0x40,
  0x3A, 0x00, 0x05, 0x02, 0x01, 0x04, 0x05, 0x70, 0x00, 0x06, 0x0A, 0x09, 0x07, 0x06, 0x70, 0x00,
  0x01, 0x00, 0x0A, 0x06, 0x01, 0x0A, 0x65, 0x00, 0x02, 0x00, 0x09, 0x07, 0x02, 0x09, 0x65, 0x00,
  0x00, 0x00, 0x49, 0x4B, 0x00, 0x04, 0x04, 0x03, 0x5D, 0x00, 0x03, 0x03, 0x4C, 0x4B, 0x00, 0x07,
  0x07, 0x08, 0x5E, 0x0C, 0x0B, 0x02, 0x08, 0x08, 0x4A, 0x08, 0x4C, 0x1B, 0x40, 0x3C, 0x00, 0x05,
  0x02, 0x01, 0x02, 0x05, 0x01, 0x7E, 0x00, 0x06, 0x0A, 0x09, 0x0A, 0x06, 0x09, 0x7E, 0x00, 0x01,
  0x00, 0x0A, 0x06, 0x01, 0x0A, 0x65, 0x00, 0x02, 0x00, 0x09, 0x07, 0x02, 0x09, 0x65, 0x00, 0x00,
  0x00, 0x49, 0x4B, 0x00, 0x04, 0x04, 0x03, 0x5D, 0x00, 0x03, 0x03, 0x4C, 0x4B, 0x00, 0x07, 0x07,
  0x08, 0x5E, 0x0C, 0x0B, 0x02, 0x08, 0x08, 0x4A, 0x08, 0x4C, 0x59, 0x40, 0x16, 0x00, 0x00, 0x00,
  0x17, 0x00, 0x17, 0x16, 0x15, 0x14, 0x13, 0x11, 0x11, 0x11, 0x11, 0x11, 0x11, 0x11, 0x11, 0x11,
  0x0D, 0x09, 0x1D, 0x2B, 0x35, 0x11, 0x33, 0x11, 0x33, 0x35, 0x33, 0x35, 0x33, 0x15, 0x23, 0x15,
  0x23, 0x15, 0x33, 0x15, 0x33, 0x15, 0x23, 0x35, 0x23, 0x35, 0x23, 0x15, 0xFA, 0xFA, 0x7D, 0xFA,
  0x7D, 0x7D, 0x7D, 0x7D, 0xFA, 0x7D, 0xFA, 0x7D, 0x03, 0x6B, 0xFE, 0x0C, 0x7D, 0x7D, 0x7D, 0x7D,
  0x7D, 0x7D, 0x7D, 0x7D, 0x7D, 0xFA, 0x00, 0x00, 0x00, 0x02, 0x00, 0x00, 0x00, 0x00, 0x03, 0x6B,
  0x03, 0xE8, 0x00, 0x17, 0x00, 0x1F, 0x00, 0xD2, 0x4B, 0xB0, 0x0A, 0x50, 0x58, 0x40, 0x50, 0x00,
  0x05, 0x02, 0x01, 0x04, 0x05, 0x70, 0x00, 0x06, 0x0A, 0x09, 0x07, 0x06, 0x70, 0x00, 0x03, 0x00,
  0x04, 0x02, 0x03, 0x04, 0x65, 0x00, 0x01, 0x00, 0x0A, 0x06, 0x01, 0x0A, 0x65, 0x00, 0x07, 0x08,
  0x08, 0x07, 0x55, 0x10, 0x0B, 0x02, 0x08, 0x08, 0x00, 0x5D, 0x00, 0x00, 0x00, 0x49, 0x4B, 0x00,
  0x09, 0x09, 0x02, 0x5D, 0x00, 0x02, 0x02, 0x4C, 0x4B, 0x00, 0x0D, 0x0D, 0x0E, 0x5D, 0x00, 0x0E,
  0x0E, 0x4A, 0x4B, 0x00, 0x0C, 0x0C, 0x0F, 0x5D, 0x11, 0x01, 0x0F, 0x0F, 0x4E, 0x0F, 0x4C, 0x1B,
  0x40, 0x52, 0x00, 0x05, 0x02, 0x01, 0x02, 0x05, 0x01, 0x7E, 0x00, 0x06, 0x0A, 0x09, 0x0A, 0x06,
  0x09, 0x7E, 0x00, 0x03, 0x00, 0x04, 0x02, 0x03, 0x04, 0x65, 0x00, 0x01, 0x00, 0x0A, 0x06, 0x01,
  0x0A, 0x65, 0x00, 0x07, 0x08, 0x08, 0x07, 0x55, 0x10, 0x0B, 0x02, 0x08, 0x08, 0x00, 0x5D, 0x00,
  0x00, 0x00, 0x49, 0x4B, 0x00, 0x09, 0x09, 0x02, 0x5D, 0x00, 0x02, 0x02, 0x4C, 0x4B, 0x00, 0x0D,
  0x0D, 0x0E, 0x5D, 0x00, 0x0E, 0x0E, 0x4A, 0x4B, 0x00, 0x0C, 0x0C, 0x0F, 0x5D, 0x11, 0x01, 0x0F,
  0x0F, 0x4E, 0x0F, 0x4C, 0x59, 0x40, 0x22, 0x18, 0x18, 0x00, 0x00, 0x18, 0x1F, 0x18, 0x1F, 0x1E,
  0x1D, 0x1C, 0x1B, 0x1A, 0x19, 0x00, 0x17, 0x00, 0x17, 0x16, 0x15, 0x14, 0x13, 0x11, 0x11, 0x11,
  0x11, 0x11, 0x11, 0x11, 0x11, 0x11, 0x12, 0x09, 0x1D, 0x2B, 0x35, 0x11, 0x33, 0x11, 0x33, 0x35,
  0x33, 0x35, 0x33, 0x15, 0x23, 0x15, 0x23, 0x15, 0x33, 0x15, 0x33, 0x15, 0x23, 0x35, 0x23, 0x35,
  0x23, 0x15, 0x07, 0x35, 0x33, 0x35, 0x33, 0x15, 0x23, 0x15, 0xFA, 0xFA, 0x7D, 0xFA, 0x7D, 0x7D,
  0x7D, 0x7D, 0xFA, 0x7D, 0xFA, 0x7D, 0x7D, 0xFA, 0x7D, 0xFA, 0x02, 0xEE, 0xFE, 0x89, 0x7D, 0x7D,
  0x7D, 0x7D, 0x7D, 0x7D, 0x7D, 0x7D, 0x7D, 0xFA, 0xFA, 0x7D, 0x7D, 0x7D, 0x7D, 0x00, 0x00, 0x00,
  0x00, 0x01, 0x00, 0x00, 0x00, 0x7D, 0x03, 0x6B, 0x02, 0xEE, 0x00, 0x17, 0x00, 0x92, 0x4B, 0xB0,
  0x0A, 0x50, 0x58, 0x40, 0x36, 0x00, 0x05, 0x02, 0x01, 0x04, 0x05, 0x70, 0x00, 0x06, 0x0A, 0x09,
  0x07, 0x06, 0x70, 0x00, 0x01, 0x00, 0x0A, 0x06, 0x01, 0x0A, 0x65, 0x00, 0x02, 0x00, 0x09, 0x07,
  0x02, 0x09, 0x65, 0x00, 0x04, 0x04, 0x00, 0x5D, 0x03, 0x01, 0x00, 0x00, 0x4C, 0x4B, 0x00, 0x07,
  0x07, 0x08, 0x5E, 0x0C, 0x0B, 0x02, 0x08, 0x08, 0x4A, 0x08, 0x4C, 0x1B, 0x40, 0x38, 0x00, 0x05,
  0x02, 0x01, 0x02, 0x05, 0x01, 0x7E, 0x00, 0x06, 0x0A, 0x09, 0x0A, 0x06, 0x09, 0x7E, 0x00, 0x01,
  0x00, 0x0A, 0x06, 0x01, 0x0A, 0x65, 0x00, 0x02, 0x00, 0x09, 0x07, 0x02, 0x09, 0x65, 0x00, 0x04,
  0x04, 0x00, 0x5D, 0x03, 0x01, 0x00, 0x00, 0x4C, 0x4B, 0x00, 0x07, 0x07, 0x08, 0x5E, 0x0C, 0x0B,
  0x02, 0x08, 0x08, 0x4A, 0x08, 0x4C, 0x59, 0x40, 0x16, 0x00, 0x00, 0x00, 0x17, 0x00, 0x17, 0x16,
  0x15, 0x14, 0x13, 0x11, 0x11, 0x11, 0x11, 0x11, 0x11, 0x11, 0x11, 0x11, 0x0D, 0x09, 0x1D, 0x2B,
  0x35, 0x11, 0x33, 0x15, 0x33, 0x35, 0x33, 0x35, 0x33, 0x15, 0x23, 0x15, 0x23, 0x15, 0x33, 0x15,
  0x33, 0x15, 0x23, 0x35, 0x23, 0x35, 0x23, 0x15, 0xFA, 0xFA, 0x7D, 0xFA, 0x7D, 0x7D, 0x7D, 0x7D,
  0xFA, 0x7D, 0xFA, 0x7D, 0x02, 0x71, 0xFA, 0x7D, 0x7D, 0x7D, 0x7D, 0x7D, 0x7D, 0x7D, 0x7D, 0x7D,
  0xFA, 0x00, 0x00, 0x00, 0x00, 0x01, 0x00, 0x7D, 0x00, 0x7D, 0x03, 0x6B, 0x03, 0xE8, 0x00, 0x09,
  0x00, 0x27, 0x40, 0x24, 0x00, 0x01, 0x01, 0x02, 0x5D, 0x00, 0x02, 0x02, 0x49, 0x4B, 0x03, 0x01,
  0x00, 0x00, 0x04, 0x5D, 0x05, 0x01, 0x04, 0x04, 0x4A, 0x04, 0x4C, 0x00, 0x00, 0x00, 0x09, 0x00,
  0x09, 0x11, 0x11, 0x11, 0x11, 0x06, 0x09, 0x18, 0x2B, 0x37, 0x35, 0x33, 0x11, 0x23, 0x35, 0x21,
  0x11, 0x33, 0x15, 0x7D, 0xFA, 0x7D, 0x01, 0x77, 0xFA, 0x7D, 0x7D, 0x02, 0x71, 0x7D, 0xFD, 0x12,
  0x7D, 0x00, 0x00, 0x00, 0x00, 0x02, 0x00, 0x00, 0x00, 0x7D, 0x02, 0xEE, 0x03, 0xE8, 0x00, 0x03,
  0x00, 0x11, 0x00, 0x3E, 0x40, 0x3B, 0x00, 0x06, 0x00, 0x05, 0x00, 0x06, 0x05, 0x7E, 0x00, 0x00,
  0x00, 0x01, 0x5D, 0x00, 0x01, 0x01, 0x49, 0x4B, 0x00, 0x04, 0x04, 0x05, 0x5D, 0x07, 0x01, 0x05,
  0x05, 0x4C, 0x4B, 0x09, 0x08, 0x02, 0x03, 0x03, 0x02, 0x5E, 0x00, 0x02, 0x02, 0x4A, 0x02, 0x4C,
  0x04, 0x04, 0x04, 0x11, 0x04, 0x11, 0x11, 0x11, 0x11, 0x11, 0x11, 0x12, 0x11, 0x10, 0x0A, 0x09,
  0x1C, 0x2B, 0x01, 0x23, 0x35, 0x33, 0x13, 0x15, 0x21, 0x35, 0x33, 0x11, 0x23, 0x35, 0x33, 0x35,
  0x33, 0x15, 0x33, 0x11, 0x01, 0xF4, 0x7D, 0x7D, 0xFA, 0xFD, 0x12, 0xFA, 0x7D, 0x7D, 0x7D, 0x7D,
  0x03, 0x6B, 0x7D, 0xFD, 0x12, 0x7D, 0x7D, 0x01, 0x77, 0x7D, 0x7D, 0x7D, 0xFE, 0x0C, 0x00, 0x00,
  0x00, 0x02, 0x00, 0x00, 0x00, 0x7D, 0x03, 0x6B, 0x03, 0xE8, 0x00, 0x09, 0x00, 0x0F, 0x00, 0x7C,
  0x4B, 0xB0, 0x0A, 0x50, 0x58, 0x40, 0x2B, 0x09, 0x01, 0x07, 0x06, 0x00, 0x06, 0x07, 0x70, 0x00,
  0x01, 0x01, 0x02, 0x5D, 0x05, 0x01, 0x02, 0x02, 0x49, 0x4B, 0x00, 0x06, 0x06, 0x02, 0x5D, 0x05,
  0x01, 0x02, 0x02, 0x49, 0x4B, 0x03, 0x01, 0x00, 0x00, 0x04, 0x5D, 0x08, 0x01, 0x04, 0x04, 0x4A,
  0x04, 0x4C, 0x1B, 0x40, 0x2C, 0x09, 0x01, 0x07, 0x06, 0x00, 0x06, 0x07, 0x00, 0x7E, 0x00, 0x01,
  0x01, 0x02, 0x5D, 0x05, 0x01, 0x02, 0x02, 0x49, 0x4B, 0x00, 0x06, 0x06, 0x02, 0x5D, 0x05, 0x01,
  0x02, 0x02, 0x49, 0x4B, 0x03, 0x01, 0x00, 0x00, 0x04, 0x5D, 0x08, 0x01, 0x04, 0x04, 0x4A, 0x04,
  0x4C, 0x59, 0x40, 0x17, 0x0A, 0x0A, 0x00, 0x00, 0x0A, 0x0F, 0x0A, 0x0F, 0x0E, 0x0D, 0x0C, 0x0B,
  0x00, 0x09, 0x00, 0x09, 0x11, 0x11, 0x11, 0x11, 0x0A, 0x09, 0x18, 0x2B, 0x35, 0x35, 0x33, 0x11,
  0x23, 0x35, 0x21, 0x11, 0x33, 0x15, 0x03, 0x11, 0x33, 0x15, 0x23, 0x15, 0xFA, 0x7D, 0x01, 0x77,
  0xFA, 0x7D, 0xFA, 0x7D, 0x7D, 0x7D, 0x02, 0x71, 0x7D, 0xFD, 0x12, 0x7D, 0x01, 0xF4, 0x01, 0x77,
  0xFA, 0x7D, 0x00, 0x00, 0x00, 0x01, 0x00, 0x7D, 0x00, 0x00, 0x03, 0x6B, 0x03, 0xE8, 0x00, 0x11,
  0x00, 0x39, 0x40, 0x36, 0x05, 0x01, 0x02, 0x06, 0x01, 0x01, 0x07, 0x02, 0x01, 0x65, 0x00, 0x03,
  0x03, 0x04, 0x5D, 0x00, 0x04, 0x04, 0x49, 0x4B, 0x00, 0x07, 0x07, 0x4A, 0x4B, 0x00, 0x00, 0x00,
  0x08, 0x5D, 0x09, 0x01, 0x08, 0x08, 0x4E, 0x08, 0x4C, 0x00, 0x00, 0x00, 0x11, 0x00, 0x11, 0x11,
  0x11, 0x11, 0x11, 0x11, 0x11, 0x11, 0x11, 0x0A, 0x09, 0x1C, 0x2B, 0x33, 0x35, 0x33, 0x35, 0x23,
  0x35, 0x33, 0x11, 0x23, 0x35, 0x21, 0x11, 0x33, 0x15, 0x23, 0x15, 0x23, 0x15, 0xFA, 0x7D, 0xFA,
  0xFA, 0x7D, 0x01, 0x77, 0xFA, 0xFA, 0x7D, 0x7D, 0x7D, 0x7D, 0x01, 0xF4, 0x7D, 0xFD, 0x8F, 0x7D,
  0x7D, 0x7D, 0x00, 0x00, 0x00, 0x02, 0x00, 0x00, 0x00, 0x7D, 0x03, 0x6B, 0x03, 0xE8, 0x00, 0x09,
  0x00, 0x0D, 0x00, 0x3A, 0x40, 0x37, 0x00, 0x01, 0x01, 0x02, 0x5D, 0x00, 0x02, 0x02, 0x49, 0x4B,
  0x08, 0x01, 0x06, 0x06, 0x05, 0x5D, 0x00, 0x05, 0x05, 0x4C, 0x4B, 0x03, 0x01, 0x00, 0x00, 0x04,
  0x5D, 0x07, 0x01, 0x04, 0x04, 0x4A, 0x04, 0x4C, 0x0A, 0x0A, 0x00, 0x00, 0x0A, 0x0D, 0x0A, 0x0D,
  0x0C, 0x0B, 0x00, 0x09, 0x00, 0x09, 0x11, 0x11, 0x11, 0x11, 0x09, 0x09, 0x18, 0x2B, 0x35, 0x35,
  0x33, 0x11, 0x23, 0x35, 0x21, 0x11, 0x33, 0x15, 0x03, 0x35, 0x33, 0x15, 0xFA, 0x7D, 0x01, 0x77,
  0xFA, 0x7D, 0xFA, 0x7D, 0x7D, 0x02, 0x71, 0x7D, 0xFD, 0x12, 0x7D, 0x01, 0x77, 0xFA, 0xFA, 0x00,
  0x00, 0x01, 0x00, 0x7D, 0x00, 0x7D, 0x03, 0x6B, 0x03, 0xE8, 0x00, 0x11, 0x00, 0x3D, 0x40, 0x3A,
  0x00, 0x02, 0x00, 0x01, 0x00, 0x02, 0x01, 0x65, 0x00, 0x03, 0x03, 0x04, 0x5D, 0x00, 0x04, 0x04,
  0x49, 0x4B, 0x00, 0x06, 0x06, 0x05, 0x5D, 0x00, 0x05, 0x05, 0x4C, 0x4B, 0x07, 0x01, 0x00, 0x00,
  0x08, 0x5D, 0x09, 0x01, 0x08, 0x08, 0x4A, 0x08, 0x4C, 0x00, 0x00, 0x00, 0x11, 0x00, 0x11, 0x11,
  0x11, 0x11, 0x11, 0x11, 0x11, 0x11, 0x11, 0x0A, 0x09, 0x1C, 0x2B, 0x37, 0x35, 0x33, 0x35, 0x23,
  0x35, 0x33, 0x35, 0x23, 0x35, 0x21, 0x15, 0x33, 0x15, 0x23, 0x11, 0x33, 0x15, 0x7D, 0xFA, 0x7D,
  0x7D, 0x7D, 0x01, 0x77, 0x7D, 0x7D, 0xFA, 0x7D, 0x7D, 0xFA, 0x7D, 0xFA, 0x7D, 0xFA, 0x7D, 0xFE,
  0x89, 0x7D, 0x00, 0x00, 0x00, 0x01, 0x00, 0x00, 0x00, 0x7D, 0x03, 0x6B, 0x02, 0xEE, 0x00, 0x0D,
  0x00, 0x2B, 0x40, 0x28, 0x05, 0x01, 0x03, 0x03, 0x00, 0x5D, 0x00, 0x00, 0x00, 0x4C, 0x4B, 0x00,
  0x01, 0x01, 0x02, 0x5D, 0x07, 0x06, 0x04, 0x03, 0x02, 0x02, 0x4A, 0x02, 0x4C, 0x00, 0x00, 0x00,
  0x0D, 0x00, 0x0D, 0x11, 0x11, 0x11, 0x11, 0x11, 0x11, 0x08, 0x09, 0x1A, 0x2B, 0x35, 0x11, 0x21,
  0x15, 0x33, 0x11, 0x23, 0x11, 0x23, 0x11, 0x23, 0x11, 0x23, 0x11, 0x02, 0xEE, 0x7D, 0xFA, 0x7D,
  0xFA, 0x7D, 0x7D, 0x02, 0x71, 0x7D, 0xFE, 0x0C, 0x01, 0xF4, 0xFE, 0x0C, 0x01, 0xF4, 0xFE, 0x0C,
  0x00, 0x01, 0x00, 0x00, 0x00, 0x7D, 0x03, 0x6B, 0x02, 0xEE, 0x00, 0x09, 0x00, 0x27, 0x40, 0x24,
  0x00, 0x03, 0x03, 0x00, 0x5D, 0x00, 0x00, 0x00, 0x4C, 0x4B, 0x00, 0x01, 0x01, 0x02, 0x5D, 0x05,
  0x04, 0x02, 0x02, 0x02, 0x4A, 0x02, 0x4C, 0x00, 0x00, 0x00, 0x09, 0x00, 0x09, 0x11, 0x11, 0x11,
  0x11, 0x06, 0x09, 0x18, 0x2B, 0x35, 0x11, 0x21, 0x15, 0x33, 0x11, 0x23, 0x11, 0x21, 0x11, 0x02,
  0xEE, 0x7D, 0xFA, 0xFE, 0x89, 0x7D, 0x02, 0x71, 0x7D, 0xFE, 0x0C, 0x01, 0xF4, 0xFE, 0x0C, 0x00,
  0x00, 0x02, 0x00, 0x00, 0x00, 0x7D, 0x03, 0x6B, 0x03, 0xE8, 0x00, 0x03, 0x00, 0x11, 0x00, 0x72,
  0x4B, 0xB0, 0x0A, 0x50, 0x58, 0x40, 0x29, 0x00, 0x06, 0x00, 0x05, 0x05, 0x06, 0x70, 0x00, 0x00,
  0x00, 0x01, 0x5D, 0x00, 0x01, 0x01, 0x49, 0x4B, 0x00, 0x03, 0x03, 0x05, 0x5D, 0x07, 0x01, 0x05,
  0x05, 0x4C, 0x4B, 0x09, 0x01, 0x08, 0x08, 0x02, 0x5D, 0x04, 0x01, 0x02, 0x02, 0x4A, 0x02, 0x4C,
  0x1B, 0x40, 0x2A, 0x00, 0x06, 0x00, 0x05, 0x00, 0x06, 0x05, 0x7E, 0x00, 0x00, 0x00, 0x01, 0x5D,
  0x00, 0x01, 0x01, 0x49, 0x4B, 0x00, 0x03, 0x03, 0x05, 0x5D, 0x07, 0x01, 0x05, 0x05, 0x4C, 0x4B,
  0x09, 0x01, 0x08, 0x08, 0x02, 0x5D, 0x04, 0x01, 0x02, 0x02, 0x4A, 0x02, 0x4C, 0x59, 0x40, 0x11,
  0x04, 0x04, 0x04, 0x11, 0x04, 0x11, 0x11, 0x11, 0x11, 0x11, 0x11, 0x12, 0x11, 0x10, 0x0A, 0x09,
  0x1C, 0x2B, 0x01, 0x23, 0x35, 0x33, 0x13, 0x11, 0x23, 0x11, 0x21, 0x11, 0x23, 0x11, 0x21, 0x35,
  0x33, 0x15, 0x33, 0x15, 0x02, 0x71, 0x7D, 0x7D, 0xFA, 0xFA, 0xFE, 0x89, 0xFA, 0x01, 0x77, 0x7D,
  0xFA, 0x03, 0x6B, 0x7D, 0xFE, 0x89, 0xFE, 0x0C, 0x01, 0xF4, 0xFE, 0x0C, 0x02, 0x71, 0x7D, 0x7D,
  0x7D, 0x00, 0x00, 0x00, 0x00, 0x01, 0x00, 0x00, 0x00, 0x7D, 0x03, 0x6B, 0x03, 0xE8, 0x00, 0x15,
  0x00, 0x3E, 0x40, 0x3B, 0x00, 0x03, 0x00, 0x09, 0x07, 0x03, 0x09, 0x65, 0x05, 0x01, 0x01, 0x01,
  0x02, 0x5D, 0x04, 0x01, 0x02, 0x02, 0x49, 0x4B, 0x06, 0x01, 0x00, 0x00, 0x4C, 0x4B, 0x00, 0x07,
  0x07, 0x08, 0x5E, 0x0B, 0x0A, 0x02, 0x08, 0x08, 0x4A, 0x08, 0x4C, 0x00, 0x00, 0x00, 0x15, 0x00,
  0x15, 0x14, 0x13, 0x11, 0x11, 0x11, 0x11, 0x11, 0x11, 0x11, 0x11, 0x11, 0x0C, 0x09, 0x1D, 0x2B,
  0x35, 0x11, 0x33, 0x35, 0x23, 0x35, 0x33, 0x15, 0x33, 0x35, 0x33, 0x15, 0x23, 0x15, 0x33, 0x15,
  0x33, 0x11, 0x23, 0x11, 0x21, 0x11, 0xFA, 0x7D, 0xFA, 0x7D, 0xFA, 0x7D, 0x7D, 0x7D, 0xFA, 0xFE,
  0x89, 0x7D, 0x02, 0x71, 0x7D, 0x7D, 0x7D, 0x7D, 0x7D, 0x7D, 0x7D, 0xFE, 0x0C, 0x01, 0xF4, 0xFE,
  0x0C, 0x00, 0x00, 0x00, 0x00, 0x02, 0x00, 0x00, 0x00, 0x00, 0x03, 0x6B, 0x03, 0x6B, 0x00, 0x09,
  0x00, 0x11, 0x00, 0x41, 0x40, 0x3E, 0x00, 0x03, 0x00, 0x01, 0x04, 0x03, 0x01, 0x65, 0x02, 0x01,
  0x00, 0x00, 0x04, 0x5D, 0x09, 0x01, 0x04, 0x04, 0x4C, 0x4B, 0x00, 0x05, 0x05, 0x06, 0x5D, 0x00,
  0x06, 0x06, 0x4A, 0x4B, 0x00, 0x08, 0x08, 0x07, 0x5D, 0x00, 0x07, 0x07, 0x4E, 0x07, 0x4C, 0x00,
  0x00, 0x11, 0x10, 0x0F, 0x0E, 0x0D, 0x0C, 0x0B, 0x0A, 0x00, 0x09, 0x00, 0x09, 0x11, 0x11, 0x11,
  0x11, 0x0A, 0x09, 0x18, 0x2B, 0x01, 0x11, 0x23, 0x11, 0x21, 0x11, 0x23, 0x11, 0x21, 0x15, 0x01,
  0x33, 0x15, 0x23, 0x15, 0x23, 0x35, 0x33, 0x03, 0x6B, 0xFA, 0xFE, 0x89, 0xFA, 0x02, 0xEE, 0xFE,
  0x89, 0xFA, 0x7D, 0xFA, 0x7D, 0x02, 0xEE, 0xFE, 0x0C, 0x01, 0xF4, 0xFE, 0x0C, 0x02, 0x71, 0x7D,
  0xFE, 0x0C, 0x7D, 0x7D, 0x7D, 0x00, 0x00, 0x00, 0x00, 0x01, 0x00, 0x00, 0x00, 0x00, 0x03, 0x6B,
  0x03, 0x6B, 0x00, 0x0D, 0x00, 0x38, 0x40, 0x35, 0x00, 0x02, 0x04, 0x05, 0x04, 0x02, 0x05, 0x7E,
  0x00, 0x03, 0x00, 0x01, 0x04, 0x03, 0x01, 0x65, 0x00, 0x04, 0x04, 0x4C, 0x4B, 0x00, 0x05, 0x05,
  0x4A, 0x4B, 0x00, 0x00, 0x00, 0x06, 0x5D, 0x07, 0x01, 0x06, 0x06, 0x4E, 0x06, 0x4C, 0x00, 0x00,
  0x00, 0x0D, 0x00, 0x0D, 0x11, 0x11, 0x11, 0x11, 0x11, 0x11, 0x08, 0x09, 0x1A, 0x2B, 0x33, 0x35,
  0x21, 0x11, 0x21, 0x11, 0x23, 0x11, 0x21, 0x15, 0x33, 0x11, 0x23, 0x15, 0xFA, 0x01, 0x77, 0xFE,
  0x89, 0xFA, 0x02, 0xEE, 0x7D, 0x7D, 0x7D, 0x02, 0x71, 0xFE, 0x0C, 0x02, 0x71, 0x7D, 0xFD, 0x8F,
  0x7D, 0x00, 0x00, 0x00, 0x00, 0x02, 0x00, 0x00, 0x00, 0x7D, 0x03, 0x6B, 0x03, 0xE8, 0x00, 0x15,
  0x00, 0x19, 0x00, 0x81, 0x4B, 0xB0, 0x0A, 0x50, 0x58, 0x40, 0x2D, 0x03, 0x01, 0x01, 0x05, 0x00,
  0x00, 0x01, 0x70, 0x0C, 0x01, 0x05, 0x05, 0x02, 0x5D, 0x04, 0x01, 0x02, 0x02, 0x49, 0x4B, 0x00,
  0x09, 0x09, 0x00, 0x5D, 0x0B, 0x06, 0x02, 0x00, 0x00, 0x4C, 0x4B, 0x00, 0x07, 0x07, 0x08, 0x5E,
  0x0D, 0x0A, 0x02, 0x08, 0x08, 0x4A, 0x08, 0x4C, 0x1B, 0x40, 0x2E, 0x03, 0x01, 0x01, 0x05, 0x00,
  0x05, 0x01, 0x00, 0x7E, 0x0C, 0x01, 0x05, 0x05, 0x02, 0x5D, 0x04, 0x01, 0x02, 0x02, 0x49, 0x4B,
  0x00, 0x09, 0x09, 0x00, 0x5D, 0x0B, 0x06, 0x02, 0x00, 0x00, 0x4C, 0x4B, 0x00, 0x07, 0x07, 0x08,
  0x5E, 0x0D, 0x0A, 0x02, 0x08, 0x08, 0x4A, 0x08, 0x4C, 0x59, 0x40, 0x18, 0x00, 0x00, 0x19, 0x18,
  0x17, 0x16, 0x00, 0x15, 0x00, 0x15, 0x14, 0x13, 0x11, 0x11, 0x11, 0x11, 0x11, 0x11, 0x11, 0x11,
  0x11, 0x0E, 0x09, 0x1D, 0x2B, 0x35, 0x11, 0x33, 0x35, 0x33, 0x35, 0x33, 0x15, 0x33, 0x35, 0x33,
  0x15, 0x23, 0x15, 0x33, 0x15, 0x33, 0x11, 0x23, 0x11, 0x21, 0x11, 0x11, 0x33, 0x35, 0x23, 0x7D,
  0x7D, 0xFA, 0x7D, 0x7D, 0x7D, 0x7D, 0x7D, 0xFA, 0xFE, 0x89, 0x7D, 0x7D, 0x7D, 0x02, 0x71, 0x7D,
  0x7D, 0x7D, 0x7D, 0x7D, 0x7D, 0x7D, 0xFE, 0x0C, 0x01, 0xF4, 0xFE, 0x0C, 0x02, 0x71, 0x7D, 0x00,
  0x00, 0x02, 0x00, 0x00, 0x00, 0x7D, 0x03, 0x6B, 0x02, 0xEE, 0x00, 0x0B, 0x00, 0x0F, 0x00, 0x35,
  0x40, 0x32, 0x03, 0x01, 0x01, 0x04, 0x01, 0x00, 0x06, 0x01, 0x00, 0x65, 0x00, 0x07, 0x07, 0x02,
  0x5D, 0x00, 0x02, 0x02, 0x4C, 0x4B, 0x00, 0x06, 0x06, 0x05, 0x5D, 0x08, 0x01, 0x05, 0x05, 0x4A,
  0x05, 0x4C, 0x00, 0x00, 0x0F, 0x0E, 0x0D, 0x0C, 0x00, 0x0B, 0x00, 0x0B, 0x11, 0x11, 0x11, 0x11,
  0x11, 0x09, 0x09, 0x19, 0x2B, 0x37, 0x35, 0x23, 0x11, 0x33, 0x35, 0x21, 0x15, 0x33, 0x11, 0x23,
  0x15, 0x25, 0x21, 0x11, 0x21, 0x7D, 0x7D, 0x7D, 0x02, 0x71, 0x7D, 0x7D, 0xFE, 0x0C, 0x01, 0x77,
  0xFE, 0x89, 0x7D, 0x7D, 0x01, 0x77, 0x7D, 0x7D, 0xFE, 0x89, 0x7D, 0x7D, 0x01, 0x77, 0x00, 0x00,
  0x00, 0x03, 0x00, 0x00, 0x00, 0x7D, 0x03, 0x6B, 0x03, 0xE8, 0x00, 0x03, 0x00, 0x13, 0x00, 0x17,
  0x00, 0x89, 0x4B, 0xB0, 0x0A, 0x50, 0x58, 0x40, 0x32, 0x00, 0x07, 0x00, 0x06, 0x06, 0x07, 0x70,
  0x0C, 0x09, 0x02, 0x05, 0x04, 0x01, 0x02, 0x0B, 0x05, 0x02, 0x65, 0x00, 0x00, 0x00, 0x01, 0x5D,
  0x00, 0x01, 0x01, 0x49, 0x4B, 0x00, 0x0A, 0x0A, 0x06, 0x5D, 0x08, 0x01, 0x06, 0x06, 0x4C, 0x4B,
  0x00, 0x0B, 0x0B, 0x03, 0x5D, 0x00, 0x03, 0x03, 0x4A, 0x03, 0x4C, 0x1B, 0x40, 0x33, 0x00, 0x07,
  0x00, 0x06, 0x00, 0x07, 0x06, 0x7E, 0x0C, 0x09, 0x02, 0x05, 0x04, 0x01, 0x02, 0x0B, 0x05, 0x02,
  0x65, 0x00, 0x00, 0x00, 0x01, 0x5D, 0x00, 0x01, 0x01, 0x49, 0x4B, 0x00, 0x0A, 0x0A, 0x06, 0x5D,
  0x08, 0x01, 0x06, 0x06, 0x4C, 0x4B, 0x00, 0x0B, 0x0B, 0x03, 0x5D, 0x00, 0x03, 0x03, 0x4A, 0x03,
  0x4C, 0x59, 0x40, 0x16, 0x04, 0x04, 0x17, 0x16, 0x15, 0x14, 0x04, 0x13, 0x04, 0x13, 0x11, 0x11,
  0x11, 0x11, 0x11, 0x11, 0x12, 0x11, 0x10, 0x0D, 0x09, 0x1D, 0x2B, 0x01, 0x23, 0x35, 0x33, 0x13,
  0x11, 0x23, 0x15, 0x21, 0x35, 0x23, 0x11, 0x33, 0x35, 0x33, 0x35, 0x33, 0x15, 0x33, 0x15, 0x23,
  0x21, 0x11, 0x21, 0x02, 0x71, 0x7D, 0x7D, 0xFA, 0x7D, 0xFD, 0x8F, 0x7D, 0x7D, 0xFA, 0x7D, 0xFA,
  0x7D, 0xFE, 0x89, 0x01, 0x77, 0x03, 0x6B, 0x7D, 0xFE, 0x89, 0xFE, 0x89, 0x7D, 0x7D, 0x01, 0x77,
  0x7D, 0x7D, 0x7D, 0x7D, 0xFE, 0x89, 0x00, 0x00, 0x00, 0x04, 0x00, 0x00, 0x00, 0x7D, 0x03, 0x6B,
  0x03, 0xE8, 0x00, 0x03, 0x00, 0x07, 0x00, 0x17, 0x00, 0x1B, 0x00, 0x5A, 0x40, 0x57, 0x00, 0x09,
  0x00, 0x0C, 0x07, 0x09, 0x0C, 0x65, 0x0F, 0x0B, 0x02, 0x07, 0x06, 0x01, 0x04, 0x0D, 0x07, 0x04,
  0x65, 0x02, 0x01, 0x00, 0x00, 0x01, 0x5D, 0x03, 0x0E, 0x02, 0x01, 0x01, 0x49, 0x4B, 0x0A, 0x01,
  0x08, 0x08, 0x4C, 0x4B, 0x00, 0x0D, 0x0D, 0x05, 0x5E, 0x00, 0x05, 0x05, 0x4A, 0x05, 0x4C, 0x08,
  0x08, 0x00, 0x00, 0x1B, 0x1A, 0x19, 0x18, 0x08, 0x17, 0x08, 0x17, 0x16, 0x15, 0x14, 0x13, 0x12,
  0x11, 0x10, 0x0F, 0x0E, 0x0D, 0x0C, 0x0B, 0x0A, 0x09, 0x07, 0x06, 0x05, 0x04, 0x00, 0x03, 0x00,
  0x03, 0x11, 0x10, 0x09, 0x15, 0x2B, 0x13, 0x15, 0x23, 0x35, 0x05, 0x23, 0x35, 0x33, 0x13, 0x11,
  0x23, 0x15, 0x21, 0x35, 0x23, 0x11, 0x33, 0x35, 0x33, 0x35, 0x21, 0x15, 0x33, 0x15, 0x23, 0x21,
  0x11, 0x21, 0xFA, 0x7D, 0x02, 0x71, 0x7D, 0x7D, 0x7D, 0x7D, 0xFD, 0x8F, 0x7D, 0x7D, 0x7D, 0x01,
  0x77, 0x7D, 0x7D, 0xFE, 0x89, 0x01, 0x77, 0x03, 0xE8, 0x7D, 0x7D, 0x7D, 0x7D, 0xFE, 0x89, 0xFE,
  0x89, 0x7D, 0x7D, 0x01, 0x77, 0x7D, 0x7D, 0x7D, 0x7D, 0xFE, 0x89, 0x00, 0x00, 0x03, 0x00, 0x00,
  0x00, 0x7D, 0x03, 0x6B, 0x03, 0xE8, 0x00, 0x0F, 0x00, 0x13, 0x00, 0x17, 0x00, 0x4E, 0x40, 0x4B,
  0x04, 0x01, 0x02, 0x09, 0x08, 0x09, 0x02, 0x08, 0x7E, 0x05, 0x01, 0x01, 0x06, 0x01, 0x00, 0x0A,
  0x01, 0x00, 0x65, 0x00, 0x09, 0x09, 0x03, 0x5D, 0x00, 0x03, 0x03, 0x49, 0x4B, 0x00, 0x0B, 0x0B,
  0x08, 0x5D, 0x00, 0x08, 0x08, 0x4C, 0x4B, 0x00, 0x0A, 0x0A, 0x07, 0x5E, 0x0C, 0x01, 0x07, 0x07,
  0x4A, 0x07, 0x4C, 0x00, 0x00, 0x17, 0x16, 0x15, 0x14, 0x13, 0x12, 0x11, 0x10, 0x00, 0x0F, 0x00,
  0x0F, 0x11, 0x11, 0x11, 0x11, 0x11, 0x11, 0x11, 0x0D, 0x09, 0x1B, 0x2B, 0x37, 0x35, 0x23, 0x11,
  0x33, 0x35, 0x33, 0x35, 0x21, 0x15, 0x33, 0x15, 0x33, 0x11, 0x23, 0x15, 0x01, 0x33, 0x35, 0x23,
  0x03, 0x21, 0x11, 0x21, 0x7D, 0x7D, 0x7D, 0x7D, 0x01, 0x77, 0x7D, 0x7D, 0x7D, 0xFE, 0x89, 0x7D,
  0x7D, 0x7D, 0x01, 0x77, 0xFE, 0x89, 0x7D, 0x7D, 0x01, 0x77, 0xFA, 0x7D, 0x7D, 0xFA, 0xFE, 0x89,
  0x7D, 0x02, 0x71, 0x7D, 0xFD, 0x8F, 0x01, 0x77, 0x00, 0x04, 0x00, 0x00, 0x00, 0x7D, 0x03, 0x6B,
  0x03, 0xE8, 0x00, 0x03, 0x00, 0x07, 0x00, 0x13, 0x00, 0x17, 0x00, 0x57, 0x40, 0x54, 0x07, 0x01,
  0x05, 0x08, 0x01, 0x04, 0x0A, 0x05, 0x04, 0x65, 0x0D, 0x03, 0x0C, 0x03, 0x01, 0x01, 0x00, 0x5D,
  0x02, 0x01, 0x00, 0x00, 0x49, 0x4B, 0x00, 0x0B, 0x0B, 0x06, 0x5D, 0x00, 0x06, 0x06, 0x4C, 0x4B,
  0x00, 0x0A, 0x0A, 0x09, 0x5D, 0x0E, 0x01, 0x09, 0x09, 0x4A, 0x09, 0x4C, 0x08, 0x08, 0x04, 0x04,
  0x00, 0x00, 0x17, 0x16, 0x15, 0x14, 0x08, 0x13, 0x08, 0x13, 0x12, 0x11, 0x10, 0x0F, 0x0E, 0x0D,
  0x0C, 0x0B, 0x0A, 0x09, 0x04, 0x07, 0x04, 0x07, 0x06, 0x05, 0x00, 0x03, 0x00, 0x03, 0x11, 0x0F,
  0x09, 0x15, 0x2B, 0x13, 0x35, 0x33, 0x15, 0x33, 0x35, 0x33, 0x15, 0x01, 0x35, 0x23, 0x11, 0x33,
  0x35, 0x21, 0x15, 0x33, 0x11, 0x23, 0x15, 0x25, 0x21, 0x11, 0x21, 0x7D, 0xFA, 0x7D, 0xFA, 0xFD,
  0x8F, 0x7D, 0x7D, 0x02, 0x71, 0x7D, 0x7D, 0xFE, 0x0C, 0x01, 0x77, 0xFE, 0x89, 0x03, 0x6B, 0x7D,
  0x7D, 0x7D, 0x7D, 0xFD, 0x12, 0x7D, 0x01, 0x77, 0x7D, 0x7D, 0xFE, 0x89, 0x7D, 0x7D, 0x01, 0x77,
  0x00, 0x03, 0x00, 0x00, 0x00, 0x7D, 0x03, 0x6B, 0x03, 0xE8, 0x00, 0x03, 0x00, 0x13, 0x00, 0x17,
  0x00, 0x97, 0x4B, 0xB0, 0x0A, 0x50, 0x58, 0x40, 0x33, 0x00, 0x07, 0x00, 0x06, 0x06, 0x07, 0x70,
  0x0D, 0x09, 0x02, 0x05, 0x04, 0x01, 0x02, 0x0B, 0x05, 0x02, 0x65, 0x00, 0x00, 0x00, 0x01, 0x5D,
  0x0C, 0x01, 0x01, 0x01, 0x49, 0x4B, 0x00, 0x0A, 0x0A, 0x06, 0x5D, 0x08, 0x01, 0x06, 0x06, 0x4C,
  0x4B, 0x00, 0x0B, 0x0B, 0x03, 0x5D, 0x00, 0x03, 0x03, 0x4A, 0x03, 0x4C, 0x1B, 0x40, 0x34, 0x00,
  0x07, 0x00, 0x06, 0x00, 0x07, 0x06, 0x7E, 0x0D, 0x09, 0x02, 0x05, 0x04, 0x01, 0x02, 0x0B, 0x05,
  0x02, 0x65, 0x00, 0x00, 0x00, 0x01, 0x5D, 0x0C, 0x01, 0x01, 0x01, 0x49, 0x4B, 0x00, 0x0A, 0x0A,
  0x06, 0x5D, 0x08, 0x01, 0x06, 0x06, 0x4C, 0x4B, 0x00, 0x0B, 0x0B, 0x03, 0x5D, 0x00, 0x03, 0x03,
  0x4A, 0x03, 0x4C, 0x59, 0x40, 0x22, 0x04, 0x04, 0x00, 0x00, 0x17, 0x16, 0x15, 0x14, 0x04, 0x13,
  0x04, 0x13, 0x12, 0x11, 0x10, 0x0F, 0x0E, 0x0D, 0x0C, 0x0B, 0x0A, 0x09, 0x08, 0x07, 0x06, 0x05,
  0x00, 0x03, 0x00, 0x03, 0x11, 0x0E, 0x09, 0x15, 0x2B, 0x01, 0x15, 0x23, 0x35, 0x01, 0x11, 0x23,
  0x15, 0x21, 0x35, 0x23, 0x11, 0x33, 0x35, 0x33, 0x35, 0x33, 0x15, 0x33, 0x15, 0x23, 0x21, 0x11,
  0x21, 0x01, 0x77, 0x7D, 0x02, 0x71, 0x7D, 0xFD, 0x8F, 0x7D, 0x7D, 0xFA, 0x7D, 0xFA, 0x7D, 0xFE,
  0x89, 0x01, 0x77, 0x03, 0xE8, 0x7D, 0x7D, 0xFE, 0x89, 0xFE, 0x89, 0x7D, 0x7D, 0x01, 0x77, 0x7D,
  0x7D, 0x7D, 0x7D, 0xFE, 0x89, 0x00, 0x00, 0x00, 0x00, 0x04, 0x00, 0x00, 0x00, 0x7D, 0x03, 0x6B,
  0x03, 0xE8, 0x00, 0x03, 0x00, 0x07, 0x00, 0x19, 0x00, 0x1D, 0x00, 0x95, 0x4B, 0xB0, 0x0A, 0x50,
  0x58, 0x40, 0x35, 0x0A, 0x01, 0x08, 0x00, 0x09, 0x09, 0x08, 0x70, 0x0F, 0x0C, 0x02, 0x07, 0x06,
  0x01, 0x04, 0x0E, 0x07, 0x04, 0x65, 0x02, 0x01, 0x00, 0x00, 0x01, 0x5D, 0x03, 0x01, 0x01, 0x01,
  0x49, 0x4B, 0x00, 0x0D, 0x0D, 0x09, 0x5D, 0x0B, 0x01, 0x09, 0x09, 0x4C, 0x4B, 0x00, 0x0E, 0x0E,
  0x05, 0x5E, 0x00, 0x05, 0x05, 0x4A, 0x05, 0x4C, 0x1B, 0x40, 0x36, 0x0A, 0x01, 0x08, 0x00, 0x09,
  0x00, 0x08, 0x09, 0x7E, 0x0F, 0x0C, 0x02, 0x07, 0x06, 0x01, 0x04, 0x0E, 0x07, 0x04, 0x65, 0x02,
  0x01, 0x00, 0x00, 0x01, 0x5D, 0x03, 0x01, 0x01, 0x01, 0x49, 0x4B, 0x00, 0x0D, 0x0D, 0x09, 0x5D,
  0x0B, 0x01, 0x09, 0x09, 0x4C, 0x4B, 0x00, 0x0E, 0x0E, 0x05, 0x5E, 0x00, 0x05, 0x05, 0x4A, 0x05,
  0x4C, 0x59, 0x40, 0x1C, 0x08, 0x08, 0x1D, 0x1C, 0x1B, 0x1A, 0x08, 0x19, 0x08, 0x19, 0x18, 0x17,
  0x16, 0x15, 0x14, 0x13, 0x11, 0x11, 0x11, 0x11, 0x12, 0x11, 0x11, 0x11, 0x10, 0x10, 0x09, 0x1D,
  0x2B, 0x01, 0x23, 0x35, 0x33, 0x05, 0x23, 0x35, 0x33, 0x13, 0x11, 0x23, 0x15, 0x21, 0x35, 0x23,
  0x11, 0x33, 0x35, 0x33, 0x15, 0x33, 0x35, 0x33, 0x15, 0x33, 0x15, 0x23, 0x21, 0x11, 0x21, 0x01,
  0x77, 0x7D, 0x7D, 0x01, 0x77, 0x7D, 0x7D, 0x7D, 0x7D, 0xFD, 0x8F, 0x7D, 0x7D, 0x7D, 0xFA, 0x7D,
  0x7D, 0x7D, 0xFE, 0x89, 0x01, 0x77, 0x03, 0x6B, 0x7D, 0x7D, 0x7D, 0xFE, 0x89, 0xFE, 0x89, 0x7D,
  0x7D, 0x01, 0x77, 0xFA, 0x7D, 0x7D, 0x7D, 0x7D, 0xFE, 0x89, 0x00, 0x00, 0x00, 0x03, 0x00, 0x00,
  0x00, 0x7D, 0x03, 0x6B, 0x03, 0xE8, 0x00, 0x03, 0x00, 0x0F, 0x00, 0x13, 0x00, 0x4C, 0x40, 0x49,
  0x05, 0x01, 0x03, 0x06, 0x01, 0x02, 0x08, 0x03, 0x02, 0x65, 0x0A, 0x01, 0x01, 0x01, 0x00, 0x5D,
  0x00, 0x00, 0x00, 0x49, 0x4B, 0x00, 0x09, 0x09, 0x04, 0x5D, 0x00, 0x04, 0x04, 0x4C, 0x4B, 0x00,
  0x08, 0x08, 0x07, 0x5D, 0x0B, 0x01, 0x07, 0x07, 0x4A, 0x07, 0x4C, 0x04, 0x04, 0x00, 0x00, 0x13,
  0x12, 0x11, 0x10, 0x04, 0x0F, 0x04, 0x0F, 0x0E, 0x0D, 0x0C, 0x0B, 0x0A, 0x09, 0x08, 0x07, 0x06,
  0x05, 0x00, 0x03, 0x00, 0x03, 0x11, 0x0C, 0x09, 0x15, 0x2B, 0x13, 0x35, 0x21, 0x15, 0x01, 0x35,
  0x23, 0x11, 0x33, 0x35, 0x21, 0x15, 0x33, 0x11, 0x23, 0x15, 0x25, 0x21, 0x11, 0x21, 0x7D, 0x02,
  0x71, 0xFD, 0x8F, 0x7D, 0x7D, 0x02, 0x71, 0x7D, 0x7D, 0xFE, 0x0C, 0x01, 0x77, 0xFE, 0x89, 0x03,
  0x6B, 0x7D, 0x7D, 0xFD, 0x12, 0x7D, 0x01, 0x77, 0x7D, 0x7D, 0xFE, 0x89, 0x7D, 0x7D, 0x01, 0x77,
  0x00, 0x03, 0x00, 0x00, 0x00, 0x7D, 0x03, 0x6B, 0x02, 0xEE, 0x00, 0x0B, 0x00, 0x13, 0x00, 0x17,
  0x00, 0x9C, 0x4B, 0xB0, 0x0A, 0x50, 0x58, 0x40, 0x37, 0x00, 0x07, 0x01, 0x0A, 0x08, 0x07, 0x70,
  0x00, 0x09, 0x0B, 0x00, 0x06, 0x09, 0x70, 0x00, 0x0A, 0x0D, 0x01, 0x0B, 0x09, 0x0A, 0x0B, 0x65,
  0x03, 0x01, 0x01, 0x04, 0x01, 0x00, 0x06, 0x01, 0x00, 0x65, 0x00, 0x08, 0x08, 0x02, 0x5D, 0x00,
  0x02, 0x02, 0x4C, 0x4B, 0x00, 0x06, 0x06, 0x05, 0x5E, 0x0C, 0x01, 0x05, 0x05, 0x4A, 0x05, 0x4C,
  0x1B, 0x40, 0x39, 0x00, 0x07, 0x01, 0x0A, 0x01, 0x07, 0x0A, 0x7E, 0x00, 0x09, 0x0B, 0x00, 0x0B,
  0x09, 0x00, 0x7E, 0x00, 0x0A, 0x0D, 0x01, 0x0B, 0x09, 0x0A, 0x0B, 0x65, 0x03, 0x01, 0x01, 0x04,
  0x01, 0x00, 0x06, 0x01, 0x00, 0x65, 0x00, 0x08, 0x08, 0x02, 0x5D, 0x00, 0x02, 0x02, 0x4C, 0x4B,
  0x00, 0x06, 0x06, 0x05, 0x5E, 0x0C, 0x01, 0x05, 0x05, 0x4A, 0x05, 0x4C, 0x59, 0x40, 0x1E, 0x14,
  0x14, 0x00, 0x00, 0x14, 0x17, 0x14, 0x17, 0x16, 0x15, 0x13, 0x12, 0x11, 0x10, 0x0F, 0x0E, 0x0D,
  0x0C, 0x00, 0x0B, 0x00, 0x0B, 0x11, 0x11, 0x11, 0x11, 0x11, 0x0E, 0x09, 0x19, 0x2B, 0x37, 0x35,
  0x23, 0x11, 0x33, 0x35, 0x21, 0x15, 0x33, 0x11, 0x23, 0x15, 0x25, 0x33, 0x35, 0x23, 0x35, 0x23,
  0x15, 0x33, 0x31, 0x35, 0x33, 0x15, 0x7D, 0x7D, 0x7D, 0x02, 0x71, 0x7D, 0x7D, 0xFE, 0x89, 0xFA,
  0x7D, 0xFA, 0x7D, 0x7D, 0x7D, 0x7D, 0x01, 0x77, 0x7D, 0x7D, 0xFE, 0x89, 0x7D, 0x7D, 0xFA, 0x7D,
  0xFA, 0x7D, 0x7D, 0x00, 0x00, 0x03, 0x00, 0x00, 0x00, 0x7D, 0x03, 0x6B, 0x03, 0xE8, 0x00, 0x15,
  0x00, 0x19, 0x00, 0x1D, 0x00, 0x95, 0x4B, 0xB0, 0x0A, 0x50, 0x58, 0x40, 0x35, 0x04, 0x01, 0x02,
  0x06, 0x07, 0x07, 0x02, 0x70, 0x08, 0x01, 0x01, 0x09, 0x01, 0x00, 0x0D, 0x01, 0x00, 0x65, 0x0C,
  0x01, 0x06, 0x06, 0x03, 0x5D, 0x05, 0x01, 0x03, 0x03, 0x49, 0x4B, 0x00, 0x0E, 0x0E, 0x07, 0x5D,
  0x0B, 0x01, 0x07, 0x07, 0x4C, 0x4B, 0x00, 0x0D, 0x0D, 0x0A, 0x5E, 0x0F, 0x01, 0x0A, 0x0A, 0x4A,
  0x0A, 0x4C, 0x1B, 0x40, 0x36, 0x04, 0x01, 0x02, 0x06, 0x07, 0x06, 0x02, 0x07, 0x7E, 0x08, 0x01,
  0x01, 0x09, 0x01, 0x00, 0x0D, 0x01, 0x00, 0x65, 0x0C, 0x01, 0x06, 0x06, 0x03, 0x5D, 0x05, 0x01,
  0x03, 0x03, 0x49, 0x4B, 0x00, 0x0E, 0x0E, 0x07, 0x5D, 0x0B, 0x01, 0x07, 0x07, 0x4C, 0x4B, 0x00,
  0x0D, 0x0D, 0x0A, 0x5E, 0x0F, 0x01, 0x0A, 0x0A, 0x4A, 0x0A, 0x4C, 0x59, 0x40, 0x1C, 0x00, 0x00,
  0x1D, 0x1C, 0x1B, 0x1A, 0x19, 0x18, 0x17, 0x16, 0x00, 0x15, 0x00, 0x15, 0x14, 0x13, 0x11, 0x11,
  0x11, 0x11, 0x11, 0x11, 0x11, 0x11, 0x11, 0x10, 0x09, 0x1D, 0x2B, 0x37, 0x35, 0x23, 0x11, 0x33,
  0x35, 0x33, 0x35, 0x33, 0x15, 0x33, 0x35, 0x33, 0x15, 0x23, 0x15, 0x33, 0x15, 0x33, 0x11, 0x23,
  0x15, 0x01, 0x33, 0x35, 0x23, 0x11, 0x21, 0x11, 0x21, 0x7D, 0x7D, 0x7D, 0x7D, 0xFA, 0x7D, 0x7D,
  0x7D, 0x7D, 0x7D, 0x7D, 0xFE, 0x0C, 0x7D, 0x7D, 0x01, 0x77, 0xFE, 0x89, 0x7D, 0x7D, 0x01, 0x77,
  0xFA, 0x7D, 0x7D, 0x7D, 0x7D, 0x7D, 0x7D, 0xFE, 0x89, 0x7D, 0x02, 0x71, 0x7D, 0xFD, 0x8F, 0x01,
  0x77, 0x00, 0x00, 0x00, 0x00, 0x03, 0x00, 0x00, 0x00, 0x7D, 0x03, 0x6B, 0x02, 0xEE, 0x00, 0x0D,
  0x00, 0x11, 0x00, 0x15, 0x00, 0x43, 0x40, 0x40, 0x00, 0x09, 0x00, 0x04, 0x00, 0x09, 0x04, 0x66,
  0x03, 0x01, 0x01, 0x00, 0x00, 0x05, 0x01, 0x00, 0x65, 0x0A, 0x01, 0x08, 0x08, 0x02, 0x5D, 0x00,
  0x02, 0x02, 0x4C, 0x4B, 0x07, 0x01, 0x05, 0x05, 0x06, 0x5D, 0x0B, 0x01, 0x06, 0x06, 0x4A, 0x06,
  0x4C, 0x00, 0x00, 0x15, 0x14, 0x13, 0x12, 0x11, 0x10, 0x0F, 0x0E, 0x00, 0x0D, 0x00, 0x0D, 0x11,
  0x11, 0x11, 0x11, 0x11, 0x11, 0x0C, 0x09, 0x1A, 0x2B, 0x37, 0x35, 0x23, 0x11, 0x33, 0x35, 0x21,
  0x15, 0x33, 0x15, 0x21, 0x15, 0x33, 0x15, 0x25, 0x33, 0x11, 0x23, 0x17, 0x33, 0x35, 0x23, 0x7D,
  0x7D, 0x7D, 0x02, 0x71, 0x7D, 0xFE, 0x89, 0xFA, 0xFE, 0x0C, 0x7D, 0x7D, 0xFA, 0x7D, 0x7D, 0x7D,
  0x7D, 0x01, 0x77, 0x7D, 0x7D, 0xFA, 0x7D, 0x7D, 0x7D, 0x01, 0x77, 0x7D, 0x7D, 0x00, 0x00, 0x00,
  0x00, 0x02, 0x00, 0x00, 0x00, 0x00, 0x03, 0x6B, 0x02, 0xEE, 0x00, 0x09, 0x00, 0x0D, 0x00, 0x35,
  0x40, 0x32, 0x00, 0x01, 0x00, 0x02, 0x05, 0x01, 0x02, 0x65, 0x00, 0x05, 0x00, 0x03, 0x04, 0x05,
  0x03, 0x65, 0x00, 0x06, 0x06, 0x00, 0x5D, 0x00, 0x00, 0x00, 0x4C, 0x4B, 0x07, 0x01, 0x04, 0x04,
  0x4E, 0x04, 0x4C, 0x00, 0x00, 0x0D, 0x0C, 0x0B, 0x0A, 0x00, 0x09, 0x00, 0x09, 0x11, 0x11, 0x11,
  0x11, 0x08, 0x09, 0x18, 0x2B, 0x31, 0x11, 0x21, 0x15, 0x33, 0x15, 0x23, 0x15, 0x21, 0x15, 0x11,
  0x21, 0x35, 0x21, 0x02, 0xEE, 0x7D, 0x7D, 0xFE, 0x0C, 0x01, 0x77, 0xFE, 0x89, 0x02, 0xEE, 0x7D,
  0xFA, 0x7D, 0xFA, 0x01, 0x77, 0xFA, 0x00, 0x00, 0x00, 0x02, 0x00, 0x00, 0x00, 0x00, 0x03, 0x6B,
  0x03, 0xE8, 0x00, 0x0B, 0x00, 0x0F, 0x00, 0x3B, 0x40, 0x38, 0x00, 0x02, 0x00, 0x03, 0x06, 0x02,
  0x03, 0x65, 0x00, 0x06, 0x00, 0x04, 0x05, 0x06, 0x04, 0x65, 0x00, 0x00, 0x00, 0x49, 0x4B, 0x00,
  0x07, 0x07, 0x01, 0x5D, 0x00, 0x01, 0x01, 0x4C, 0x4B, 0x08, 0x01, 0x05, 0x05, 0x4E, 0x05, 0x4C,
  0x00, 0x00, 0x0F, 0x0E, 0x0D, 0x0C, 0x00, 0x0B, 0x00, 0x0B, 0x11, 0x11, 0x11, 0x11, 0x11, 0x09,
  0x09, 0x19, 0x2B, 0x31, 0x11, 0x33, 0x15, 0x21, 0x15, 0x33, 0x15, 0x23, 0x15, 0x21, 0x15, 0x11,
  0x21, 0x35, 0x21, 0xFA, 0x01, 0xF4, 0x7D, 0x7D, 0xFE, 0x0C, 0x01, 0x77, 0xFE, 0x89, 0x03, 0xE8,
  0xFA, 0x7D, 0xFA, 0x7D, 0xFA, 0x01, 0x77, 0xFA, 0x00, 0x02, 0x00, 0x00, 0x00, 0x00, 0x03, 0x6B,
  0x02, 0xEE, 0x00, 0x09, 0x00, 0x0D, 0x00, 0x35, 0x40, 0x32, 0x00, 0x02, 0x00, 0x01, 0x05, 0x02,
  0x01, 0x65, 0x00, 0x05, 0x00, 0x00, 0x04, 0x05, 0x00, 0x65, 0x00, 0x06, 0x06, 0x03, 0x5D, 0x00,
  0x03, 0x03, 0x4C, 0x4B, 0x07, 0x01, 0x04, 0x04, 0x4E, 0x04, 0x4C, 0x00, 0x00, 0x0D, 0x0C, 0x0B,
  0x0A, 0x00, 0x09, 0x00, 0x09, 0x11, 0x11, 0x11, 0x11, 0x08, 0x09, 0x18, 0x2B, 0x21, 0x35, 0x21,
  0x35, 0x23, 0x35, 0x33, 0x35, 0x21, 0x11, 0x01, 0x21, 0x35, 0x21, 0x02, 0x71, 0xFE, 0x0C, 0x7D,
  0x7D, 0x02, 0xEE, 0xFD, 0x8F, 0x01, 0x77, 0xFE, 0x89, 0xFA, 0x7D, 0xFA, 0x7D, 0xFD, 0x12, 0x01,
  0x77, 0xFA, 0x00, 0x00, 0x00, 0x02, 0x00, 0x7D, 0x00, 0x7D, 0x03, 0x6B, 0x02, 0xEE, 0x00, 0x07,
  0x00, 0x0B, 0x00, 0x2B, 0x40, 0x28, 0x00, 0x00, 0x00, 0x01, 0x02, 0x00, 0x01, 0x65, 0x00, 0x04,
  0x04, 0x03, 0x5D, 0x06, 0x05, 0x02, 0x03, 0x03, 0x4C, 0x4B, 0x00, 0x02, 0x02, 0x4A, 0x02, 0x4C,
  0x08, 0x08, 0x08, 0x0B, 0x08, 0x0B, 0x12, 0x11, 0x11, 0x11, 0x10, 0x07, 0x09, 0x19, 0x2B, 0x01,
  0x33, 0x15, 0x23, 0x11, 0x23, 0x11, 0x33, 0x21, 0x15, 0x21, 0x35, 0x01, 0x77, 0x7D, 0x7D, 0xFA,
  0xFA, 0x01, 0xF4, 0xFE, 0x89, 0x02, 0x71, 0x7D, 0xFE, 0x89, 0x02, 0x71, 0x7D, 0x7D, 0x00, 0x00,
  0x00, 0x04, 0x00, 0x7D, 0x00, 0x7D, 0x03, 0x6B, 0x03, 0xE8, 0x00, 0x03, 0x00, 0x07, 0x00, 0x0F,
  0x00, 0x13, 0x00, 0x41, 0x40, 0x3E, 0x00, 0x03, 0x00, 0x02, 0x07, 0x03, 0x02, 0x65, 0x00, 0x04,
  0x00, 0x05, 0x06, 0x04, 0x05, 0x65, 0x00, 0x00, 0x00, 0x01, 0x5D, 0x00, 0x01, 0x01, 0x49, 0x4B,
  0x00, 0x08, 0x08, 0x07, 0x5D, 0x0A, 0x09, 0x02, 0x07, 0x07, 0x4C, 0x4B, 0x00, 0x06, 0x06, 0x4A,
  0x06, 0x4C, 0x10, 0x10, 0x10, 0x13, 0x10, 0x13, 0x12, 0x11, 0x11, 0x11, 0x11, 0x11, 0x11, 0x11,
  0x10, 0x0B, 0x09, 0x1D, 0x2B, 0x01, 0x23, 0x35, 0x33, 0x07, 0x23, 0x35, 0x33, 0x07, 0x33, 0x15,
  0x23, 0x11, 0x23, 0x11, 0x33, 0x21, 0x15, 0x21, 0x35, 0x02, 0x71, 0x7D, 0x7D, 0x7D, 0x7D, 0x7D,
  0x7D, 0x7D, 0x7D, 0xFA, 0xFA, 0x01, 0xF4, 0xFE, 0x89, 0x03, 0x6B, 0x7D, 0xFA, 0x7D, 0xFA, 0x7D,
  0xFE, 0x89, 0x02, 0x71, 0x7D, 0x7D, 0x00, 0x00, 0x00, 0x02, 0x00, 0x7D, 0x00, 0x7D, 0x03, 0x6B,
  0x03, 0xE8, 0x00, 0x13, 0x00, 0x17, 0x00, 0x8C, 0x4B, 0xB0, 0x0A, 0x50, 0x58, 0x40, 0x33, 0x00,
  0x03, 0x01, 0x0B, 0x00, 0x03, 0x70, 0x00, 0x0B, 0x00, 0x01, 0x0B, 0x6E, 0x00, 0x0A, 0x00, 0x08,
  0x09, 0x0A, 0x08, 0x65, 0x05, 0x01, 0x01, 0x01, 0x02, 0x5D, 0x04, 0x01, 0x02, 0x02, 0x49, 0x4B,
  0x00, 0x07, 0x07, 0x00, 0x5D, 0x06, 0x01, 0x00, 0x00, 0x4C, 0x4B, 0x0C, 0x01, 0x09, 0x09, 0x4A,
  0x09, 0x4C, 0x1B, 0x40, 0x35, 0x00, 0x03, 0x01, 0x0B, 0x01, 0x03, 0x0B, 0x7E, 0x00, 0x0B, 0x00,
  0x01, 0x0B, 0x00, 0x7C, 0x00, 0x0A, 0x00, 0x08, 0x09, 0x0A, 0x08, 0x65, 0x05, 0x01, 0x01, 0x01,
  0x02, 0x5D, 0x04, 0x01, 0x02, 0x02, 0x49, 0x4B, 0x00, 0x07, 0x07, 0x00, 0x5D, 0x06, 0x01, 0x00,
  0x00, 0x4C, 0x4B, 0x0C, 0x01, 0x09, 0x09, 0x4A, 0x09, 0x4C, 0x59, 0x40, 0x16, 0x00, 0x00, 0x17,
  0x16, 0x15, 0x14, 0x00, 0x13, 0x00, 0x13, 0x11, 0x11, 0x11, 0x11, 0x11, 0x11, 0x11, 0x11, 0x11,
  0x0D, 0x09, 0x1D, 0x2B, 0x37, 0x11, 0x33, 0x35, 0x23, 0x35, 0x33, 0x15, 0x33, 0x35, 0x33, 0x15,
  0x23, 0x15, 0x33, 0x15, 0x21, 0x15, 0x23, 0x11, 0x11, 0x33, 0x35, 0x23, 0x7D, 0xFA, 0x7D, 0xFA,
  0x7D, 0xFA, 0x7D, 0x7D, 0xFE, 0x89, 0x7D, 0x7D, 0x7D, 0x7D, 0x02, 0x71, 0x7D, 0x7D, 0x7D, 0x7D,
  0x7D, 0x7D, 0x7D, 0x7D, 0xFE, 0x89, 0x01, 0xF4, 0x7D, 0x00, 0x00, 0x00, 0x00, 0x02, 0x00, 0x7D,
  0x00, 0x00, 0x03, 0x6B, 0x03, 0x6B, 0x00, 0x0F, 0x00, 0x13, 0x00, 0x44, 0x40, 0x41, 0x00, 0x08,
  0x00, 0x07, 0x08, 0x55, 0x0A, 0x09, 0x02, 0x07, 0x00, 0x06, 0x02, 0x07, 0x06, 0x65, 0x00, 0x01,
  0x01, 0x00, 0x5D, 0x00, 0x00, 0x00, 0x4C, 0x4B, 0x00, 0x02, 0x02, 0x03, 0x5D, 0x00, 0x03, 0x03,
  0x4A, 0x4B, 0x00, 0x05, 0x05, 0x04, 0x5D, 0x00, 0x04, 0x04, 0x4E, 0x04, 0x4C, 0x10, 0x10, 0x10,
  0x13, 0x10, 0x13, 0x12, 0x11, 0x11, 0x11, 0x11, 0x11, 0x11, 0x11, 0x10, 0x0B, 0x09, 0x1D, 0x2B,
  0x01, 0x33, 0x15, 0x23, 0x11, 0x33, 0x15, 0x23, 0x15, 0x23, 0x35, 0x33, 0x35, 0x23, 0x11, 0x33,
  0x21, 0x15, 0x21, 0x35, 0x01, 0x77, 0x7D, 0x7D, 0x7D, 0x7D, 0xFA, 0x7D, 0x7D, 0xFA, 0x01, 0xF4,
  0xFE, 0x89, 0x02, 0xEE, 0x7D, 0xFE, 0x89, 0x7D, 0x7D, 0x7D, 0x7D, 0x02, 0x71, 0x7D, 0x7D, 0x00,
  0x00, 0x01, 0x00, 0x00, 0x00, 0x7D, 0x03, 0x6B, 0x02, 0xEE, 0x00, 0x13, 0x00, 0x43, 0x40, 0x40,
  0x00, 0x03, 0x00, 0x02, 0x06, 0x03, 0x02, 0x65, 0x00, 0x06, 0x00, 0x01, 0x07, 0x06, 0x01, 0x65,
  0x00, 0x07, 0x00, 0x08, 0x00, 0x07, 0x08, 0x65, 0x00, 0x05, 0x05, 0x04, 0x5D, 0x00, 0x04, 0x04,
  0x4C, 0x4B, 0x00, 0x00, 0x00, 0x09, 0x5D, 0x0A, 0x01, 0x09, 0x09, 0x4A, 0x09, 0x4C, 0x00, 0x00,
  0x00, 0x13, 0x00, 0x13, 0x11, 0x11, 0x11, 0x11, 0x11, 0x11, 0x11, 0x11, 0x11, 0x0B, 0x09, 0x1D,
  0x2B, 0x35, 0x35, 0x21, 0x35, 0x21, 0x35, 0x23, 0x35, 0x33, 0x35, 0x21, 0x15, 0x21, 0x15, 0x21,
  0x15, 0x33, 0x15, 0x23, 0x15, 0x02, 0x71, 0xFE, 0x0C, 0x7D, 0x7D, 0x02, 0x71, 0xFE, 0x0C, 0x01,
  0xF4, 0x7D, 0x7D, 0x7D, 0x7D, 0x7D, 0x7D, 0x7D, 0x7D, 0x7D, 0x7D, 0x7D, 0x7D, 0x7D, 0x00, 0x00,
  0x00, 0x02, 0x00, 0x00, 0x00, 0x7D, 0x03, 0x6B, 0x03, 0xE8, 0x00, 0x03, 0x00, 0x1B, 0x00, 0xA9,
  0x4B, 0xB0, 0x0A, 0x50, 0x58, 0x40, 0x40, 0x00, 0x09, 0x00, 0x08, 0x08, 0x09, 0x70, 0x00, 0x07,
  0x00, 0x06, 0x0C, 0x07, 0x06, 0x65, 0x00, 0x0C, 0x00, 0x05, 0x0D, 0x0C, 0x05, 0x65, 0x0E, 0x01,
  0x0D, 0x00, 0x02, 0x04, 0x0D, 0x02, 0x65, 0x00, 0x00, 0x00, 0x01, 0x5D, 0x00, 0x01, 0x01, 0x49,
  0x4B, 0x00, 0x0B, 0x0B, 0x08, 0x5D, 0x0A, 0x01, 0x08, 0x08, 0x4C, 0x4B, 0x00, 0x04, 0x04, 0x03,
  0x5D, 0x00, 0x03, 0x03, 0x4A, 0x03, 0x4C, 0x1B, 0x40, 0x41, 0x00, 0x09, 0x00, 0x08, 0x00, 0x09,
  0x08, 0x7E, 0x00, 0x07, 0x00, 0x06, 0x0C, 0x07, 0x06, 0x65, 0x00, 0x0C, 0x00, 0x05, 0x0D, 0x0C,
  0x05, 0x65, 0x0E, 0x01, 0x0D, 0x00, 0x02, 0x04, 0x0D, 0x02, 0x65, 0x00, 0x00, 0x00, 0x01, 0x5D,
  0x00, 0x01, 0x01, 0x49, 0x4B, 0x00, 0x0B, 0x0B, 0x08, 0x5D, 0x0A, 0x01, 0x08, 0x08, 0x4C, 0x4B,
  0x00, 0x04, 0x04, 0x03, 0x5D, 0x00, 0x03, 0x03, 0x4A, 0x03, 0x4C, 0x59, 0x40, 0x1A, 0x04, 0x04,
  0x04, 0x1B, 0x04, 0x1B, 0x1A, 0x19, 0x18, 0x17, 0x16, 0x15, 0x14, 0x13, 0x11, 0x11, 0x11, 0x11,
  0x11, 0x11, 0x12, 0x11, 0x10, 0x0F, 0x09, 0x1D, 0x2B, 0x01, 0x23, 0x35, 0x33, 0x13, 0x15, 0x23,
  0x15, 0x21, 0x35, 0x21, 0x35, 0x21, 0x35, 0x23, 0x35, 0x33, 0x35, 0x33, 0x35, 0x33, 0x15, 0x33,
  0x15, 0x21, 0x15, 0x21, 0x15, 0x02, 0x71, 0x7D, 0x7D, 0xFA, 0x7D, 0xFD, 0x12, 0x02, 0x71, 0xFE,
  0x0C, 0x7D, 0x7D, 0xFA, 0x7D, 0xFA, 0xFE, 0x0C, 0x01, 0xF4, 0x03, 0x6B, 0x7D, 0xFD, 0x8F, 0x7D,
  0x7D, 0x7D, 0x7D, 0x7D, 0x7D, 0x7D, 0x7D, 0x7D, 0x7D, 0x7D, 0x7D, 0x00, 0x00, 0x01, 0x00, 0x00,
  0x00, 0x7D, 0x03, 0x6B, 0x03, 0xE8, 0x00, 0x1F, 0x00, 0xB1, 0x4B, 0xB0, 0x0A, 0x50, 0x58, 0x40,
  0x42, 0x00, 0x07, 0x05, 0x04, 0x04, 0x07, 0x70, 0x00, 0x03, 0x00, 0x02, 0x0C, 0x03, 0x02, 0x65,
  0x00, 0x0C, 0x00, 0x01, 0x0D, 0x0C, 0x01, 0x66, 0x00, 0x0D, 0x00, 0x0E, 0x00, 0x0D, 0x0E, 0x65,
  0x09, 0x01, 0x05, 0x05, 0x06, 0x5D, 0x08, 0x01, 0x06, 0x06, 0x49, 0x4B, 0x00, 0x0B, 0x0B, 0x04,
  0x5D, 0x0A, 0x01, 0x04, 0x04, 0x4C, 0x4B, 0x00, 0x00, 0x00, 0x0F, 0x5D, 0x10, 0x01, 0x0F, 0x0F,
  0x4A, 0x0F, 0x4C, 0x1B, 0x40, 0x43, 0x00, 0x07, 0x05, 0x04, 0x05, 0x07, 0x04, 0x7E, 0x00, 0x03,
  0x00, 0x02, 0x0C, 0x03, 0x02, 0x65, 0x00, 0x0C, 0x00, 0x01, 0x0D, 0x0C, 0x01, 0x66, 0x00, 0x0D,
  0x00, 0x0E, 0x00, 0x0D, 0x0E, 0x65, 0x09, 0x01, 0x05, 0x05, 0x06, 0x5D, 0x08, 0x01, 0x06, 0x06,
  0x49, 0x4B, 0x00, 0x0B, 0x0B, 0x04, 0x5D, 0x0A, 0x01, 0x04, 0x04, 0x4C, 0x4B, 0x00, 0x00, 0x00,
  0x0F, 0x5D, 0x10, 0x01, 0x0F, 0x0F, 0x4A, 0x0F, 0x4C, 0x59, 0x40, 0x1E, 0x00, 0x00, 0x00, 0x1F,
  0x00, 0x1F, 0x1E, 0x1D, 0x1C, 0x1B, 0x1A, 0x19, 0x18, 0x17, 0x16, 0x15, 0x14, 0x13, 0x11, 0x11,
  0x11, 0x11, 0x11, 0x11, 0x11, 0x11, 0x11, 0x11, 0x09, 0x1D, 0x2B, 0x35, 0x35, 0x21, 0x35, 0x21,
  0x35, 0x23, 0x35, 0x33, 0x35, 0x33, 0x35, 0x23, 0x35, 0x33, 0x15, 0x33, 0x35, 0x33, 0x15, 0x23,
  0x15, 0x33, 0x15, 0x21, 0x15, 0x21, 0x15, 0x33, 0x15, 0x23, 0x15, 0x02, 0x71, 0xFE, 0x0C, 0x7D,
  0x7D, 0x7D, 0x7D, 0xFA, 0x7D, 0xFA, 0x7D, 0x7D, 0xFE, 0x0C, 0x01, 0xF4, 0x7D, 0x7D, 0x7D, 0x7D,
  0x7D, 0x7D, 0x7D, 0x7D, 0x7D, 0x7D, 0x7D, 0x7D, 0x7D, 0x7D, 0x7D, 0x7D, 0x7D, 0x7D, 0x7D, 0x00,
  0x00, 0x02, 0x00, 0x00, 0x00, 0x00, 0x03, 0x6B, 0x03, 0x6B, 0x00, 0x17, 0x00, 0x1B, 0x00, 0x59,
  0x40, 0x56, 0x00, 0x08, 0x00, 0x09, 0x07, 0x08, 0x09, 0x65, 0x00, 0x0A, 0x00, 0x05, 0x0B, 0x0A,
  0x05, 0x65, 0x0E, 0x01, 0x0B, 0x00, 0x00, 0x04, 0x0B, 0x00, 0x65, 0x00, 0x04, 0x03, 0x01, 0x01,
  0x02, 0x04, 0x01, 0x65, 0x00, 0x06, 0x06, 0x07, 0x5D, 0x00, 0x07, 0x07, 0x4C, 0x4B, 0x00, 0x02,
  0x02, 0x4A, 0x4B, 0x00, 0x0C, 0x0C, 0x0D, 0x5D, 0x00, 0x0D, 0x0D, 0x4E, 0x0D, 0x4C, 0x00, 0x00,
  0x1B, 0x1A, 0x19, 0x18, 0x00, 0x17, 0x00, 0x17, 0x16, 0x15, 0x14, 0x13, 0x11, 0x11, 0x11, 0x11,
  0x11, 0x11, 0x11, 0x11, 0x11, 0x0F, 0x09, 0x1D, 0x2B, 0x01, 0x15, 0x23, 0x15, 0x23, 0x15, 0x23,
  0x35, 0x21, 0x35, 0x21, 0x35, 0x21, 0x35, 0x23, 0x35, 0x33, 0x35, 0x21, 0x15, 0x21, 0x15, 0x21,
  0x15, 0x01, 0x33, 0x15, 0x23, 0x03, 0x6B, 0x7D, 0x7D, 0x7D, 0xFE, 0x0C, 0x02, 0x71, 0xFE, 0x0C,
  0x7D, 0x7D, 0x02, 0x71, 0xFE, 0x0C, 0x01, 0xF4, 0xFE, 0x0C, 0xFA, 0xFA, 0x01, 0xF4, 0x7D, 0x7D,
  0x7D, 0x7D, 0x7D, 0x7D, 0x7D, 0x7D, 0x7D, 0x7D, 0x7D, 0x7D, 0xFE, 0x89, 0x7D, 0x00, 0x00, 0x00,
  0x00, 0x02, 0x00, 0x00, 0x00, 0x7D, 0x03, 0x6B, 0x03, 0xE8, 0x00, 0x17, 0x00, 0x1B, 0x00, 0xA9,
  0x4B, 0xB0, 0x0A, 0x50, 0x58, 0x40, 0x40, 0x06, 0x01, 0x04, 0x0D, 0x0C, 0x0C, 0x04, 0x70, 0x00,
  0x03, 0x00, 0x02, 0x08, 0x03, 0x02, 0x65, 0x00, 0x08, 0x00, 0x01, 0x09, 0x08, 0x01, 0x66, 0x00,
  0x09, 0x00, 0x0A, 0x00, 0x09, 0x0A, 0x65, 0x00, 0x0D, 0x0D, 0x05, 0x5D, 0x00, 0x05, 0x05, 0x49,
  0x4B, 0x00, 0x07, 0x07, 0x0C, 0x5D, 0x00, 0x0C, 0x0C, 0x4C, 0x4B, 0x00, 0x00, 0x00, 0x0B, 0x5D,
  0x0E, 0x01, 0x0B, 0x0B, 0x4A, 0x0B, 0x4C, 0x1B, 0x40, 0x41, 0x06, 0x01, 0x04, 0x0D, 0x0C, 0x0D,
  0x04, 0x0C, 0x7E, 0x00, 0x03, 0x00, 0x02, 0x08, 0x03, 0x02, 0x65, 0x00, 0x08, 0x00, 0x01, 0x09,
  0x08, 0x01, 0x66, 0x00, 0x09, 0x00, 0x0A, 0x00, 0x09, 0x0A, 0x65, 0x00, 0x0D, 0x0D, 0x05, 0x5D,
  0x00, 0x05, 0x05, 0x49, 0x4B, 0x00, 0x07, 0x07, 0x0C, 0x5D, 0x00, 0x0C, 0x0C, 0x4C, 0x4B, 0x00,
  0x00, 0x00, 0x0B, 0x5D, 0x0E, 0x01, 0x0B, 0x0B, 0x4A, 0x0B, 0x4C, 0x59, 0x40, 0x1A, 0x00, 0x00,
  0x1B, 0x1A, 0x19, 0x18, 0x00, 0x17, 0x00, 0x17, 0x16, 0x15, 0x14, 0x13, 0x11, 0x11, 0x11, 0x11,
  0x11, 0x11, 0x11, 0x11, 0x11, 0x0F, 0x09, 0x1D, 0x2B, 0x35, 0x35, 0x21, 0x35, 0x21, 0x35, 0x23,
  0x35, 0x33, 0x35, 0x33, 0x35, 0x21, 0x15, 0x33, 0x15, 0x21, 0x15, 0x21, 0x15, 0x33, 0x15, 0x23,
  0x15, 0x01, 0x33, 0x35, 0x23, 0x02, 0x71, 0xFE, 0x0C, 0x7D, 0x7D, 0x7D, 0x01, 0x77, 0x7D, 0xFE,
  0x0C, 0x01, 0xF4, 0x7D, 0x7D, 0xFE, 0x89, 0x7D, 0x7D, 0x7D, 0x7D, 0x7D, 0x7D, 0x7D, 0xFA, 0x7D,
  0x7D, 0xFA, 0x7D, 0x7D, 0x7D, 0x7D, 0x02, 0x71, 0x7D, 0x00, 0x00, 0x00, 0x00, 0x01, 0x00, 0x7D,
  0x00, 0x7D, 0x03, 0x6B, 0x03, 0xE8, 0x00, 0x1B, 0x00, 0x54, 0x40, 0x51, 0x0E, 0x0D, 0x02, 0x0B,
  0x00, 0x00, 0x06, 0x0B, 0x00, 0x65, 0x00, 0x06, 0x00, 0x05, 0x01, 0x06, 0x05, 0x65, 0x00, 0x01,
  0x08, 0x02, 0x01, 0x55, 0x00, 0x08, 0x09, 0x01, 0x02, 0x04, 0x08, 0x02, 0x65, 0x00, 0x07, 0x07,
  0x0C, 0x5D, 0x00, 0x0C, 0x0C, 0x49, 0x4B, 0x00, 0x04, 0x04, 0x03, 0x5D, 0x0A, 0x01, 0x03, 0x03,
  0x4A, 0x03, 0x4C, 0x00, 0x00, 0x00, 0x1B, 0x00, 0x1B, 0x1A, 0x19, 0x18, 0x17, 0x16, 0x15, 0x14,
  0x13, 0x11, 0x11, 0x11, 0x11, 0x11, 0x11, 0x11, 0x11, 0x11, 0x0F, 0x09, 0x1D, 0x2B, 0x01, 0x15,
  0x23, 0x15, 0x33, 0x15, 0x23, 0x15, 0x23, 0x35, 0x33, 0x35, 0x23, 0x35, 0x33, 0x35, 0x23, 0x11,
  0x33, 0x15, 0x23, 0x15, 0x23, 0x11, 0x33, 0x35, 0x21, 0x15, 0x03, 0x6B, 0x7D, 0x7D, 0x7D, 0xFA,
  0x7D, 0x7D, 0x7D, 0xFA, 0x7D, 0x7D, 0xFA, 0x7D, 0x01, 0xF4, 0x03, 0x6B, 0xFA, 0x7D, 0xFA, 0x7D,
  0x7D, 0xFA, 0x7D, 0xFA, 0xFE, 0x0C, 0x7D, 0x7D, 0x02, 0xEE, 0x7D, 0x7D, 0x00, 0x01, 0x01, 0x77,
  0x00, 0x7D, 0x03, 0x6B, 0x03, 0xE8, 0x00, 0x07, 0x00, 0x25, 0x40, 0x22, 0x00, 0x02, 0x02, 0x01,
  0x5D, 0x00, 0x01, 0x01, 0x49, 0x4B, 0x00, 0x00, 0x00, 0x03, 0x5D, 0x04, 0x01, 0x03, 0x03, 0x4A,
  0x03, 0x4C, 0x00, 0x00, 0x00, 0x07, 0x00, 0x07, 0x11, 0x11, 0x11, 0x05, 0x09, 0x17, 0x2B, 0x25,
  0x11, 0x33, 0x35, 0x21, 0x15, 0x23, 0x11, 0x01, 0x77, 0x7D, 0x01, 0x77, 0xFA, 0x7D, 0x02, 0xEE,
  0x7D, 0x7D, 0xFD, 0x12, 0x00, 0x01, 0x00, 0x7D, 0x00, 0x7D, 0x03, 0x6B, 0x03, 0xE8, 0x00, 0x0B,
  0x00, 0x29, 0x40, 0x26, 0x00, 0x02, 0x02, 0x49, 0x4B, 0x04, 0x01, 0x00, 0x00, 0x01, 0x5D, 0x03,
  0x01, 0x01, 0x01, 0x4C, 0x4B, 0x06, 0x01, 0x05, 0x05, 0x4A, 0x05, 0x4C, 0x00, 0x00, 0x00, 0x0B,
  0x00, 0x0B, 0x11, 0x11, 0x11, 0x11, 0x11, 0x07, 0x09, 0x19, 0x2B, 0x25, 0x11, 0x23, 0x35, 0x33,
  0x35, 0x33, 0x15, 0x33, 0x15, 0x23, 0x11, 0x01, 0x77, 0xFA, 0xFA, 0xFA, 0xFA, 0xFA, 0x7D, 0x01,
  0xF4, 0x7D, 0xFA, 0xFA, 0x7D, 0xFE, 0x0C, 0x00, 0x00, 0x01, 0x00, 0x7D, 0x00, 0x7D, 0x03, 0x6B,
  0x03, 0xE8, 0x00, 0x13, 0x00, 0x3D, 0x40, 0x3A, 0x00, 0x07, 0x00, 0x08, 0x01, 0x07, 0x08, 0x65,
  0x00, 0x01, 0x00, 0x00, 0x09, 0x01, 0x00, 0x65, 0x00, 0x04, 0x04, 0x49, 0x4B, 0x06, 0x01, 0x02,
  0x02, 0x03, 0x5D, 0x05, 0x01, 0x03, 0x03, 0x4C, 0x4B, 0x0A, 0x01, 0x09, 0x09, 0x4A, 0x09, 0x4C,
  0x00, 0x00, 0x00, 0x13, 0x00, 0x13, 0x11, 0x11, 0x11, 0x11, 0x11, 0x11, 0x11, 0x11, 0x11, 0x0B,
  0x09, 0x1D, 0x2B, 0x25, 0x35, 0x23, 0x35, 0x33, 0x35, 0x23, 0x35, 0x33, 0x35, 0x33, 0x15, 0x33,
  0x15, 0x23, 0x15, 0x33, 0x15, 0x23, 0x15, 0x01, 0x77, 0x7D, 0x7D, 0xFA, 0xFA, 0xFA, 0xFA, 0xFA,
  0x7D, 0x7D, 0x7D, 0x7D, 0x7D, 0xFA, 0x7D, 0xFA, 0xFA, 0x7D, 0x7D, 0x7D, 0xFA, 0x00, 0x00, 0x00,
  0x00, 0x03, 0x00, 0x7D, 0x00, 0x7D, 0x03, 0x6B, 0x03, 0xE8, 0x00, 0x03, 0x00, 0x07, 0x00, 0x13,
  0x00, 0x44, 0x40, 0x41, 0x0B, 0x09, 0x02, 0x07, 0x06, 0x01, 0x04, 0x05, 0x07, 0x04, 0x65, 0x02,
  0x01, 0x00, 0x00, 0x01, 0x5D, 0x03, 0x0A, 0x02, 0x01, 0x01, 0x49, 0x4B, 0x00, 0x08, 0x08, 0x05,
  0x5D, 0x00, 0x05, 0x05, 0x4A, 0x05, 0x4C, 0x08, 0x08, 0x00, 0x00, 0x08, 0x13, 0x08, 0x13, 0x12,
  0x11, 0x10, 0x0F, 0x0E, 0x0D, 0x0C, 0x0B, 0x0A, 0x09, 0x07, 0x06, 0x05, 0x04, 0x00, 0x03, 0x00,
  0x03, 0x11, 0x0C, 0x09, 0x15, 0x2B, 0x01, 0x15, 0x23, 0x35, 0x05, 0x23, 0x35, 0x33, 0x13, 0x15,
  0x23, 0x11, 0x23, 0x11, 0x23, 0x35, 0x33, 0x35, 0x33, 0x15, 0x01, 0x77, 0x7D, 0x01, 0xF4, 0x7D,
  0x7D, 0x7D, 0xFA, 0xFA, 0xFA, 0xFA, 0xFA, 0x03, 0xE8, 0x7D, 0x7D, 0x7D, 0x7D, 0xFE, 0x89, 0x7D,
  0xFE, 0x89, 0x01, 0x77, 0x7D, 0xFA, 0xFA, 0x00, 0x00, 0x02, 0x00, 0x7D, 0x00, 0x00, 0x03, 0x6B,
  0x03, 0xE8, 0x00, 0x0D, 0x00, 0x11, 0x00, 0x3D, 0x40, 0x3A, 0x03, 0x01, 0x00, 0x00, 0x04, 0x5D,
  0x09, 0x06, 0x02, 0x04, 0x04, 0x4C, 0x4B, 0x00, 0x02, 0x02, 0x05, 0x5D, 0x00, 0x05, 0x05, 0x49,
  0x4B, 0x00, 0x01, 0x01, 0x4A, 0x4B, 0x00, 0x07, 0x07, 0x08, 0x5D, 0x00, 0x08, 0x08, 0x4E, 0x08,
  0x4C, 0x00, 0x00, 0x11, 0x10, 0x0F, 0x0E, 0x00, 0x0D, 0x00, 0x0D, 0x11, 0x11, 0x11, 0x11, 0x11,
  0x11, 0x0A, 0x09, 0x1A, 0x2B, 0x01, 0x15, 0x23, 0x11, 0x23, 0x35, 0x23, 0x11, 0x23, 0x35, 0x33,
  0x35, 0x33, 0x15, 0x01, 0x33, 0x15, 0x23, 0x03, 0x6B, 0xFA, 0x7D, 0x7D, 0xFA, 0xFA, 0xFA, 0xFE,
  0x89, 0xFA, 0xFA, 0x02, 0xEE, 0x7D, 0xFE, 0x0C, 0x7D, 0x01, 0x77, 0x7D, 0xFA, 0xFA, 0xFD, 0x8F,
  0x7D, 0x00, 0x00, 0x00, 0x00, 0x01, 0x00, 0x00, 0x00, 0x7D, 0x03, 0x6B, 0x02, 0xEE, 0x00, 0x09,
  0x00, 0x27, 0x40, 0x24, 0x00, 0x00, 0x00, 0x01, 0x5D, 0x03, 0x01, 0x01, 0x01, 0x4C, 0x4B, 0x00,
  0x02, 0x02, 0x04, 0x5E, 0x05, 0x01, 0x04, 0x04, 0x4A, 0x04, 0x4C, 0x00, 0x00, 0x00, 0x09, 0x00,
  0x09, 0x11, 0x11, 0x11, 0x11, 0x06, 0x09, 0x18, 0x2B, 0x37, 0x35, 0x23, 0x11, 0x33, 0x11, 0x21,
  0x11, 0x33, 0x11, 0x7D, 0x7D, 0xFA, 0x01, 0x77, 0xFA, 0x7D, 0x7D, 0x01, 0xF4, 0xFE, 0x0C, 0x01,
  0xF4, 0xFD, 0x8F, 0x00, 0x00, 0x03, 0x00, 0x00, 0x00, 0x7D, 0x03, 0x6B, 0x03, 0xE8, 0x00, 0x03,
  0x00, 0x07, 0x00, 0x11, 0x00, 0x3D, 0x40, 0x3A, 0x00, 0x03, 0x00, 0x02, 0x06, 0x03, 0x02, 0x65,
  0x00, 0x00, 0x00, 0x01, 0x5D, 0x00, 0x01, 0x01, 0x49, 0x4B, 0x00, 0x05, 0x05, 0x06, 0x5D, 0x09,
  0x08, 0x02, 0x06, 0x06, 0x4C, 0x4B, 0x00, 0x07, 0x07, 0x04, 0x5E, 0x00, 0x04, 0x04, 0x4A, 0x04,
  0x4C, 0x08, 0x08, 0x08, 0x11, 0x08, 0x11, 0x11, 0x11, 0x11, 0x12, 0x11, 0x11, 0x11, 0x10, 0x0A,
  0x09, 0x1C, 0x2B, 0x01, 0x23, 0x35, 0x33, 0x07, 0x23, 0x35, 0x33, 0x05, 0x11, 0x21, 0x35, 0x23,
  0x11, 0x33, 0x11, 0x21, 0x11, 0x02, 0x71, 0x7D, 0x7D, 0x7D, 0x7D, 0x7D, 0x01, 0x77, 0xFD, 0x12,
  0x7D, 0xFA, 0x01, 0x77, 0x03, 0x6B, 0x7D, 0xFA, 0x7D, 0x7D, 0xFD, 0x8F, 0x7D, 0x01, 0xF4, 0xFE,
  0x0C, 0x01, 0xF4, 0x00, 0x00, 0x04, 0x00, 0x00, 0x00, 0x7D, 0x03, 0x6B, 0x03, 0xE8, 0x00, 0x03,
  0x00, 0x07, 0x00, 0x0B, 0x00, 0x15, 0x00, 0x4F, 0x40, 0x4C, 0x00, 0x05, 0x00, 0x04, 0x08, 0x05,
  0x04, 0x65, 0x02, 0x01, 0x00, 0x00, 0x01, 0x5D, 0x03, 0x0B, 0x02, 0x01, 0x01, 0x49, 0x4B, 0x00,
  0x07, 0x07, 0x08, 0x5D, 0x0C, 0x0A, 0x02, 0x08, 0x08, 0x4C, 0x4B, 0x00, 0x09, 0x09, 0x06, 0x5E,
  0x00, 0x06, 0x06, 0x4A, 0x06, 0x4C, 0x0C, 0x0C, 0x00, 0x00, 0x0C, 0x15, 0x0C, 0x15, 0x14, 0x13,
  0x12, 0x11, 0x10, 0x0F, 0x0E, 0x0D, 0x0B, 0x0A, 0x09, 0x08, 0x07, 0x06, 0x05, 0x04, 0x00, 0x03,
  0x00, 0x03, 0x11, 0x0D, 0x09, 0x15, 0x2B, 0x13, 0x15, 0x23, 0x35, 0x05, 0x23, 0x35, 0x33, 0x07,
  0x21, 0x35, 0x21, 0x17, 0x11, 0x21, 0x35, 0x23, 0x11, 0x33, 0x11, 0x21, 0x11, 0xFA, 0x7D, 0x02,
  0x71, 0x7D, 0x7D, 0x7D, 0xFE, 0x89, 0x01, 0x77, 0xFA, 0xFD, 0x12, 0x7D, 0xFA, 0x01, 0x77, 0x03,
  0xE8, 0x7D, 0x7D, 0x7D, 0x7D, 0xFA, 0x7D, 0x7D, 0xFD, 0x8F, 0x7D, 0x01, 0xF4, 0xFE, 0x0C, 0x01,
  0xF4, 0x00, 0x00, 0x00, 0x00, 0x02, 0x00, 0x00, 0x00, 0x7D, 0x03, 0x6B, 0x03, 0xE8, 0x00, 0x0B,
  0x00, 0x15, 0x00, 0x49, 0x40, 0x46, 0x02, 0x01, 0x00, 0x0B, 0x05, 0x02, 0x03, 0x07, 0x00, 0x03,
  0x65, 0x09, 0x01, 0x07, 0x00, 0x06, 0x08, 0x07, 0x06, 0x65, 0x00, 0x04, 0x04, 0x01, 0x5D, 0x00,
  0x01, 0x01, 0x49, 0x4B, 0x00, 0x08, 0x08, 0x0A, 0x5E, 0x0C, 0x01, 0x0A, 0x0A, 0x4A, 0x0A, 0x4C,
  0x0C, 0x0C, 0x00, 0x00, 0x0C, 0x15, 0x0C, 0x15, 0x14, 0x13, 0x12, 0x11, 0x10, 0x0F, 0x0E, 0x0D,
  0x00, 0x0B, 0x00, 0x0B, 0x11, 0x11, 0x11, 0x11, 0x11, 0x0D, 0x09, 0x19, 0x2B, 0x13, 0x35, 0x33,
  0x35, 0x21, 0x15, 0x33, 0x15, 0x23, 0x35, 0x23, 0x15, 0x03, 0x35, 0x23, 0x11, 0x33, 0x11, 0x21,
  0x11, 0x33, 0x11, 0x7D, 0x7D, 0x01, 0x77, 0x7D, 0xFA, 0x7D, 0xFA, 0x7D, 0xFA, 0x01, 0x77, 0xFA,
  0x02, 0xEE, 0x7D, 0x7D, 0x7D, 0x7D, 0x7D, 0x7D, 0xFD, 0x8F, 0x7D, 0x01, 0x77, 0xFE, 0x89, 0x01,
  0x77, 0xFE, 0x0C, 0x00, 0x00, 0x03, 0x00, 0x00, 0x00, 0x7D, 0x03, 0x6B, 0x03, 0xE8, 0x00, 0x03,
  0x00, 0x07, 0x00, 0x11, 0x00, 0x48, 0x40, 0x45, 0x0A, 0x03, 0x09, 0x03, 0x01, 0x01, 0x00, 0x5D,
  0x02, 0x01, 0x00, 0x00, 0x49, 0x4B, 0x00, 0x04, 0x04, 0x05, 0x5D, 0x07, 0x01, 0x05, 0x05, 0x4C,
  0x4B, 0x00, 0x06, 0x06, 0x08, 0x5E, 0x0B, 0x01, 0x08, 0x08, 0x4A, 0x08, 0x4C, 0x08, 0x08, 0x04,
  0x04, 0x00, 0x00, 0x08, 0x11, 0x08, 0x11, 0x10, 0x0F, 0x0E, 0x0D, 0x0C, 0x0B, 0x0A, 0x09, 0x04,
  0x07, 0x04, 0x07, 0x06, 0x05, 0x00, 0x03, 0x00, 0x03, 0x11, 0x0C, 0x09, 0x15, 0x2B, 0x13, 0x35,
  0x33, 0x15, 0x33, 0x35, 0x33, 0x15, 0x01, 0x35, 0x23, 0x11, 0x33, 0x11, 0x21, 0x11, 0x33, 0x11,
  0x7D, 0xFA, 0x7D, 0xFA, 0xFD, 0x8F, 0x7D, 0xFA, 0x01, 0x77, 0xFA, 0x03, 0x6B, 0x7D, 0x7D, 0x7D,
  0x7D, 0xFD, 0x12, 0x7D, 0x01, 0xF4, 0xFE, 0x0C, 0x01, 0xF4, 0xFD, 0x8F, 0x00, 0x03, 0x00, 0x00,
  0x00, 0x7D, 0x03, 0x6B, 0x03, 0xE8, 0x00, 0x03, 0x00, 0x07, 0x00, 0x11, 0x00, 0x47, 0x40, 0x44,
  0x00, 0x02, 0x09, 0x01, 0x03, 0x06, 0x02, 0x03, 0x65, 0x00, 0x00, 0x00, 0x01, 0x5D, 0x00, 0x01,
  0x01, 0x49, 0x4B, 0x00, 0x05, 0x05, 0x06, 0x5D, 0x0A, 0x08, 0x02, 0x06, 0x06, 0x4C, 0x4B, 0x00,
  0x07, 0x07, 0x04, 0x5E, 0x00, 0x04, 0x04, 0x4A, 0x04, 0x4C, 0x08, 0x08, 0x04, 0x04, 0x08, 0x11,
  0x08, 0x11, 0x10, 0x0F, 0x0E, 0x0D, 0x0C, 0x0B, 0x0A, 0x09, 0x04, 0x07, 0x04, 0x07, 0x12, 0x11,
  0x10, 0x0B, 0x09, 0x17, 0x2B, 0x01, 0x23, 0x35, 0x33, 0x15, 0x35, 0x33, 0x15, 0x21, 0x11, 0x21,
  0x35, 0x23, 0x11, 0x33, 0x11, 0x21, 0x11, 0x01, 0x77, 0x7D, 0x7D, 0x7D, 0x01, 0x77, 0xFD, 0x12,
  0x7D, 0xFA, 0x01, 0x77, 0x03, 0x6B, 0x7D, 0xFA, 0x7D, 0x7D, 0xFD, 0x8F, 0x7D, 0x01, 0xF4, 0xFE,
  0x0C, 0x01, 0xF4, 0x00, 0x00, 0x04, 0x00, 0x00, 0x00, 0x7D, 0x03, 0x6B, 0x03, 0xE8, 0x00, 0x03,
  0x00, 0x07, 0x00, 0x13, 0x00, 0x17, 0x00, 0x4A, 0x40, 0x47, 0x0D, 0x0B, 0x02, 0x07, 0x00, 0x0A,
  0x06, 0x07, 0x0A, 0x65, 0x02, 0x01, 0x00, 0x00, 0x01, 0x5D, 0x03, 0x01, 0x01, 0x01, 0x49, 0x4B,
  0x00, 0x05, 0x05, 0x06, 0x5D, 0x0C, 0x09, 0x02, 0x06, 0x06, 0x4C, 0x4B, 0x00, 0x08, 0x08, 0x04,
  0x5E, 0x00, 0x04, 0x04, 0x4A, 0x04, 0x4C, 0x14, 0x14, 0x08, 0x08, 0x14, 0x17, 0x14, 0x17, 0x16,
  0x15, 0x08, 0x13, 0x08, 0x13, 0x11, 0x11, 0x11, 0x11, 0x12, 0x11, 0x11, 0x11, 0x10, 0x0E, 0x09,
  0x1D, 0x2B, 0x01, 0x23, 0x35, 0x33, 0x05, 0x23, 0x35, 0x33, 0x17, 0x11, 0x21, 0x35, 0x23, 0x11,
  0x33, 0x35, 0x33, 0x11, 0x21, 0x11, 0x35, 0x15, 0x23, 0x35, 0x01, 0x77, 0x7D, 0x7D, 0x01, 0x77,
  0x7D, 0x7D, 0x7D, 0xFD, 0x12, 0x7D, 0x7D, 0x7D, 0x01, 0x77, 0x7D, 0x03, 0x6B, 0x7D, 0x7D, 0x7D,
  0xFA, 0xFD, 0x8F, 0x7D, 0x01, 0xF4, 0x7D, 0xFD, 0x8F, 0x01, 0xF4, 0x7D, 0x7D, 0x7D, 0x00, 0x00,
  0x00, 0x02, 0x00, 0x00, 0x00, 0x7D, 0x03, 0x6B, 0x03, 0xE8, 0x00, 0x03, 0x00, 0x0D, 0x00, 0x3D,
  0x40, 0x3A, 0x07, 0x01, 0x01, 0x01, 0x00, 0x5D, 0x00, 0x00, 0x00, 0x49, 0x4B, 0x00, 0x02, 0x02,
  0x03, 0x5D, 0x05, 0x01, 0x03, 0x03, 0x4C, 0x4B, 0x00, 0x04, 0x04, 0x06, 0x5E, 0x08, 0x01, 0x06,
  0x06, 0x4A, 0x06, 0x4C, 0x04, 0x04, 0x00, 0x00, 0x04, 0x0D, 0x04, 0x0D, 0x0C, 0x0B, 0x0A, 0x09,
  0x08, 0x07, 0x06, 0x05, 0x00, 0x03, 0x00, 0x03, 0x11, 0x09, 0x09, 0x15, 0x2B, 0x13, 0x35, 0x21,
  0x15, 0x01, 0x35, 0x23, 0x11, 0x33, 0x11, 0x21, 0x11, 0x33, 0x11, 0x7D, 0x02, 0x71, 0xFD, 0x8F,
  0x7D, 0xFA, 0x01, 0x77, 0xFA, 0x03, 0x6B, 0x7D, 0x7D, 0xFD, 0x12, 0x7D, 0x01, 0xF4, 0xFE, 0x0C,
  0x01, 0xF4, 0xFD, 0x8F, 0x00, 0x03, 0x00, 0x00, 0x00, 0x00, 0x03, 0x6B, 0x03, 0xE8, 0x00, 0x0D,
  0x00, 0x11, 0x00, 0x15, 0x00, 0x8E, 0x4B, 0xB0, 0x0A, 0x50, 0x58, 0x40, 0x32, 0x00, 0x01, 0x00,
  0x07, 0x00, 0x01, 0x70, 0x00, 0x05, 0x02, 0x01, 0x00, 0x01, 0x05, 0x00, 0x66, 0x00, 0x03, 0x03,
  0x04, 0x5D, 0x0B, 0x06, 0x02, 0x04, 0x04, 0x49, 0x4B, 0x00, 0x07, 0x07, 0x08, 0x5D, 0x00, 0x08,
  0x08, 0x4A, 0x4B, 0x00, 0x09, 0x09, 0x0A, 0x5D, 0x0C, 0x01, 0x0A, 0x0A, 0x4E, 0x0A, 0x4C, 0x1B,
  0x40, 0x33, 0x00, 0x01, 0x00, 0x07, 0x00, 0x01, 0x07, 0x7E, 0x00, 0x05, 0x02, 0x01, 0x00, 0x01,
  0x05, 0x00, 0x66, 0x00, 0x03, 0x03, 0x04, 0x5D, 0x0B, 0x06, 0x02, 0x04, 0x04, 0x49, 0x4B, 0x00,
  0x07, 0x07, 0x08, 0x5D, 0x00, 0x08, 0x08, 0x4A, 0x4B, 0x00, 0x09, 0x09, 0x0A, 0x5D, 0x0C, 0x01,
  0x0A, 0x0A, 0x4E, 0x0A, 0x4C, 0x59, 0x40, 0x1B, 0x12, 0x12, 0x00, 0x00, 0x12, 0x15, 0x12, 0x15,
  0x14, 0x13, 0x11, 0x10, 0x0F, 0x0E, 0x00, 0x0D, 0x00, 0x0D, 0x11, 0x11, 0x11, 0x11, 0x11, 0x11,
  0x0D, 0x09, 0x1A, 0x2B, 0x01, 0x11, 0x21, 0x15, 0x23, 0x35, 0x23, 0x35, 0x23, 0x11, 0x33, 0x11,
  0x21, 0x11, 0x01, 0x33, 0x15, 0x23, 0x17, 0x35, 0x33, 0x15, 0x03, 0x6B, 0xFE, 0x89, 0x7D, 0xFA,
  0x7D, 0xFA, 0x01, 0x77, 0xFE, 0x89, 0x7D, 0x7D, 0x7D, 0xFA, 0x03, 0xE8, 0xFD, 0x8F, 0x7D, 0x7D,
  0x7D, 0x01, 0xF4, 0xFE, 0x0C, 0x01, 0xF4, 0xFD, 0x12, 0x7D, 0x7D, 0x7D, 0x7D, 0x00, 0x00, 0x00,
  0x00, 0x03, 0x00, 0x00, 0x00, 0x7D, 0x03, 0x6B, 0x03, 0xE8, 0x00, 0x0D, 0x00, 0x11, 0x00, 0x1D,
  0x00, 0x63, 0x40, 0x60, 0x0E, 0x01, 0x0A, 0x0C, 0x00, 0x0C, 0x0A, 0x00, 0x7E, 0x04, 0x01, 0x02,
  0x0D, 0x01, 0x0B, 0x01, 0x02, 0x0B, 0x65, 0x00, 0x08, 0x08, 0x03, 0x5D, 0x00, 0x03, 0x03, 0x49,
  0x4B, 0x00, 0x0C, 0x0C, 0x01, 0x5D, 0x07, 0x05, 0x02, 0x01, 0x01, 0x4C, 0x4B, 0x00, 0x00, 0x00,
  0x01, 0x5D, 0x07, 0x05, 0x02, 0x01, 0x01, 0x4C, 0x4B, 0x00, 0x09, 0x09, 0x06, 0x5E, 0x0F, 0x01,
  0x06, 0x06, 0x4A, 0x06, 0x4C, 0x00, 0x00, 0x1D, 0x1C, 0x1B, 0x1A, 0x19, 0x18, 0x17, 0x16, 0x15,
  0x14, 0x13, 0x12, 0x11, 0x10, 0x0F, 0x0E, 0x00, 0x0D, 0x00, 0x0D, 0x11, 0x11, 0x11, 0x11, 0x11,
  0x11, 0x10, 0x09, 0x1A, 0x2B, 0x37, 0x35, 0x23, 0x11, 0x33, 0x35, 0x33, 0x35, 0x21, 0x15, 0x33,
  0x15, 0x33, 0x11, 0x01, 0x33, 0x35, 0x23, 0x03, 0x21, 0x11, 0x33, 0x35, 0x23, 0x15, 0x21, 0x35,
  0x23, 0x15, 0x33, 0x7D, 0x7D, 0x7D, 0x7D, 0x01, 0x77, 0x7D, 0x7D, 0xFE, 0x0C, 0x7D, 0x7D, 0x7D,
  0x01, 0x77, 0x7D, 0x7D, 0xFE, 0x89, 0x7D, 0x7D, 0x7D, 0x7D, 0x01, 0xF4, 0x7D, 0x7D, 0x7D, 0x7D,
  0xFD, 0x8F, 0x02, 0x71, 0x7D, 0xFD, 0x8F, 0x01, 0x77, 0x7D, 0x7D, 0x7D, 0x7D, 0x00, 0x00, 0x00,
  0x00, 0x03, 0x00, 0x00, 0x00, 0x7D, 0x03, 0x6B, 0x03, 0xE8, 0x00, 0x07, 0x00, 0x0B, 0x00, 0x17,
  0x00, 0x45, 0x40, 0x42, 0x09, 0x01, 0x02, 0x00, 0x03, 0x08, 0x02, 0x03, 0x65, 0x04, 0x01, 0x00,
  0x00, 0x01, 0x5D, 0x05, 0x01, 0x01, 0x01, 0x49, 0x4B, 0x00, 0x07, 0x07, 0x08, 0x5D, 0x0C, 0x0B,
  0x02, 0x08, 0x08, 0x4C, 0x4B, 0x00, 0x0A, 0x0A, 0x06, 0x5E, 0x00, 0x06, 0x06, 0x4A, 0x06, 0x4C,
  0x0C, 0x0C, 0x0C, 0x17, 0x0C, 0x17, 0x16, 0x15, 0x14, 0x13, 0x11, 0x11, 0x12, 0x11, 0x11, 0x11,
  0x11, 0x11, 0x10, 0x0D, 0x09, 0x1D, 0x2B, 0x01, 0x23, 0x35, 0x33, 0x15, 0x33, 0x15, 0x23, 0x25,
  0x23, 0x35, 0x33, 0x17, 0x11, 0x21, 0x35, 0x23, 0x11, 0x33, 0x35, 0x33, 0x11, 0x21, 0x11, 0x01,
  0x77, 0x7D, 0xFA, 0x7D, 0xFA, 0x01, 0x77, 0x7D, 0x7D, 0x7D, 0xFD, 0x12, 0x7D, 0x7D, 0x7D, 0x01,
  0x77, 0x03, 0x6B, 0x7D, 0x7D, 0x7D, 0x7D, 0x7D, 0xFA, 0xFD, 0x8F, 0x7D, 0x01, 0xF4, 0x7D, 0xFD,
  0x8F, 0x01, 0xF4, 0x00, 0x00, 0x01, 0x00, 0x7D, 0x00, 0x7D, 0x03, 0x6B, 0x02, 0xEE, 0x00, 0x0F,
  0x00, 0x5F, 0x4B, 0xB0, 0x0A, 0x50, 0x58, 0x40, 0x20, 0x06, 0x01, 0x00, 0x03, 0x07, 0x01, 0x00,
  0x70, 0x05, 0x01, 0x01, 0x01, 0x02, 0x5D, 0x04, 0x01, 0x02, 0x02, 0x4C, 0x4B, 0x00, 0x03, 0x03,
  0x07, 0x5D, 0x08, 0x01, 0x07, 0x07, 0x4A, 0x07, 0x4C, 0x1B, 0x40, 0x21, 0x06, 0x01, 0x00, 0x03,
  0x07, 0x03, 0x00, 0x07, 0x7E, 0x05, 0x01, 0x01, 0x01, 0x02, 0x5D, 0x04, 0x01, 0x02, 0x02, 0x4C,
  0x4B, 0x00, 0x03, 0x03, 0x07, 0x5D, 0x08, 0x01, 0x07, 0x07, 0x4A, 0x07, 0x4C, 0x59, 0x40, 0x10,
  0x00, 0x00, 0x00, 0x0F, 0x00, 0x0F, 0x11, 0x11, 0x11, 0x11, 0x11, 0x11, 0x11, 0x09, 0x09, 0x1B,
  0x2B, 0x25, 0x35, 0x23, 0x35, 0x23, 0x11, 0x33, 0x11, 0x33, 0x11, 0x33, 0x11, 0x23, 0x15, 0x23,
  0x15, 0x01, 0x77, 0x7D, 0x7D, 0xFA, 0xFA, 0xFA, 0x7D, 0x7D, 0x7D, 0x7D, 0x7D, 0x01, 0x77, 0xFE,
  0x89, 0x01, 0x77, 0xFE, 0x89, 0x7D, 0x7D, 0x00, 0x00, 0x03, 0x00, 0x00, 0x00, 0x7D, 0x03, 0x6B,
  0x02, 0xEE, 0x00, 0x07, 0x00, 0x0B, 0x00, 0x13, 0x00, 0x3A, 0x40, 0x37, 0x06, 0x04, 0x02, 0x02,
  0x02, 0x03, 0x5D, 0x0B, 0x09, 0x0A, 0x05, 0x04, 0x03, 0x03, 0x4C, 0x4B, 0x08, 0x01, 0x00, 0x00,
  0x01, 0x5D, 0x07, 0x01, 0x01, 0x01, 0x4A, 0x01, 0x4C, 0x0C, 0x0C, 0x08, 0x08, 0x0C, 0x13, 0x0C,
  0x13, 0x12, 0x11, 0x10, 0x0F, 0x0E, 0x0D, 0x08, 0x0B, 0x08, 0x0B, 0x12, 0x11, 0x11, 0x11, 0x10,
  0x0C, 0x09, 0x19, 0x2B, 0x37, 0x33, 0x15, 0x23, 0x35, 0x23, 0x11, 0x33, 0x33, 0x11, 0x23, 0x11,
  0x21, 0x11, 0x23, 0x15, 0x23, 0x35, 0x33, 0x11, 0xFA, 0x7D, 0xFA, 0x7D, 0xFA, 0xFA, 0x7D, 0x01,
  0xF4, 0x7D, 0xFA, 0x7D, 0xFA, 0x7D, 0x7D, 0x01, 0xF4, 0xFE, 0x0C, 0x01, 0xF4, 0xFE, 0x0C, 0x7D,
  0x7D, 0x01, 0xF4, 0x00, 0x00, 0x04, 0x00, 0x00, 0x00, 0x7D, 0x03, 0x6B, 0x03, 0xE8, 0x00, 0x0B,
  0x00, 0x13, 0x00, 0x17, 0x00, 0x1F, 0x00, 0x54, 0x40, 0x51, 0x03, 0x01, 0x01, 0x04, 0x01, 0x00,
  0x09, 0x01, 0x00, 0x65, 0x11, 0x0F, 0x10, 0x0B, 0x04, 0x09, 0x0C, 0x0A, 0x02, 0x08, 0x06, 0x09,
  0x08, 0x65, 0x00, 0x05, 0x05, 0x02, 0x5D, 0x00, 0x02, 0x02, 0x49, 0x4B, 0x0E, 0x01, 0x06, 0x06,
  0x07, 0x5D, 0x0D, 0x01, 0x07, 0x07, 0x4A, 0x07, 0x4C, 0x18, 0x18, 0x14, 0x14, 0x18, 0x1F, 0x18,
  0x1F, 0x1E, 0x1D, 0x1C, 0x1B, 0x1A, 0x19, 0x14, 0x17, 0x14, 0x17, 0x16, 0x15, 0x13, 0x12, 0x11,
  0x11, 0x11, 0x11, 0x11, 0x11, 0x11, 0x11, 0x10, 0x12, 0x09, 0x1D, 0x2B, 0x01, 0x23, 0x35, 0x33,
  0x35, 0x21, 0x15, 0x33, 0x15, 0x23, 0x35, 0x23, 0x03, 0x33, 0x15, 0x23, 0x35, 0x23, 0x11, 0x33,
  0x33, 0x11, 0x23, 0x11, 0x21, 0x11, 0x23, 0x15, 0x23, 0x35, 0x33, 0x11, 0x01, 0x77, 0xFA, 0x7D,
  0x01, 0x77, 0x7D, 0xFA, 0x7D, 0x7D, 0x7D, 0xFA, 0x7D, 0xFA, 0xFA, 0x7D, 0x01, 0xF4, 0x7D, 0xFA,
  0x7D, 0x02, 0xEE, 0x7D, 0x7D, 0x7D, 0x7D, 0x7D, 0xFD, 0x8F, 0x7D, 0x7D, 0x01, 0x77, 0xFE, 0x89,
  0x01, 0x77, 0xFE, 0x89, 0x7D, 0x7D, 0x01, 0x77, 0x00, 0x01, 0x00, 0x00, 0x00, 0x7D, 0x03, 0x6B,
  0x02, 0xEE, 0x00, 0x23, 0x00, 0xAA, 0x4B, 0xB0, 0x0A, 0x50, 0x58, 0x40, 0x3C, 0x0A, 0x01, 0x02,
  0x05, 0x06, 0x03, 0x02, 0x70, 0x0B, 0x01, 0x01, 0x0F, 0x0E, 0x00, 0x01, 0x70, 0x00, 0x06, 0x00,
  0x0F, 0x01, 0x06, 0x0F, 0x65, 0x07, 0x01, 0x05, 0x10, 0x01, 0x0E, 0x00, 0x05, 0x0E, 0x65, 0x09,
  0x01, 0x03, 0x03, 0x04, 0x5D, 0x08, 0x01, 0x04, 0x04, 0x4C, 0x4B, 0x0C, 0x01, 0x00, 0x00, 0x0D,
  0x5E, 0x12, 0x11, 0x02, 0x0D, 0x0D, 0x4A, 0x0D, 0x4C, 0x1B, 0x40, 0x3E, 0x0A, 0x01, 0x02, 0x05,
  0x06, 0x05, 0x02, 0x06, 0x7E, 0x0B, 0x01, 0x01, 0x0F, 0x0E, 0x0F, 0x01, 0x0E, 0x7E, 0x00, 0x06,
  0x00, 0x0F, 0x01, 0x06, 0x0F, 0x65, 0x07, 0x01, 0x05, 0x10, 0x01, 0x0E, 0x00, 0x05, 0x0E, 0x65,
  0x09, 0x01, 0x03, 0x03, 0x04, 0x5D, 0x08, 0x01, 0x04, 0x04, 0x4C, 0x4B, 0x0C, 0x01, 0x00, 0x00,
  0x0D, 0x5E, 0x12, 0x11, 0x02, 0x0D, 0x0D, 0x4A, 0x0D, 0x4C, 0x59, 0x40, 0x22, 0x00, 0x00, 0x00,
  0x23, 0x00, 0x23, 0x22, 0x21, 0x20, 0x1F, 0x1E, 0x1D, 0x1C, 0x1B, 0x1A, 0x19, 0x18, 0x17, 0x16,
  0x15, 0x14, 0x13, 0x11, 0x11, 0x11, 0x11, 0x11, 0x11, 0x11, 0x11, 0x11, 0x13, 0x09, 0x1D, 0x2B,
  0x35, 0x35, 0x33, 0x35, 0x33, 0x35, 0x23, 0x35, 0x23, 0x35, 0x33, 0x15, 0x33, 0x15, 0x33, 0x35,
  0x33, 0x35, 0x33, 0x15, 0x23, 0x15, 0x23, 0x15, 0x33, 0x15, 0x33, 0x15, 0x23, 0x35, 0x23, 0x35,
  0x23, 0x15, 0x23, 0x15, 0x7D, 0x7D, 0x7D, 0x7D, 0xFA, 0x7D, 0x7D, 0x7D, 0xFA, 0x7D, 0x7D, 0x7D,
  0x7D, 0xFA, 0x7D, 0x7D, 0x7D, 0x7D, 0x7D, 0x7D, 0x7D, 0x7D, 0x7D, 0x7D, 0x7D, 0x7D, 0x7D, 0x7D,
  0x7D, 0x7D, 0x7D, 0x7D, 0x7D, 0x7D, 0x7D, 0x7D, 0x00, 0x01, 0x00, 0x00, 0x00, 0x00, 0x03, 0x6B,
  0x02, 0xEE, 0x00, 0x0F, 0x00, 0x37, 0x40, 0x34, 0x00, 0x04, 0x00, 0x01, 0x06, 0x04, 0x01, 0x65,
  0x00, 0x02, 0x02, 0x03, 0x5D, 0x05, 0x01, 0x03, 0x03, 0x4C, 0x4B, 0x00, 0x06, 0x06, 0x4A, 0x4B,
  0x00, 0x00, 0x00, 0x07, 0x5D, 0x08, 0x01, 0x07, 0x07, 0x4E, 0x07, 0x4C, 0x00, 0x00, 0x00, 0x0F,
  0x00, 0x0F, 0x11, 0x11, 0x11, 0x11, 0x11, 0x11, 0x11, 0x09, 0x09, 0x1B, 0x2B, 0x33, 0x35, 0x21,
  0x35, 0x21, 0x35, 0x23, 0x11, 0x33, 0x11, 0x21, 0x11, 0x33, 0x11, 0x23, 0x15, 0x7D, 0x01, 0xF4,
  0xFE, 0x0C, 0x7D, 0xFA, 0x01, 0x77, 0xFA, 0x7D, 0x7D, 0x7D, 0x7D, 0x01, 0x77, 0xFE, 0x89, 0x01,
  0x77, 0xFD, 0x8F, 0x7D, 0x00, 0x03, 0x00, 0x00, 0x00, 0x00, 0x03, 0x6B, 0x03, 0xE8, 0x00, 0x03,
  0x00, 0x07, 0x00, 0x17, 0x00, 0x4F, 0x40, 0x4C, 0x00, 0x03, 0x00, 0x02, 0x09, 0x03, 0x02, 0x65,
  0x00, 0x0A, 0x00, 0x07, 0x04, 0x0A, 0x07, 0x65, 0x00, 0x00, 0x00, 0x01, 0x5D, 0x00, 0x01, 0x01,
  0x49, 0x4B, 0x00, 0x08, 0x08, 0x09, 0x5D, 0x0C, 0x0B, 0x02, 0x09, 0x09, 0x4C, 0x4B, 0x00, 0x04,
  0x04, 0x4A, 0x4B, 0x00, 0x06, 0x06, 0x05, 0x5D, 0x00, 0x05, 0x05, 0x4E, 0x05, 0x4C, 0x08, 0x08,
  0x08, 0x17, 0x08, 0x17, 0x16, 0x15, 0x14, 0x13, 0x11, 0x11, 0x11, 0x11, 0x12, 0x11, 0x11, 0x11,
  0x10, 0x0D, 0x09, 0x1D, 0x2B, 0x01, 0x23, 0x35, 0x33, 0x07, 0x23, 0x35, 0x33, 0x05, 0x11, 0x23,
  0x15, 0x21, 0x35, 0x21, 0x35, 0x21, 0x35, 0x23, 0x11, 0x33, 0x11, 0x21, 0x11, 0x02, 0x71, 0x7D,
  0x7D, 0x7D, 0x7D, 0x7D, 0x01, 0x77, 0x7D, 0xFD, 0x8F, 0x01, 0xF4, 0xFE, 0x0C, 0x7D, 0xFA, 0x01,
  0x77, 0x03, 0x6B, 0x7D, 0xFA, 0x7D, 0x7D, 0xFD, 0x8F, 0x7D, 0x7D, 0x7D, 0x7D, 0x01, 0x77, 0xFE,
  0x89, 0x01, 0x77, 0x00, 0x00, 0x02, 0x00, 0x00, 0x00, 0x00, 0x03, 0x6B, 0x03, 0xE8, 0x00, 0x0B,
  0x00, 0x1B, 0x00, 0x5F, 0x40, 0x5C, 0x02, 0x01, 0x00, 0x0E, 0x05, 0x02, 0x03, 0x09, 0x00, 0x03,
  0x65, 0x00, 0x08, 0x0A, 0x09, 0x08, 0x55, 0x00, 0x0A, 0x00, 0x07, 0x0C, 0x0A, 0x07, 0x65, 0x00,
  0x04, 0x04, 0x01, 0x5D, 0x00, 0x01, 0x01, 0x49, 0x4B, 0x0B, 0x01, 0x09, 0x09, 0x0C, 0x5D, 0x00,
  0x0C, 0x0C, 0x4A, 0x4B, 0x00, 0x06, 0x06, 0x0D, 0x5D, 0x0F, 0x01, 0x0D, 0x0D, 0x4E, 0x0D, 0x4C,
  0x0C, 0x0C, 0x00, 0x00, 0x0C, 0x1B, 0x0C, 0x1B, 0x1A, 0x19, 0x18, 0x17, 0x16, 0x15, 0x14, 0x13,
  0x12, 0x11, 0x10, 0x0F, 0x0E, 0x0D, 0x00, 0x0B, 0x00, 0x0B, 0x11, 0x11, 0x11, 0x11, 0x11, 0x10,
  0x09, 0x19, 0x2B, 0x13, 0x35, 0x33, 0x35, 0x21, 0x15, 0x33, 0x15, 0x23, 0x35, 0x23, 0x15, 0x03,
  0x35, 0x21, 0x35, 0x21, 0x35, 0x23, 0x35, 0x33, 0x15, 0x21, 0x35, 0x33, 0x11, 0x23, 0x15, 0x7D,
  0x7D, 0x01, 0x77, 0x7D, 0xFA, 0x7D, 0xFA, 0x01, 0xF4, 0xFE, 0x0C, 0x7D, 0xFA, 0x01, 0x77, 0xFA,
  0x7D, 0x02, 0xEE, 0x7D, 0x7D, 0x7D, 0x7D, 0x7D, 0x7D, 0xFD, 0x12, 0x7D, 0x7D, 0x7D, 0xFA, 0xFA,
  0xFA, 0xFE, 0x0C, 0x7D, 0x00, 0x03, 0x00, 0x00, 0x00, 0x00, 0x03, 0x6B, 0x03, 0xE8, 0x00, 0x03,
  0x00, 0x07, 0x00, 0x17, 0x00, 0x5B, 0x40, 0x58, 0x00, 0x08, 0x00, 0x05, 0x0A, 0x08, 0x05, 0x65,
  0x0D, 0x03, 0x0C, 0x03, 0x01, 0x01, 0x00, 0x5D, 0x02, 0x01, 0x00, 0x00, 0x49, 0x4B, 0x00, 0x06,
  0x06, 0x07, 0x5D, 0x09, 0x01, 0x07, 0x07, 0x4C, 0x4B, 0x00, 0x0A, 0x0A, 0x4A, 0x4B, 0x00, 0x04,
  0x04, 0x0B, 0x5D, 0x0E, 0x01, 0x0B, 0x0B, 0x4E, 0x0B, 0x4C, 0x08, 0x08, 0x04, 0x04, 0x00, 0x00,
  0x08, 0x17, 0x08, 0x17, 0x16, 0x15, 0x14, 0x13, 0x12, 0x11, 0x10, 0x0F, 0x0E, 0x0D, 0x0C, 0x0B,
  0x0A, 0x09, 0x04, 0x07, 0x04, 0x07, 0x06, 0x05, 0x00, 0x03, 0x00, 0x03, 0x11, 0x0F, 0x09, 0x15,
  0x2B, 0x13, 0x35, 0x33, 0x15, 0x33, 0x35, 0x33, 0x15, 0x01, 0x35, 0x21, 0x35, 0x21, 0x35, 0x23,
  0x11, 0x33, 0x11, 0x21, 0x11, 0x33, 0x11, 0x23, 0x15, 0x7D, 0xFA, 0x7D, 0xFA, 0xFD, 0x8F, 0x01,
  0xF4, 0xFE, 0x0C, 0x7D, 0xFA, 0x01, 0x77, 0xFA, 0x7D, 0x03, 0x6B, 0x7D, 0x7D, 0x7D, 0x7D, 0xFC,
  0x95, 0x7D, 0x7D, 0x7D, 0x01, 0x77, 0xFE, 0x89, 0x01, 0x77, 0xFD, 0x8F, 0x7D, 0x00, 0x00, 0x00,
  0x00, 0x01, 0x00, 0x00, 0x00, 0x7D, 0x03, 0x6B, 0x02, 0xEE, 0x00, 0x13, 0x00, 0x88, 0x4B, 0xB0,
  0x0A, 0x50, 0x58, 0x40, 0x33, 0x00, 0x06, 0x03, 0x02, 0x03, 0x06, 0x70, 0x00, 0x02, 0x07, 0x03,
  0x02, 0x07, 0x7C, 0x00, 0x07, 0x01, 0x03, 0x07, 0x01, 0x7C, 0x00, 0x01, 0x00, 0x00, 0x01, 0x6E,
  0x05, 0x01, 0x03, 0x03, 0x04, 0x5D, 0x00, 0x04, 0x04, 0x4C, 0x4B, 0x08, 0x01, 0x00, 0x00, 0x09,
  0x5E, 0x0A, 0x01, 0x09, 0x09, 0x4A, 0x09, 0x4C, 0x1B, 0x40, 0x35, 0x00, 0x06, 0x03, 0x02, 0x03,
  0x06, 0x02, 0x7E, 0x00, 0x02, 0x07, 0x03, 0x02, 0x07, 0x7C, 0x00, 0x07, 0x01, 0x03, 0x07, 0x01,
  0x7C, 0x00, 0x01, 0x00, 0x03, 0x01, 0x00, 0x7C, 0x05, 0x01, 0x03, 0x03, 0x04, 0x5D, 0x00, 0x04,
  0x04, 0x4C, 0x4B, 0x08, 0x01, 0x00, 0x00, 0x09, 0x5E, 0x0A, 0x01, 0x09, 0x09, 0x4A, 0x09, 0x4C,
  0x59, 0x40, 0x12, 0x00, 0x00, 0x00, 0x13, 0x00, 0x13, 0x11, 0x11, 0x11, 0x11, 0x11, 0x11, 0x11,
  0x11, 0x11, 0x0B, 0x09, 0x1D, 0x2B, 0x35, 0x35, 0x33, 0x35, 0x33, 0x35, 0x33, 0x35, 0x21, 0x35,
  0x21, 0x15, 0x23, 0x15, 0x23, 0x15, 0x23, 0x15, 0x21, 0x15, 0x7D, 0x7D, 0x7D, 0xFE, 0x89, 0x03,
  0x6B, 0x7D, 0x7D, 0x7D, 0x01, 0x77, 0x7D, 0x7D, 0x7D, 0x7D, 0x7D, 0x7D, 0x7D, 0x7D, 0x7D, 0x7D,
  0x7D, 0x00, 0x00, 0x00, 0x00, 0x02, 0x00, 0x00, 0x00, 0x7D, 0x03, 0x6B, 0x03, 0xE8, 0x00, 0x03,
  0x00, 0x1B, 0x00, 0xB6, 0x4B, 0xB0, 0x0A, 0x50, 0x58, 0x40, 0x46, 0x00, 0x0C, 0x00, 0x0B, 0x00,
  0x0C, 0x0B, 0x7E, 0x00, 0x03, 0x02, 0x09, 0x02, 0x03, 0x70, 0x00, 0x09, 0x04, 0x02, 0x09, 0x04,
  0x7C, 0x00, 0x04, 0x08, 0x02, 0x04, 0x08, 0x7C, 0x00, 0x08, 0x05, 0x05, 0x08, 0x6E, 0x00, 0x00,
  0x00, 0x01, 0x5D, 0x00, 0x01, 0x01, 0x49, 0x4B, 0x0A, 0x01, 0x02, 0x02, 0x0B, 0x5D, 0x0E, 0x0D,
  0x02, 0x0B, 0x0B, 0x4C, 0x4B, 0x07, 0x01, 0x05, 0x05, 0x06, 0x5E, 0x00, 0x06, 0x06, 0x4A, 0x06,
  0x4C, 0x1B, 0x40, 0x48, 0x00, 0x0C, 0x00, 0x0B, 0x00, 0x0C, 0x0B, 0x7E, 0x00, 0x03, 0x02, 0x09,
  0x02, 0x03, 0x09, 0x7E, 0x00, 0x09, 0x04, 0x02, 0x09, 0x04, 0x7C, 0x00, 0x04, 0x08, 0x02, 0x04,
  0x08, 0x7C, 0x00, 0x08, 0x05, 0x02, 0x08, 0x05, 0x7C, 0x00, 0x00, 0x00, 0x01, 0x5D, 0x00, 0x01,
  0x01, 0x49, 0x4B, 0x0A, 0x01, 0x02, 0x02, 0x0B, 0x5D, 0x0E, 0x0D, 0x02, 0x0B, 0x0B, 0x4C, 0x4B,
  0x07, 0x01, 0x05, 0x05, 0x06, 0x5E, 0x00, 0x06, 0x06, 0x4A, 0x06, 0x4C, 0x59, 0x40, 0x1A, 0x04,
  0x04, 0x04, 0x1B, 0x04, 0x1B, 0x1A, 0x19, 0x18, 0x17, 0x16, 0x15, 0x14, 0x13, 0x11, 0x11, 0x11,
  0x11, 0x11, 0x11, 0x12, 0x11, 0x10, 0x0F, 0x09, 0x1D, 0x2B, 0x01, 0x23, 0x35, 0x33, 0x17, 0x15,
  0x23, 0x15, 0x23, 0x15, 0x23, 0x15, 0x21, 0x15, 0x21, 0x35, 0x33, 0x35, 0x33, 0x35, 0x33, 0x35,
  0x21, 0x35, 0x21, 0x35, 0x33, 0x15, 0x02, 0x71, 0x7D, 0x7D, 0xFA, 0x7D, 0x7D, 0x7D, 0x01, 0x77,
  0xFC, 0x95, 0x7D, 0x7D, 0x7D, 0xFE, 0x89, 0x01, 0x77, 0x7D, 0x03, 0x6B, 0x7D, 0xFA, 0x7D, 0x7D,
  0x7D, 0x7D, 0x7D, 0x7D, 0x7D, 0x7D, 0x7D, 0x7D, 0x7D, 0x7D, 0x00, 0x00, 0x00, 0x01, 0x00, 0x00,
  0x00, 0x7D, 0x03, 0x6B, 0x03, 0xE8, 0x00, 0x1F, 0x00, 0xBE, 0x4B, 0xB0, 0x0A, 0x50, 0x58, 0x40,
  0x48, 0x00, 0x07, 0x05, 0x04, 0x05, 0x07, 0x04, 0x7E, 0x00, 0x0C, 0x03, 0x02, 0x03, 0x0C, 0x70,
  0x00, 0x02, 0x0D, 0x03, 0x02, 0x0D, 0x7C, 0x00, 0x0D, 0x01, 0x03, 0x0D, 0x01, 0x7C, 0x00, 0x01,
  0x00, 0x00, 0x01, 0x6E, 0x09, 0x01, 0x05, 0x05, 0x06, 0x5D, 0x08, 0x01, 0x06, 0x06, 0x49, 0x4B,
  0x0B, 0x01, 0x03, 0x03, 0x04, 0x5D, 0x0A, 0x01, 0x04, 0x04, 0x4C, 0x4B, 0x0E, 0x01, 0x00, 0x00,
  0x0F, 0x5E, 0x10, 0x01, 0x0F, 0x0F, 0x4A, 0x0F, 0x4C, 0x1B, 0x40, 0x4A, 0x00, 0x07, 0x05, 0x04,
  0x05, 0x07, 0x04, 0x7E, 0x00, 0x0C, 0x03, 0x02, 0x03, 0x0C, 0x02, 0x7E, 0x00, 0x02, 0x0D, 0x03,
  0x02, 0x0D, 0x7C, 0x00, 0x0D, 0x01, 0x03, 0x0D, 0x01, 0x7C, 0x00, 0x01, 0x00, 0x03, 0x01, 0x00,
  0x7C, 0x09, 0x01, 0x05, 0x05, 0x06, 0x5D, 0x08, 0x01, 0x06, 0x06, 0x49, 0x4B, 0x0B, 0x01, 0x03,
  0x03, 0x04, 0x5D, 0x0A, 0x01, 0x04, 0x04, 0x4C, 0x4B, 0x0E, 0x01, 0x00, 0x00, 0x0F, 0x5E, 0x10,
  0x01, 0x0F, 0x0F, 0x4A, 0x0F, 0x4C, 0x59, 0x40, 0x1E, 0x00, 0x00, 0x00, 0x1F, 0x00, 0x1F, 0x1E,
  0x1D, 0x1C, 0x1B, 0x1A, 0x19, 0x18, 0x17, 0x16, 0x15, 0x14, 0x13, 0x11, 0x11, 0x11, 0x11, 0x11,
  0x11, 0x11, 0x11, 0x11, 0x11, 0x09, 0x1D, 0x2B, 0x35, 0x35, 0x33, 0x35, 0x33, 0x35, 0x33, 0x35,
  0x21, 0x35, 0x33, 0x35, 0x23, 0x35, 0x33, 0x15, 0x33, 0x35, 0x33, 0x15, 0x23, 0x15, 0x33, 0x15,
  0x23, 0x15, 0x23, 0x15, 0x23, 0x15, 0x21, 0x15, 0x7D, 0x7D, 0x7D, 0xFE, 0x89, 0xFA, 0x7D, 0xFA,
  0x7D, 0xFA, 0x7D, 0xFA, 0x7D, 0x7D, 0x7D, 0x01, 0x77, 0x7D, 0x7D, 0x7D, 0x7D, 0x7D, 0x7D, 0x7D,
  0x7D, 0x7D, 0x7D, 0x7D, 0x7D, 0x7D, 0x7D, 0x7D, 0x7D, 0x7D, 0x00, 0x00, 0x00, 0x02, 0x00, 0x00,
  0x00, 0x7D, 0x03, 0x6B, 0x03, 0xE8, 0x00, 0x03, 0x00, 0x17, 0x00, 0xAE, 0x4B, 0xB0, 0x0A, 0x50,
  0x58, 0x40, 0x3E, 0x00, 0x08, 0x05, 0x04, 0x05, 0x08, 0x70, 0x00, 0x04, 0x09, 0x05, 0x04, 0x09,
  0x7C, 0x00, 0x09, 0x03, 0x05, 0x09, 0x03, 0x7C, 0x00, 0x03, 0x02, 0x02, 0x03, 0x6E, 0x0C, 0x01,
  0x01, 0x01, 0x00, 0x5D, 0x00, 0x00, 0x00, 0x49, 0x4B, 0x07, 0x01, 0x05, 0x05, 0x06, 0x5D, 0x00,
  0x06, 0x06, 0x4C, 0x4B, 0x0A, 0x01, 0x02, 0x02, 0x0B, 0x5E, 0x0D, 0x01, 0x0B, 0x0B, 0x4A, 0x0B,
  0x4C, 0x1B, 0x40, 0x40, 0x00, 0x08, 0x05, 0x04, 0x05, 0x08, 0x04, 0x7E, 0x00, 0x04, 0x09, 0x05,
  0x04, 0x09, 0x7C, 0x00, 0x09, 0x03, 0x05, 0x09, 0x03, 0x7C, 0x00, 0x03, 0x02, 0x05, 0x03, 0x02,
  0x7C, 0x0C, 0x01, 0x01, 0x01, 0x00, 0x5D, 0x00, 0x00, 0x00, 0x49, 0x4B, 0x07, 0x01, 0x05, 0x05,
  0x06, 0x5D, 0x00, 0x06, 0x06, 0x4C, 0x4B, 0x0A, 0x01, 0x02, 0x02, 0x0B, 0x5E, 0x0D, 0x01, 0x0B,
  0x0B, 0x4A, 0x0B, 0x4C, 0x59, 0x40, 0x22, 0x04, 0x04, 0x00, 0x00, 0x04, 0x17, 0x04, 0x17, 0x16,
  0x15, 0x14, 0x13, 0x12, 0x11, 0x10, 0x0F, 0x0E, 0x0D, 0x0C, 0x0B, 0x0A, 0x09, 0x08, 0x07, 0x06,
  0x05, 0x00, 0x03, 0x00, 0x03, 0x11, 0x0E, 0x09, 0x15, 0x2B, 0x01, 0x35, 0x33, 0x15, 0x01, 0x35,
  0x33, 0x35, 0x33, 0x35, 0x33, 0x35, 0x21, 0x35, 0x21, 0x15, 0x23, 0x15, 0x23, 0x15, 0x23, 0x15,
  0x21, 0x15, 0x01, 0x77, 0xFA, 0xFD, 0x8F, 0x7D, 0x7D, 0x7D, 0xFE, 0x89, 0x03, 0x6B, 0x7D, 0x7D,
  0x7D, 0x01, 0x77, 0x03, 0x6B, 0x7D, 0x7D, 0xFD, 0x12, 0x7D, 0x7D, 0x7D, 0x7D, 0x7D, 0x7D, 0x7D,
  0x7D, 0x7D, 0x7D, 0x00, 0x00, 0x01, 0x00, 0x00, 0x00, 0x7D, 0x03, 0x6B, 0x03, 0xE8, 0x00, 0x11,
  0x00, 0x37, 0x40, 0x34, 0x00, 0x04, 0x04, 0x03, 0x5D, 0x00, 0x03, 0x03, 0x49, 0x4B, 0x07, 0x01,
  0x00, 0x00, 0x01, 0x5D, 0x05, 0x01, 0x01, 0x01, 0x4C, 0x4B, 0x00, 0x02, 0x02, 0x06, 0x5D, 0x09,
  0x08, 0x02, 0x06, 0x06, 0x4A, 0x06, 0x4C, 0x00, 0x00, 0x00, 0x11, 0x00, 0x11, 0x11, 0x11, 0x11,
  0x11, 0x11, 0x11, 0x11, 0x11, 0x0A, 0x09, 0x1C, 0x2B, 0x37, 0x11, 0x23, 0x35, 0x33, 0x35, 0x33,
  0x35, 0x21, 0x15, 0x23, 0x15, 0x21, 0x11, 0x23, 0x11, 0x23, 0x11, 0x7D, 0x7D, 0x7D, 0x7D, 0x01,
  0x77, 0xFA, 0x01, 0xF4, 0xFA, 0xFA, 0x7D, 0x01, 0xF4, 0x7D, 0x7D, 0x7D, 0x7D, 0x7D, 0xFD, 0x8F,
  0x01, 0xF4, 0xFE, 0x0C, 0x00, 0x02, 0x00, 0x00, 0x00, 0x7D, 0x03, 0x6B, 0x03, 0xE8, 0x00, 0x0D,
  0x00, 0x11, 0x00, 0x39, 0x40, 0x36, 0x00, 0x08, 0x08, 0x03, 0x5D, 0x00, 0x03, 0x03, 0x49, 0x4B,
  0x05, 0x01, 0x00, 0x00, 0x01, 0x5D, 0x07, 0x01, 0x01, 0x01, 0x4C, 0x4B, 0x00, 0x02, 0x02, 0x04,
  0x5D, 0x09, 0x06, 0x02, 0x04, 0x04, 0x4A, 0x04, 0x4C, 0x00, 0x00, 0x11, 0x10, 0x0F, 0x0E, 0x00,
  0x0D, 0x00, 0x0D, 0x11, 0x11, 0x11, 0x11, 0x11, 0x11, 0x0A, 0x09, 0x1A, 0x2B, 0x37, 0x11, 0x23,
  0x35, 0x33, 0x35, 0x33, 0x35, 0x21, 0x11, 0x23, 0x11, 0x23, 0x11, 0x11, 0x33, 0x35, 0x23, 0x7D,
  0x7D, 0x7D, 0x7D, 0x02, 0x71, 0xFA, 0xFA, 0xFA, 0xFA, 0x7D, 0x01, 0xF4, 0x7D, 0x7D, 0x7D, 0xFC,
  0x95, 0x01, 0xF4, 0xFE, 0x0C, 0x02, 0x71, 0x7D, 0x00, 0x02, 0x00, 0x7D, 0x01, 0xF4, 0x02, 0xEE,
  0x03, 0xE8, 0x00, 0x0B, 0x00, 0x0F, 0x00, 0x77, 0x4B, 0xB0, 0x0A, 0x50, 0x58, 0x40, 0x2B, 0x00,
  0x04, 0x02, 0x07, 0x02, 0x04, 0x07, 0x7E, 0x00, 0x07, 0x01, 0x02, 0x07, 0x6E, 0x00, 0x06, 0x08,
  0x01, 0x05, 0x06, 0x05, 0x62, 0x00, 0x02, 0x02, 0x03, 0x5D, 0x00, 0x03, 0x03, 0x61, 0x4B, 0x00,
  0x00, 0x00, 0x01, 0x5D, 0x00, 0x01, 0x01, 0x64, 0x00, 0x4C, 0x1B, 0x40, 0x2C, 0x00, 0x04, 0x02,
  0x07, 0x02, 0x04, 0x07, 0x7E, 0x00, 0x07, 0x01, 0x02, 0x07, 0x01, 0x7C, 0x00, 0x06, 0x08, 0x01,
  0x05, 0x06, 0x05, 0x62, 0x00, 0x02, 0x02, 0x03, 0x5D, 0x00, 0x03, 0x03, 0x61, 0x4B, 0x00, 0x00,
  0x00, 0x01, 0x5D, 0x00, 0x01, 0x01, 0x64, 0x00, 0x4C, 0x59, 0x40, 0x12, 0x00, 0x00, 0x0F, 0x0E,
  0x0D, 0x0C, 0x00, 0x0B, 0x00, 0x0B, 0x11, 0x11, 0x11, 0x11, 0x11, 0x09, 0x0A, 0x19, 0x2B, 0x13,
  0x35, 0x23, 0x35, 0x33, 0x35, 0x23, 0x35, 0x21, 0x15, 0x33, 0x11, 0x25, 0x33, 0x35, 0x23, 0xFA,
  0x7D, 0x7D, 0x7D, 0x01, 0xF4, 0x7D, 0xFE, 0x89, 0x7D, 0x7D, 0x01, 0xF4, 0x7D, 0x7D, 0x7D, 0x7D,
  0x7D, 0xFE, 0x89, 0x7D, 0x7D, 0x00, 0x00, 0x00, 0x00, 0x02, 0x00, 0x7D, 0x01, 0xF4, 0x02, 0xEE,
  0x03, 0xE8, 0x00, 0x0B, 0x00, 0x0F, 0x00, 0x32, 0x40, 0x2F, 0x03, 0x01, 0x01, 0x04, 0x01, 0x00,
  0x06, 0x01, 0x00, 0x65, 0x00, 0x06, 0x08, 0x01, 0x05, 0x06, 0x05, 0x61, 0x00, 0x07, 0x07, 0x02,
  0x5D, 0x00, 0x02, 0x02, 0x61, 0x07, 0x4C, 0x00, 0x00, 0x0F, 0x0E, 0x0D, 0x0C, 0x00, 0x0B, 0x00,
  0x0B, 0x11, 0x11, 0x11, 0x11, 0x11, 0x09, 0x0A, 0x19, 0x2B, 0x13, 0x35, 0x23, 0x35, 0x33, 0x35,
  0x21, 0x15, 0x33, 0x15, 0x23, 0x15, 0x27, 0x33, 0x35, 0x23, 0xFA, 0x7D, 0x7D, 0x01, 0x77, 0x7D,
  0x7D, 0xFA, 0x7D, 0x7D, 0x01, 0xF4, 0x7D, 0xFA, 0x7D, 0x7D, 0xFA, 0x7D, 0x7D, 0xFA, 0x00, 0x00,
  0x00, 0x02, 0x00, 0x00, 0x00, 0x7D, 0x03, 0x6B, 0x03, 0xE8, 0x00, 0x0F, 0x00, 0x17, 0x00, 0x86,
  0x4B, 0xB0, 0x0A, 0x50, 0x58, 0x40, 0x2F, 0x03, 0x01, 0x01, 0x0A, 0x09, 0x00, 0x01, 0x70, 0x0B,
  0x01, 0x09, 0x00, 0x0A, 0x09, 0x6E, 0x00, 0x08, 0x00, 0x06, 0x05, 0x08, 0x06, 0x65, 0x00, 0x0A,
  0x0A, 0x02, 0x5D, 0x00, 0x02, 0x02, 0x1B, 0x4B, 0x04, 0x01, 0x00, 0x00, 0x1D, 0x4B, 0x0C, 0x07,
  0x02, 0x05, 0x05, 0x1C, 0x05, 0x4C, 0x1B, 0x40, 0x31, 0x03, 0x01, 0x01, 0x0A, 0x09, 0x0A, 0x01,
  0x09, 0x7E, 0x0B, 0x01, 0x09, 0x00, 0x0A, 0x09, 0x00, 0x7C, 0x00, 0x08, 0x00, 0x06, 0x05, 0x08,
  0x06, 0x65, 0x00, 0x0A, 0x0A, 0x02, 0x5D, 0x00, 0x02, 0x02, 0x1B, 0x4B, 0x04, 0x01, 0x00, 0x00,
  0x1D, 0x4B, 0x0C, 0x07, 0x02, 0x05, 0x05, 0x1C, 0x05, 0x4C, 0x59, 0x40, 0x18, 0x00, 0x00, 0x17,
  0x16, 0x15, 0x14, 0x13, 0x12, 0x11, 0x10, 0x00, 0x0F, 0x00, 0x0F, 0x11, 0x11, 0x11, 0x11, 0x11,
  0x11, 0x11, 0x0D, 0x07, 0x1B, 0x2B, 0x35, 0x11, 0x33, 0x35, 0x33, 0x35, 0x21, 0x15, 0x33, 0x15,
  0x33, 0x11, 0x23, 0x35, 0x21, 0x15, 0x11, 0x21, 0x35, 0x23, 0x35, 0x23, 0x15, 0x23, 0x7D, 0x7D,
  0x01, 0x77, 0x7D, 0x7D, 0xFA, 0xFE, 0x89, 0x01, 0x77, 0x7D, 0x7D, 0x7D, 0x7D, 0x02, 0x71, 0x7D,
  0x7D, 0x7D, 0x7D, 0xFD, 0x8F, 0xFA, 0xFA, 0x01, 0x77, 0xFA, 0x7D, 0x7D, 0x00, 0x02, 0x00, 0x00,
  0x00, 0x7D, 0x03, 0x6B, 0x03, 0xE8, 0x00, 0x0B, 0x00, 0x0F, 0x00, 0x3B, 0x40, 0x38, 0x00, 0x02,
  0x00, 0x07, 0x03, 0x02, 0x07, 0x65, 0x00, 0x03, 0x00, 0x04, 0x06, 0x03, 0x04, 0x65, 0x00, 0x01,
  0x01, 0x00, 0x5D, 0x00, 0x00, 0x00, 0x1B, 0x4B, 0x00, 0x06, 0x06, 0x05, 0x5D, 0x08, 0x01, 0x05,
  0x05, 0x1C, 0x05, 0x4C, 0x00, 0x00, 0x0F, 0x0E, 0x0D, 0x0C, 0x00, 0x0B, 0x00, 0x0B, 0x11, 0x11,
  0x11, 0x11, 0x11, 0x09, 0x07, 0x19, 0x2B, 0x35, 0x11, 0x21, 0x15, 0x21, 0x15, 0x21, 0x15, 0x33,
  0x15, 0x23, 0x15, 0x25, 0x21, 0x35, 0x21, 0x02, 0xEE, 0xFE, 0x0C, 0x01, 0xF4, 0x7D, 0x7D, 0xFE,
  0x0C, 0x01, 0x77, 0xFE, 0x89, 0x7D, 0x03, 0x6B, 0x7D, 0xFA, 0x7D, 0xFA, 0x7D, 0x7D, 0xFA, 0x00,
  0x00, 0x03, 0x00, 0x00, 0x00, 0x7D, 0x03, 0x6B, 0x03, 0xE8, 0x00, 0x0B, 0x00, 0x0F, 0x00, 0x13,
  0x00, 0x47, 0x40, 0x44, 0x00, 0x01, 0x00, 0x02, 0x06, 0x01, 0x02, 0x65, 0x00, 0x06, 0x00, 0x09,
  0x03, 0x06, 0x09, 0x65, 0x00, 0x03, 0x00, 0x04, 0x08, 0x03, 0x04, 0x65, 0x00, 0x07, 0x07, 0x00,
  0x5D, 0x00, 0x00, 0x00, 0x1B, 0x4B, 0x00, 0x08, 0x08, 0x05, 0x5D, 0x0A, 0x01, 0x05, 0x05, 0x1C,
  0x05, 0x4C, 0x00, 0x00, 0x13, 0x12, 0x11, 0x10, 0x0F, 0x0E, 0x0D, 0x0C, 0x00, 0x0B, 0x00, 0x0B,
  0x11, 0x11, 0x11, 0x11, 0x11, 0x0B, 0x07, 0x19, 0x2B, 0x35, 0x11, 0x21, 0x15, 0x33, 0x15, 0x23,
  0x15, 0x33, 0x15, 0x23, 0x15, 0x01, 0x21, 0x35, 0x21, 0x11, 0x21, 0x35, 0x21, 0x02, 0xEE, 0x7D,
  0x7D, 0x7D, 0x7D, 0xFE, 0x0C, 0x01, 0x77, 0xFE, 0x89, 0x01, 0x77, 0xFE, 0x89, 0x7D, 0x03, 0x6B,
  0x7D, 0xFA, 0x7D, 0xFA, 0x7D, 0x01, 0xF4, 0xFA, 0xFD, 0x8F, 0xFA, 0x00, 0x00, 0x01, 0x00, 0x7D,
  0x00, 0x7D, 0x03, 0x6B, 0x03, 0xE8, 0x00, 0x07, 0x00, 0x4B, 0x4B, 0xB0, 0x0A, 0x50, 0x58, 0x40,
  0x18, 0x00, 0x01, 0x02, 0x03, 0x02, 0x01, 0x70, 0x00, 0x02, 0x02, 0x00, 0x5D, 0x00, 0x00, 0x00,
  0x1B, 0x4B, 0x04, 0x01, 0x03, 0x03, 0x1C, 0x03, 0x4C, 0x1B, 0x40, 0x19, 0x00, 0x01, 0x02, 0x03,
  0x02, 0x01, 0x03, 0x7E, 0x00, 0x02, 0x02, 0x00, 0x5D, 0x00, 0x00, 0x00, 0x1B, 0x4B, 0x04, 0x01,
  0x03, 0x03, 0x1C, 0x03, 0x4C, 0x59, 0x40, 0x0C, 0x00, 0x00, 0x00, 0x07, 0x00, 0x07, 0x11, 0x11,
  0x11, 0x05, 0x07, 0x17, 0x2B, 0x37, 0x11, 0x21, 0x15, 0x23, 0x35, 0x21, 0x11, 0x7D, 0x02, 0xEE,
  0x7D, 0xFE, 0x89, 0x7D, 0x03, 0x6B, 0xFA, 0x7D, 0xFD, 0x12, 0x00, 0x00, 0x00, 0x02, 0x00, 0x7D,
  0x00, 0x7D, 0x03, 0x6B, 0x03, 0xE8, 0x00, 0x03, 0x00, 0x0F, 0x00, 0x74, 0x4B, 0xB0, 0x0A, 0x50,
  0x58, 0x40, 0x2A, 0x00, 0x06, 0x00, 0x05, 0x05, 0x06, 0x70, 0x00, 0x02, 0x03, 0x04, 0x03, 0x02,
  0x70, 0x00, 0x00, 0x00, 0x01, 0x5D, 0x00, 0x01, 0x01, 0x1B, 0x4B, 0x00, 0x03, 0x03, 0x05, 0x5D,
  0x08, 0x07, 0x02, 0x05, 0x05, 0x1D, 0x4B, 0x00, 0x04, 0x04, 0x1C, 0x04, 0x4C, 0x1B, 0x40, 0x2C,
  0x00, 0x06, 0x00, 0x05, 0x00, 0x06, 0x05, 0x7E, 0x00, 0x02, 0x03, 0x04, 0x03, 0x02, 0x04, 0x7E,
  0x00, 0x00, 0x00, 0x01, 0x5D, 0x00, 0x01, 0x01, 0x1B, 0x4B, 0x00, 0x03, 0x03, 0x05, 0x5D, 0x08,
  0x07, 0x02, 0x05, 0x05, 0x1D, 0x4B, 0x00, 0x04, 0x04, 0x1C, 0x04, 0x4C, 0x59, 0x40, 0x10, 0x04,
  0x04, 0x04, 0x0F, 0x04, 0x0F, 0x11, 0x11, 0x11, 0x11, 0x12, 0x11, 0x10, 0x09, 0x07, 0x1B, 0x2B,
  0x01, 0x23, 0x35, 0x33, 0x17, 0x15, 0x23, 0x35, 0x21, 0x11, 0x23, 0x11, 0x33, 0x35, 0x33, 0x15,
  0x02, 0x71, 0x7D, 0x7D, 0xFA, 0x7D, 0xFE, 0x89, 0xFA, 0xFA, 0x7D, 0x03, 0x6B, 0x7D, 0xFA, 0xFA,
  0x7D, 0xFE, 0x0C, 0x02, 0x71, 0x7D, 0x7D, 0x00, 0x00, 0x01, 0x00, 0x7D, 0x00, 0x7D, 0x03, 0x6B,
  0x03, 0xE8, 0x00, 0x07, 0x00, 0x1D, 0x40, 0x1A, 0x00, 0x03, 0x00, 0x01, 0x02, 0x03, 0x01, 0x66,
  0x00, 0x00, 0x00, 0x1B, 0x4B, 0x00, 0x02, 0x02, 0x1C, 0x02, 0x4C, 0x11, 0x11, 0x11, 0x10, 0x04,
  0x07, 0x18, 0x2B, 0x01, 0x33, 0x15, 0x21, 0x11, 0x23, 0x11, 0x21, 0x02, 0x71, 0xFA, 0xFE, 0x0C,
  0xFA, 0x01, 0xF4, 0x03, 0xE8, 0xFA, 0xFD, 0x8F, 0x02, 0xEE, 0x00, 0x00, 0x00, 0x02, 0x00, 0x00,
  0x00, 0x00, 0x03, 0xE8, 0x03, 0xE8, 0x00, 0x0D, 0x00, 0x11, 0x00, 0x43, 0x40, 0x40, 0x00, 0x01,
  0x08, 0x00, 0x08, 0x01, 0x00, 0x7E, 0x00, 0x08, 0x08, 0x02, 0x5D, 0x00, 0x02, 0x02, 0x1B, 0x4B,
  0x07, 0x03, 0x02, 0x00, 0x00, 0x05, 0x5E, 0x00, 0x05, 0x05, 0x1C, 0x4B, 0x07, 0x03, 0x02, 0x00,
  0x00, 0x04, 0x5E, 0x09, 0x06, 0x02, 0x04, 0x04, 0x1F, 0x04, 0x4C, 0x00, 0x00, 0x11, 0x10, 0x0F,
  0x0E, 0x00, 0x0D, 0x00, 0x0D, 0x11, 0x11, 0x11, 0x11, 0x11, 0x11, 0x0A, 0x07, 0x1A, 0x2B, 0x31,
  0x35, 0x33, 0x35, 0x33, 0x11, 0x21, 0x11, 0x33, 0x15, 0x23, 0x35, 0x21, 0x15, 0x37, 0x33, 0x11,
  0x23, 0x7D, 0x7D, 0x02, 0x71, 0x7D, 0xFA, 0xFE, 0x0C, 0x7D, 0xFA, 0xFA, 0xFA, 0xFA, 0x01, 0xF4,
  0xFD, 0x12, 0xFA, 0x7D, 0x7D, 0xFA, 0x02, 0x71, 0x00, 0x01, 0x00, 0x00, 0x00, 0x7D, 0x03, 0x6B,
  0x03, 0xE8, 0x00, 0x0B, 0x00, 0x2F, 0x40, 0x2C, 0x00, 0x02, 0x00, 0x03, 0x04, 0x02, 0x03, 0x65,
  0x00, 0x01, 0x01, 0x00, 0x5D, 0x00, 0x00, 0x00, 0x1B, 0x4B, 0x00, 0x04, 0x04, 0x05, 0x5D, 0x06,
  0x01, 0x05, 0x05, 0x1C, 0x05, 0x4C, 0x00, 0x00, 0x00, 0x0B, 0x00, 0x0B, 0x11, 0x11, 0x11, 0x11,
  0x11, 0x07, 0x07, 0x19, 0x2B, 0x35, 0x11, 0x21, 0x15, 0x21, 0x15, 0x21, 0x15, 0x21, 0x15, 0x21,
  0x15, 0x03, 0x6B, 0xFD, 0x8F, 0x01, 0xF4, 0xFE, 0x0C, 0x02, 0x71, 0x7D, 0x03, 0x6B, 0x7D, 0xFA,
  0x7D, 0xFA, 0x7D, 0x00, 0x00, 0x02, 0x00, 0x00, 0x00, 0x7D, 0x03, 0x6B, 0x03, 0xE8, 0x00, 0x03,
  0x00, 0x13, 0x00, 0x8F, 0x4B, 0xB0, 0x0A, 0x50, 0x58, 0x40, 0x31, 0x00, 0x08, 0x00, 0x07, 0x07,
  0x08, 0x70, 0x00, 0x03, 0x00, 0x04, 0x05, 0x03, 0x04, 0x65, 0x00, 0x00, 0x00, 0x01, 0x5D, 0x0A,
  0x01, 0x01, 0x01, 0x1B, 0x4B, 0x00, 0x02, 0x02, 0x07, 0x5D, 0x0B, 0x09, 0x02, 0x07, 0x07, 0x1D,
  0x4B, 0x00, 0x05, 0x05, 0x06, 0x5D, 0x00, 0x06, 0x06, 0x1C, 0x06, 0x4C, 0x1B, 0x40, 0x32, 0x00,
  0x08, 0x00, 0x07, 0x00, 0x08, 0x07, 0x7E, 0x00, 0x03, 0x00, 0x04, 0x05, 0x03, 0x04, 0x65, 0x00,
  0x00, 0x00, 0x01, 0x5D, 0x0A, 0x01, 0x01, 0x01, 0x1B, 0x4B, 0x00, 0x02, 0x02, 0x07, 0x5D, 0x0B,
  0x09, 0x02, 0x07, 0x07, 0x1D, 0x4B, 0x00, 0x05, 0x05, 0x06, 0x5D, 0x00, 0x06, 0x06, 0x1C, 0x06,
  0x4C, 0x59, 0x40, 0x1E, 0x04, 0x04, 0x00, 0x00, 0x04, 0x13, 0x04, 0x13, 0x12, 0x11, 0x10, 0x0F,
  0x0E, 0x0D, 0x0C, 0x0B, 0x0A, 0x09, 0x08, 0x07, 0x06, 0x05, 0x00, 0x03, 0x00, 0x03, 0x11, 0x0C,
  0x07, 0x15, 0x2B, 0x01, 0x15, 0x23, 0x35, 0x05, 0x15, 0x21, 0x15, 0x21, 0x15, 0x21, 0x15, 0x21,
  0x15, 0x21, 0x11, 0x21, 0x35, 0x33, 0x15, 0x01, 0x77, 0x7D, 0x02, 0x71, 0xFD, 0x8F, 0x01, 0xF4,
  0xFE, 0x0C, 0x02, 0x71, 0xFC, 0x95, 0x01, 0x77, 0x7D, 0x03, 0xE8, 0x7D, 0x7D, 0xFA, 0x7D, 0x7D,
  0x7D, 0x7D, 0x7D, 0x02, 0x71, 0x7D, 0x7D, 0x00, 0x00, 0x03, 0x00, 0x00, 0x00, 0x7D, 0x03, 0x6B,
  0x03, 0xE8, 0x00, 0x03, 0x00, 0x07, 0x00, 0x13, 0x00, 0x51, 0x40, 0x4E, 0x00, 0x06, 0x00, 0x07,
  0x08, 0x06, 0x07, 0x65, 0x0B, 0x03, 0x0A, 0x03, 0x01, 0x01, 0x00, 0x5D, 0x02, 0x01, 0x00, 0x00,
  0x1B, 0x4B, 0x00, 0x05, 0x05, 0x04, 0x5D, 0x00, 0x04, 0x04, 0x1D, 0x4B, 0x00, 0x08, 0x08, 0x09,
  0x5D, 0x0C, 0x01, 0x09, 0x09, 0x1C, 0x09, 0x4C, 0x08, 0x08, 0x04, 0x04, 0x00, 0x00, 0x08, 0x13,
  0x08, 0x13, 0x12, 0x11, 0x10, 0x0F, 0x0E, 0x0D, 0x0C, 0x0B, 0x0A, 0x09, 0x04, 0x07, 0x04, 0x07,
  0x06, 0x05, 0x00, 0x03, 0x00, 0x03, 0x11, 0x0D, 0x07, 0x15, 0x2B, 0x13, 0x35, 0x33, 0x15, 0x33,
  0x35, 0x33, 0x15, 0x01, 0x11, 0x21, 0x15, 0x21, 0x15, 0x21, 0x15, 0x21, 0x15, 0x21, 0x15, 0x7D,
  0xFA, 0x7D, 0xFA, 0xFD, 0x12, 0x03, 0x6B, 0xFD, 0x8F, 0x01, 0xF4, 0xFE, 0x0C, 0x02, 0x71, 0x03,
  0x6B, 0x7D, 0x7D, 0x7D, 0x7D, 0xFD, 0x12, 0x02, 0x71, 0x7D, 0x7D, 0x7D, 0x7D, 0x7D, 0x00, 0x00,
  0x00, 0x05, 0x00, 0x00, 0x00, 0x7D, 0x03, 0x6B, 0x03, 0xE8, 0x00, 0x05, 0x00, 0x11, 0x00, 0x17,
  0x00, 0x1D, 0x00, 0x23, 0x00, 0xB1, 0x4B, 0xB0, 0x0A, 0x50, 0x58, 0x40, 0x38, 0x0A, 0x01, 0x00,
  0x01, 0x03, 0x01, 0x00, 0x70, 0x0F, 0x01, 0x0C, 0x04, 0x0E, 0x0E, 0x0C, 0x70, 0x07, 0x01, 0x03,
  0x06, 0x01, 0x04, 0x0C, 0x03, 0x04, 0x65, 0x09, 0x01, 0x01, 0x01, 0x02, 0x5D, 0x13, 0x0B, 0x08,
  0x12, 0x04, 0x02, 0x02, 0x1B, 0x4B, 0x10, 0x01, 0x0E, 0x0E, 0x05, 0x5E, 0x14, 0x11, 0x0D, 0x03,
  0x05, 0x05, 0x1C, 0x05, 0x4C, 0x1B, 0x40, 0x3A, 0x0A, 0x01, 0x00, 0x01, 0x03, 0x01, 0x00, 0x03,
  0x7E, 0x0F, 0x01, 0x0C, 0x04, 0x0E, 0x04, 0x0C, 0x0E, 0x7E, 0x07, 0x01, 0x03, 0x06, 0x01, 0x04,
  0x0C, 0x03, 0x04, 0x65, 0x09, 0x01, 0x01, 0x01, 0x02, 0x5D, 0x13, 0x0B, 0x08, 0x12, 0x04, 0x02,
  0x02, 0x1B, 0x4B, 0x10, 0x01, 0x0E, 0x0E, 0x05, 0x5E, 0x14, 0x11, 0x0D, 0x03, 0x05, 0x05, 0x1C,
  0x05, 0x4C, 0x59, 0x40, 0x31, 0x1E, 0x1E, 0x12, 0x12, 0x00, 0x00, 0x1E, 0x23, 0x1E, 0x23, 0x22,
  0x21, 0x20, 0x1F, 0x1D, 0x1C, 0x1B, 0x1A, 0x19, 0x18, 0x12, 0x17, 0x12, 0x17, 0x16, 0x15, 0x14,
  0x13, 0x11, 0x10, 0x0F, 0x0E, 0x0D, 0x0C, 0x0B, 0x0A, 0x09, 0x08, 0x07, 0x06, 0x00, 0x05, 0x00,
  0x05, 0x11, 0x11, 0x15, 0x07, 0x16, 0x2B, 0x13, 0x11, 0x23, 0x35, 0x23, 0x35, 0x01, 0x33, 0x15,
  0x23, 0x11, 0x23, 0x11, 0x23, 0x35, 0x33, 0x11, 0x33, 0x21, 0x15, 0x23, 0x15, 0x23, 0x11, 0x01,
  0x33, 0x11, 0x23, 0x35, 0x33, 0x05, 0x11, 0x33, 0x15, 0x33, 0x15, 0xFA, 0x7D, 0x7D, 0x01, 0xF4,
  0x7D, 0x7D, 0x7D, 0x7D, 0x7D, 0x7D, 0x01, 0x77, 0x7D, 0x7D, 0xFE, 0x0C, 0x7D, 0xFA, 0x7D, 0x01,
  0xF4, 0x7D, 0x7D, 0x03, 0xE8, 0xFE, 0x89, 0x7D, 0xFA, 0xFE, 0x89, 0x7D, 0xFE, 0x89, 0x01, 0x77,
  0x7D, 0x01, 0x77, 0xFA, 0x7D, 0x01, 0x77, 0xFE, 0x0C, 0xFE, 0x89, 0xFA, 0xFA, 0x01, 0x77, 0x7D,
  0xFA, 0x00, 0x00, 0x00, 0x00, 0x01, 0x00, 0x00, 0x00, 0x7D, 0x03, 0x6B, 0x03, 0xE8, 0x00, 0x1B,
  0x00, 0x59, 0x40, 0x56, 0x00, 0x06, 0x0A, 0x07, 0x06, 0x55, 0x09, 0x01, 0x07, 0x00, 0x0A, 0x04,
  0x07, 0x0A, 0x65, 0x00, 0x04, 0x00, 0x03, 0x0B, 0x04, 0x03, 0x65, 0x00, 0x0B, 0x01, 0x00, 0x0B,
  0x55, 0x00, 0x01, 0x0C, 0x01, 0x00, 0x02, 0x01, 0x00, 0x65, 0x00, 0x05, 0x05, 0x08, 0x5D, 0x00,
  0x08, 0x08, 0x1B, 0x4B, 0x00, 0x02, 0x02, 0x0D, 0x5D, 0x0E, 0x01, 0x0D, 0x0D, 0x1C, 0x0D, 0x4C,
  0x00, 0x00, 0x00, 0x1B, 0x00, 0x1B, 0x1A, 0x19, 0x18, 0x17, 0x16, 0x15, 0x14, 0x13, 0x11, 0x11,
  0x11, 0x11, 0x11, 0x11, 0x11, 0x11, 0x11, 0x0F, 0x07, 0x1D, 0x2B, 0x37, 0x35, 0x23, 0x35, 0x33,
  0x15, 0x21, 0x35, 0x21, 0x35, 0x21, 0x35, 0x21, 0x15, 0x23, 0x35, 0x33, 0x35, 0x21, 0x15, 0x33,
  0x15, 0x23, 0x15, 0x33, 0x15, 0x23, 0x15, 0x7D, 0x7D, 0xFA, 0x01, 0x77, 0xFE, 0x89, 0x01, 0x77,
  0xFE, 0x89, 0xFA, 0x7D, 0x02, 0x71, 0x7D, 0x7D, 0x7D, 0x7D, 0x7D, 0x7D, 0x7D, 0x7D, 0xFA, 0x7D,
  0xFA, 0x7D, 0x7D, 0x7D, 0x7D, 0xFA, 0x7D, 0xFA, 0x7D, 0x00, 0x00, 0x00, 0x00, 0x01, 0x00, 0x00,
  0x00, 0x7D, 0x03, 0x6B, 0x03, 0xE8, 0x00, 0x13, 0x00, 0x3D, 0x40, 0x3A, 0x00, 0x02, 0x00, 0x07,
  0x08, 0x02, 0x07, 0x65, 0x00, 0x01, 0x00, 0x08, 0x05, 0x01, 0x08, 0x65, 0x04, 0x01, 0x00, 0x00,
  0x1B, 0x4B, 0x00, 0x06, 0x06, 0x03, 0x5D, 0x00, 0x03, 0x03, 0x1D, 0x4B, 0x0A, 0x09, 0x02, 0x05,
  0x05, 0x1C, 0x05, 0x4C, 0x00, 0x00, 0x00, 0x13, 0x00, 0x13, 0x11, 0x11, 0x11, 0x11, 0x11, 0x11,
  0x11, 0x11, 0x11, 0x0B, 0x07, 0x1D, 0x2B, 0x35, 0x11, 0x33, 0x11, 0x33, 0x35, 0x33, 0x35, 0x33,
  0x35, 0x33, 0x11, 0x23, 0x11, 0x23, 0x15, 0x23, 0x15, 0x23, 0x15, 0xFA, 0x7D, 0x7D, 0x7D, 0xFA,
  0xFA, 0x7D, 0x7D, 0x7D, 0x7D, 0x03, 0x6B, 0xFE, 0x0C, 0x7D, 0x7D, 0xFA, 0xFC, 0x95, 0x01, 0x77,
  0x7D, 0x7D, 0x7D, 0x00, 0x00, 0x02, 0x00, 0x00, 0x00, 0x7D, 0x03, 0x6B, 0x03, 0xE8, 0x00, 0x03,
  0x00, 0x15, 0x00, 0x51, 0x40, 0x4E, 0x00, 0x05, 0x00, 0x08, 0x03, 0x05, 0x08, 0x65, 0x00, 0x04,
  0x00, 0x09, 0x07, 0x04, 0x09, 0x65, 0x0B, 0x01, 0x01, 0x01, 0x00, 0x5D, 0x00, 0x00, 0x00, 0x1B,
  0x4B, 0x06, 0x01, 0x02, 0x02, 0x1D, 0x4B, 0x00, 0x03, 0x03, 0x07, 0x5E, 0x0C, 0x0A, 0x02, 0x07,
  0x07, 0x1C, 0x07, 0x4C, 0x04, 0x04, 0x00, 0x00, 0x04, 0x15, 0x04, 0x15, 0x14, 0x13, 0x12, 0x11,
  0x10, 0x0F, 0x0E, 0x0D, 0x0C, 0x0B, 0x0A, 0x09, 0x08, 0x07, 0x06, 0x05, 0x00, 0x03, 0x00, 0x03,
  0x11, 0x0D, 0x07, 0x15, 0x2B, 0x13, 0x35, 0x21, 0x15, 0x01, 0x11, 0x33, 0x11, 0x33, 0x35, 0x33,
  0x35, 0x33, 0x35, 0x33, 0x11, 0x23, 0x35, 0x23, 0x15, 0x23, 0x15, 0x7D, 0x02, 0x71, 0xFD, 0x12,
  0xFA, 0x7D, 0x7D, 0x7D, 0xFA, 0xFA, 0x7D, 0x7D, 0x03, 0x6B, 0x7D, 0x7D, 0xFD, 0x12, 0x02, 0x71,
  0xFE, 0x89, 0x7D, 0x7D, 0x7D, 0xFD, 0x8F, 0xFA, 0x7D, 0x7D, 0x00, 0x00, 0x00, 0x03, 0x00, 0x00,
  0x00, 0x7D, 0x03, 0x6B, 0x03, 0xE8, 0x00, 0x03, 0x00, 0x07, 0x00, 0x19, 0x00, 0x5B, 0x40, 0x58,
  0x00, 0x02, 0x0D, 0x01, 0x03, 0x08, 0x02, 0x03, 0x65, 0x00, 0x0B, 0x00, 0x05, 0x09, 0x0B, 0x05,
  0x65, 0x00, 0x0A, 0x00, 0x06, 0x04, 0x0A, 0x06, 0x65, 0x00, 0x00, 0x00, 0x01, 0x5D, 0x00, 0x01,
  0x01, 0x1B, 0x4B, 0x0E, 0x0C, 0x02, 0x08, 0x08, 0x1D, 0x4B, 0x00, 0x09, 0x09, 0x04, 0x5E, 0x07,
  0x01, 0x04, 0x04, 0x1C, 0x04, 0x4C, 0x08, 0x08, 0x04, 0x04, 0x08, 0x19, 0x08, 0x19, 0x18, 0x17,
  0x16, 0x15, 0x14, 0x13, 0x12, 0x11, 0x10, 0x0F, 0x0E, 0x0D, 0x0C, 0x0B, 0x0A, 0x09, 0x04, 0x07,
  0x04, 0x07, 0x12, 0x11, 0x10, 0x0F, 0x07, 0x17, 0x2B, 0x01, 0x23, 0x35, 0x33, 0x15, 0x35, 0x33,
  0x15, 0x21, 0x11, 0x23, 0x35, 0x23, 0x15, 0x23, 0x15, 0x21, 0x11, 0x33, 0x11, 0x33, 0x35, 0x33,
  0x35, 0x33, 0x35, 0x01, 0x77, 0x7D, 0x7D, 0x7D, 0x01, 0x77, 0xFA, 0x7D, 0x7D, 0xFE, 0x89, 0xFA,
  0x7D, 0x7D, 0x7D, 0x03, 0x6B, 0x7D, 0xFA, 0x7D, 0x7D, 0xFD, 0x8F, 0xFA, 0x7D, 0x7D, 0x02, 0x71,
  0xFE, 0x89, 0x7D, 0x7D, 0x7D, 0x00, 0x00, 0x00, 0x00, 0x02, 0x00, 0x00, 0x00, 0x7D, 0x03, 0x6B,
  0x03, 0xE8, 0x00, 0x13, 0x00, 0x1B, 0x00, 0x59, 0x40, 0x56, 0x00, 0x02, 0x06, 0x05, 0x06, 0x02,
  0x05, 0x7E, 0x00, 0x0C, 0x00, 0x0B, 0x00, 0x0C, 0x0B, 0x65, 0x00, 0x06, 0x02, 0x01, 0x06, 0x56,
  0x09, 0x01, 0x01, 0x00, 0x05, 0x03, 0x01, 0x05, 0x66, 0x00, 0x0A, 0x0A, 0x08, 0x5D, 0x0E, 0x0D,
  0x02, 0x08, 0x08, 0x1B, 0x4B, 0x00, 0x00, 0x00, 0x1D, 0x4B, 0x00, 0x03, 0x03, 0x04, 0x5E, 0x07,
  0x01, 0x04, 0x04, 0x1C, 0x04, 0x4C, 0x14, 0x14, 0x14, 0x1B, 0x14, 0x1B, 0x1A, 0x19, 0x18, 0x17,
  0x16, 0x15, 0x13, 0x12, 0x11, 0x11, 0x11, 0x11, 0x11, 0x11, 0x11, 0x11, 0x10, 0x0F, 0x07, 0x1D,
  0x2B, 0x01, 0x33, 0x15, 0x33, 0x15, 0x33, 0x15, 0x33, 0x15, 0x23, 0x35, 0x23, 0x35, 0x23, 0x11,
  0x23, 0x11, 0x33, 0x11, 0x33, 0x01, 0x15, 0x23, 0x15, 0x23, 0x35, 0x33, 0x35, 0x01, 0x77, 0x7D,
  0x7D, 0x7D, 0x7D, 0xFA, 0x7D, 0xFA, 0xFA, 0xFA, 0x7D, 0x01, 0xF4, 0x7D, 0xFA, 0x7D, 0x02, 0xEE,
  0x7D, 0x7D, 0xFA, 0x7D, 0x7D, 0xFA, 0xFE, 0x89, 0x03, 0x6B, 0xFE, 0x89, 0x01, 0x77, 0x7D, 0x7D,
  0x7D, 0x7D, 0x00, 0x00, 0x00, 0x04, 0x00, 0x00, 0x00, 0x7D, 0x03, 0x6B, 0x03, 0xE8, 0x00, 0x03,
  0x00, 0x07, 0x00, 0x17, 0x00, 0x1B, 0x00, 0x9D, 0x4B, 0xB0, 0x0A, 0x50, 0x58, 0x40, 0x3A, 0x00,
  0x04, 0x0C, 0x05, 0x05, 0x04, 0x70, 0x00, 0x03, 0x00, 0x02, 0x0A, 0x03, 0x02, 0x65, 0x0B, 0x01,
  0x05, 0x00, 0x08, 0x06, 0x05, 0x08, 0x66, 0x00, 0x00, 0x00, 0x01, 0x5D, 0x00, 0x01, 0x01, 0x1B,
  0x4B, 0x00, 0x0C, 0x0C, 0x0A, 0x5D, 0x0E, 0x0D, 0x02, 0x0A, 0x0A, 0x1D, 0x4B, 0x00, 0x06, 0x06,
  0x07, 0x5E, 0x09, 0x01, 0x07, 0x07, 0x1C, 0x07, 0x4C, 0x1B, 0x40, 0x3B, 0x00, 0x04, 0x0C, 0x05,
  0x0C, 0x04, 0x05, 0x7E, 0x00, 0x03, 0x00, 0x02, 0x0A, 0x03, 0x02, 0x65, 0x0B, 0x01, 0x05, 0x00,
  0x08, 0x06, 0x05, 0x08, 0x66, 0x00, 0x00, 0x00, 0x01, 0x5D, 0x00, 0x01, 0x01, 0x1B, 0x4B, 0x00,
  0x0C, 0x0C, 0x0A, 0x5D, 0x0E, 0x0D, 0x02, 0x0A, 0x0A, 0x1D, 0x4B, 0x00, 0x06, 0x06, 0x07, 0x5E,
  0x09, 0x01, 0x07, 0x07, 0x1C, 0x07, 0x4C, 0x59, 0x40, 0x1A, 0x18, 0x18, 0x18, 0x1B, 0x18, 0x1B,
  0x1A, 0x19, 0x17, 0x16, 0x15, 0x14, 0x13, 0x12, 0x11, 0x11, 0x11, 0x11, 0x11, 0x11, 0x11, 0x11,
  0x10, 0x0F, 0x07, 0x1D, 0x2B, 0x01, 0x23, 0x35, 0x33, 0x07, 0x23, 0x35, 0x33, 0x15, 0x33, 0x15,
  0x33, 0x15, 0x33, 0x15, 0x23, 0x35, 0x21, 0x15, 0x23, 0x11, 0x33, 0x15, 0x33, 0x25, 0x15, 0x23,
  0x35, 0x02, 0x71, 0x7D, 0x7D, 0x7D, 0x7D, 0x7D, 0x7D, 0x7D, 0x7D, 0xFA, 0xFE, 0x89, 0xFA, 0xFA,
  0xFA, 0x01, 0x77, 0xFA, 0x03, 0x6B, 0x7D, 0xFA, 0x7D, 0xFA, 0x7D, 0x7D, 0xFA, 0xFA, 0xFA, 0x02,
  0x71, 0xFA, 0xFA, 0x7D, 0x7D, 0x00, 0x00, 0x00, 0x00, 0x01, 0x00, 0x00, 0x00, 0x7D, 0x03, 0x6B,
  0x03, 0xE8, 0x00, 0x0D, 0x00, 0x6A, 0x4B, 0xB0, 0x0A, 0x50, 0x58, 0x40, 0x26, 0x00, 0x01, 0x04,
  0x00, 0x00, 0x01, 0x70, 0x00, 0x05, 0x00, 0x03, 0x00, 0x05, 0x03, 0x7E, 0x00, 0x04, 0x04, 0x02,
  0x5D, 0x00, 0x02, 0x02, 0x1B, 0x4B, 0x00, 0x00, 0x00, 0x03, 0x5E, 0x07, 0x06, 0x02, 0x03, 0x03,
  0x1C, 0x03, 0x4C, 0x1B, 0x40, 0x27, 0x00, 0x01, 0x04, 0x00, 0x04, 0x01, 0x00, 0x7E, 0x00, 0x05,
  0x00, 0x03, 0x00, 0x05, 0x03, 0x7E, 0x00, 0x04, 0x04, 0x02, 0x5D, 0x00, 0x02, 0x02, 0x1B, 0x4B,
  0x00, 0x00, 0x00, 0x03, 0x5E, 0x07, 0x06, 0x02, 0x03, 0x03, 0x1C, 0x03, 0x4C, 0x59, 0x40, 0x0F,
  0x00, 0x00, 0x00, 0x0D, 0x00, 0x0D, 0x11, 0x11, 0x11, 0x11, 0x11, 0x11, 0x08, 0x07, 0x1A, 0x2B,
  0x35, 0x35, 0x33, 0x35, 0x33, 0x11, 0x21, 0x11, 0x23, 0x11, 0x23, 0x11, 0x23, 0x15, 0x7D, 0x7D,
  0x02, 0x71, 0xFA, 0xFA, 0x7D, 0x7D, 0xFA, 0x7D, 0x01, 0xF4, 0xFC, 0x95, 0x02, 0xEE, 0xFD, 0x8F,
  0x7D, 0x00, 0x00, 0x00, 0x00, 0x01, 0x00, 0x00, 0x00, 0x7D, 0x03, 0x6B, 0x03, 0xE8, 0x00, 0x13,
  0x00, 0x37, 0x40, 0x34, 0x03, 0x01, 0x01, 0x08, 0x01, 0x06, 0x07, 0x01, 0x06, 0x65, 0x04, 0x01,
  0x00, 0x00, 0x1B, 0x4B, 0x00, 0x07, 0x07, 0x02, 0x5D, 0x00, 0x02, 0x02, 0x1D, 0x4B, 0x0A, 0x09,
  0x02, 0x05, 0x05, 0x1C, 0x05, 0x4C, 0x00, 0x00, 0x00, 0x13, 0x00, 0x13, 0x11, 0x11, 0x11, 0x11,
  0x11, 0x11, 0x11, 0x11, 0x11, 0x0B, 0x07, 0x1D, 0x2B, 0x35, 0x11, 0x33, 0x15, 0x33, 0x15, 0x33,
  0x35, 0x33, 0x35, 0x33, 0x11, 0x23, 0x11, 0x23, 0x15, 0x23, 0x35, 0x23, 0x11, 0xFA, 0x7D, 0x7D,
  0x7D, 0xFA, 0xFA, 0x7D, 0x7D, 0x7D, 0x7D, 0x03, 0x6B, 0x7D, 0x7D, 0x7D, 0x7D, 0xFC, 0x95, 0x01,
  0xF4, 0xFA, 0xFA, 0xFE, 0x0C, 0x00, 0x00, 0x00, 0x00, 0x01, 0x00, 0x00, 0x00, 0x7D, 0x03, 0x6B,
  0x03, 0xE8, 0x00, 0x0B, 0x00, 0x27, 0x40, 0x24, 0x00, 0x01, 0x00, 0x04, 0x03, 0x01, 0x04, 0x65,
  0x02, 0x01, 0x00, 0x00, 0x1B, 0x4B, 0x06, 0x05, 0x02, 0x03, 0x03, 0x1C, 0x03, 0x4C, 0x00, 0x00,
  0x00, 0x0B, 0x00, 0x0B, 0x11, 0x11, 0x11, 0x11, 0x11, 0x07, 0x07, 0x19, 0x2B, 0x35, 0x11, 0x33,
  0x11, 0x21, 0x11, 0x33, 0x11, 0x23, 0x11, 0x21, 0x11, 0xFA, 0x01, 0x77, 0xFA, 0xFA, 0xFE, 0x89,
  0x7D, 0x03, 0x6B, 0xFE, 0x89, 0x01, 0x77, 0xFC, 0x95, 0x01, 0x77, 0xFE, 0x89, 0x00, 0x00, 0x00,
  0x00, 0x02, 0x00, 0x00, 0x00, 0x7D, 0x03, 0x6B, 0x03, 0xE8, 0x00, 0x0B, 0x00, 0x0F, 0x00, 0x35,
  0x40, 0x32, 0x03, 0x01, 0x01, 0x04, 0x01, 0x00, 0x06, 0x01, 0x00, 0x65, 0x00, 0x07, 0x07, 0x02,
  0x5D, 0x00, 0x02, 0x02, 0x1B, 0x4B, 0x00, 0x06, 0x06, 0x05, 0x5D, 0x08, 0x01, 0x05, 0x05, 0x1C,
  0x05, 0x4C, 0x00, 0x00, 0x0F, 0x0E, 0x0D, 0x0C, 0x00, 0x0B, 0x00, 0x0B, 0x11, 0x11, 0x11, 0x11,
  0x11, 0x09, 0x07, 0x19, 0x2B, 0x37, 0x35, 0x23, 0x11, 0x33, 0x35, 0x21, 0x15, 0x33, 0x11, 0x23,
  0x15, 0x25, 0x21, 0x11, 0x21, 0x7D, 0x7D, 0x7D, 0x02, 0x71, 0x7D, 0x7D, 0xFE, 0x0C, 0x01, 0x77,
  0xFE, 0x89, 0x7D, 0x7D, 0x02, 0x71, 0x7D, 0x7D, 0xFD, 0x8F, 0x7D, 0x7D, 0x02, 0x71, 0x00, 0x00,
  0x00, 0x01, 0x00, 0x00, 0x00, 0x7D, 0x03, 0x6B, 0x03, 0xE8, 0x00, 0x07, 0x00, 0x21, 0x40, 0x1E,
  0x00, 0x02, 0x02, 0x00, 0x5D, 0x00, 0x00, 0x00, 0x1B, 0x4B, 0x04, 0x03, 0x02, 0x01, 0x01, 0x1C,
  0x01, 0x4C, 0x00, 0x00, 0x00, 0x07, 0x00, 0x07, 0x11, 0x11, 0x11, 0x05, 0x07, 0x17, 0x2B, 0x35,
  0x11, 0x21, 0x11, 0x23, 0x11, 0x21, 0x11, 0x03, 0x6B, 0xFA, 0xFE, 0x89, 0x7D, 0x03, 0x6B, 0xFC,
  0x95, 0x02, 0xEE, 0xFD, 0x12, 0x00, 0x00, 0x00, 0x00, 0x02, 0x00, 0x00, 0x00, 0x7D, 0x03, 0x6B,
  0x03, 0xE8, 0x00, 0x09, 0x00, 0x0D, 0x00, 0x35, 0x40, 0x32, 0x00, 0x01, 0x00, 0x02, 0x05, 0x01,
  0x02, 0x65, 0x00, 0x05, 0x00, 0x03, 0x04, 0x05, 0x03, 0x65, 0x00, 0x06, 0x06, 0x00, 0x5D, 0x00,
  0x00, 0x00, 0x1B, 0x4B, 0x07, 0x01, 0x04, 0x04, 0x1C, 0x04, 0x4C, 0x00, 0x00, 0x0D, 0x0C, 0x0B,
  0x0A, 0x00, 0x09, 0x00, 0x09, 0x11, 0x11, 0x11, 0x11, 0x08, 0x07, 0x18, 0x2B, 0x35, 0x11, 0x21,
  0x15, 0x33, 0x11, 0x23, 0x15, 0x21, 0x15, 0x11, 0x21, 0x11, 0x21, 0x02, 0xEE, 0x7D, 0x7D, 0xFE,
  0x0C, 0x01, 0x77, 0xFE, 0x89, 0x7D, 0x03, 0x6B, 0x7D, 0xFE, 0x89, 0x7D, 0xFA, 0x01, 0x77, 0x01,
  0x77, 0x00, 0x00, 0x00, 0x00, 0x01, 0x00, 0x00, 0x00, 0x7D, 0x03, 0x6B, 0x03, 0xE8, 0x00, 0x1B,
  0x00, 0x51, 0x40, 0x4E, 0x05, 0x01, 0x03, 0x08, 0x01, 0x06, 0x02, 0x03, 0x06, 0x65, 0x0B, 0x01,
  0x09, 0x0C, 0x01, 0x00, 0x0A, 0x09, 0x00, 0x65, 0x00, 0x07, 0x07, 0x04, 0x5D, 0x00, 0x04, 0x04,
  0x1B, 0x4B, 0x00, 0x01, 0x01, 0x02, 0x5D, 0x00, 0x02, 0x02, 0x1D, 0x4B, 0x00, 0x0A, 0x0A, 0x0D,
  0x5E, 0x0E, 0x01, 0x0D, 0x0D, 0x1C, 0x0D, 0x4C, 0x00, 0x00, 0x00, 0x1B, 0x00, 0x1B, 0x1A, 0x19,
  0x18, 0x17, 0x16, 0x15, 0x14, 0x13, 0x11, 0x11, 0x11, 0x11, 0x11, 0x11, 0x11, 0x11, 0x11, 0x0F,
  0x07, 0x1D, 0x2B, 0x37, 0x35, 0x23, 0x35, 0x23, 0x11, 0x33, 0x35, 0x33, 0x35, 0x21, 0x15, 0x33,
  0x15, 0x23, 0x35, 0x23, 0x15, 0x23, 0x11, 0x33, 0x15, 0x33, 0x35, 0x33, 0x15, 0x23, 0x15, 0xFA,
  0x7D, 0x7D, 0x7D, 0x7D, 0x01, 0xF4, 0x7D, 0xFA, 0xFA, 0x7D, 0x7D, 0xFA, 0xFA, 0x7D, 0x7D, 0x7D,
  0x7D, 0x01, 0x77, 0x7D, 0x7D, 0x7D, 0x7D, 0x7D, 0x7D, 0xFE, 0x89, 0x7D, 0x7D, 0x7D, 0x7D, 0x00,
  0x00, 0x01, 0x00, 0x7D, 0x00, 0x7D, 0x03, 0x6B, 0x03, 0xE8, 0x00, 0x07, 0x00, 0x21, 0x40, 0x1E,
  0x02, 0x01, 0x00, 0x00, 0x01, 0x5D, 0x00, 0x01, 0x01, 0x1B, 0x4B, 0x04, 0x01, 0x03, 0x03, 0x1C,
  0x03, 0x4C, 0x00, 0x00, 0x00, 0x07, 0x00, 0x07, 0x11, 0x11, 0x11, 0x05, 0x07, 0x17, 0x2B, 0x25,
  0x11, 0x23, 0x35, 0x21, 0x15, 0x23, 0x11, 0x01, 0x77, 0xFA, 0x02, 0xEE, 0xFA, 0x7D, 0x02, 0xEE,
  0x7D, 0x7D, 0xFD, 0x12, 0x00, 0x01, 0x00, 0x00, 0x00, 0x7D, 0x03, 0x6B, 0x03, 0xE8, 0x00, 0x13,
  0x00, 0x3D, 0x40, 0x3A, 0x00, 0x06, 0x00, 0x03, 0x01, 0x06, 0x03, 0x65, 0x00, 0x01, 0x08, 0x01,
  0x00, 0x02, 0x01, 0x00, 0x65, 0x00, 0x04, 0x04, 0x05, 0x5D, 0x07, 0x01, 0x05, 0x05, 0x1B, 0x4B,
  0x00, 0x02, 0x02, 0x09, 0x5D, 0x0A, 0x01, 0x09, 0x09, 0x1C, 0x09, 0x4C, 0x00, 0x00, 0x00, 0x13,
  0x00, 0x13, 0x11, 0x11, 0x11, 0x11, 0x11, 0x11, 0x11, 0x11, 0x11, 0x0B, 0x07, 0x1D, 0x2B, 0x37,
  0x35, 0x23, 0x35, 0x33, 0x15, 0x21, 0x35, 0x21, 0x35, 0x23, 0x11, 0x33, 0x11, 0x21, 0x11, 0x33,
  0x11, 0x23, 0x15, 0x7D, 0x7D, 0xFA, 0x01, 0x77, 0xFE, 0x0C, 0x7D, 0xFA, 0x01, 0x77, 0xFA, 0x7D,
  0x7D, 0x7D, 0x7D, 0x7D, 0xFA, 0x7D, 0x01, 0x77, 0xFE, 0x89, 0x01, 0x77, 0xFD, 0x12, 0x7D, 0x00,
  0x00, 0x02, 0x00, 0x00, 0x00, 0x00, 0x03, 0x6B, 0x03, 0xE8, 0x00, 0x03, 0x00, 0x13, 0x00, 0x50,
  0x40, 0x4D, 0x00, 0x06, 0x00, 0x03, 0x08, 0x06, 0x03, 0x65, 0x0A, 0x01, 0x01, 0x01, 0x00, 0x5D,
  0x00, 0x00, 0x00, 0x1B, 0x4B, 0x00, 0x04, 0x04, 0x05, 0x5D, 0x07, 0x01, 0x05, 0x05, 0x1D, 0x4B,
  0x00, 0x08, 0x08, 0x1C, 0x4B, 0x00, 0x02, 0x02, 0x09, 0x5D, 0x0B, 0x01, 0x09, 0x09, 0x1F, 0x09,
  0x4C, 0x04, 0x04, 0x00, 0x00, 0x04, 0x13, 0x04, 0x13, 0x12, 0x11, 0x10, 0x0F, 0x0E, 0x0D, 0x0C,
  0x0B, 0x0A, 0x09, 0x08, 0x07, 0x06, 0x05, 0x00, 0x03, 0x00, 0x03, 0x11, 0x0C, 0x07, 0x15, 0x2B,
  0x13, 0x35, 0x21, 0x15, 0x01, 0x35, 0x21, 0x35, 0x21, 0x35, 0x23, 0x11, 0x33, 0x11, 0x21, 0x11,
  0x33, 0x11, 0x23, 0x15, 0x7D, 0x02, 0x71, 0xFD, 0x8F, 0x01, 0xF4, 0xFE, 0x0C, 0x7D, 0xFA, 0x01,
  0x77, 0xFA, 0x7D, 0x03, 0x6B, 0x7D, 0x7D, 0xFC, 0x95, 0x7D, 0x7D, 0x7D, 0x01, 0x77, 0xFE, 0x89,
  0x01, 0x77, 0xFD, 0x8F, 0x7D, 0x00, 0x00, 0x00, 0x00, 0x03, 0x00, 0x00, 0x00, 0x7D, 0x03, 0x6B,
  0x03, 0xE8, 0x00, 0x13, 0x00, 0x17, 0x00, 0x1B, 0x00, 0x49, 0x40, 0x46, 0x05, 0x01, 0x03, 0x0D,
  0x01, 0x0B, 0x02, 0x03, 0x0B, 0x65, 0x0C, 0x01, 0x0A, 0x08, 0x01, 0x00, 0x09, 0x0A, 0x00, 0x65,
  0x00, 0x04, 0x04, 0x1B, 0x4B, 0x07, 0x01, 0x01, 0x01, 0x02, 0x5D, 0x06, 0x01, 0x02, 0x02, 0x1D,
  0x4B, 0x0E, 0x01, 0x09, 0x09, 0x1C, 0x09, 0x4C, 0x00, 0x00, 0x1B, 0x1A, 0x19, 0x18, 0x17, 0x16,
  0x15, 0x14, 0x00, 0x13, 0x00, 0x13, 0x11, 0x11, 0x11, 0x11, 0x11, 0x11, 0x11, 0x11, 0x11, 0x0F,
  0x07, 0x1D, 0x2B, 0x25, 0x35, 0x23, 0x35, 0x23, 0x11, 0x33, 0x35, 0x33, 0x35, 0x33, 0x15, 0x33,
  0x15, 0x33, 0x11, 0x23, 0x15, 0x23, 0x15, 0x27, 0x33, 0x11, 0x23, 0x13, 0x33, 0x11, 0x23, 0x01,
  0x77, 0xFA, 0x7D, 0x7D, 0xFA, 0x7D, 0xFA, 0x7D, 0x7D, 0xFA, 0xFA, 0x7D, 0x7D, 0xFA, 0x7D, 0x7D,
  0x7D, 0x7D, 0x7D, 0x01, 0x77, 0x7D, 0x7D, 0x7D, 0x7D, 0xFE, 0x89, 0x7D, 0x7D, 0xFA, 0x01, 0x77,
  0xFE, 0x89, 0x01, 0x77, 0x00, 0x01, 0x00, 0x00, 0x00, 0x7D, 0x03, 0x6B, 0x03, 0xE8, 0x00, 0x23,
  0x00, 0xAE, 0x4B, 0xB0, 0x0A, 0x50, 0x58, 0x40, 0x3E, 0x0A, 0x01, 0x02, 0x05, 0x06, 0x03, 0x02,
  0x70, 0x0B, 0x01, 0x01, 0x0F, 0x0E, 0x00, 0x01, 0x70, 0x00, 0x06, 0x00, 0x0F, 0x01, 0x06, 0x0F,
  0x65, 0x09, 0x01, 0x03, 0x03, 0x04, 0x5D, 0x08, 0x01, 0x04, 0x04, 0x1B, 0x4B, 0x10, 0x01, 0x0E,
  0x0E, 0x05, 0x5D, 0x07, 0x01, 0x05, 0x05, 0x1D, 0x4B, 0x0C, 0x01, 0x00, 0x00, 0x0D, 0x5E, 0x12,
  0x11, 0x02, 0x0D, 0x0D, 0x1C, 0x0D, 0x4C, 0x1B, 0x40, 0x40, 0x0A, 0x01, 0x02, 0x05, 0x06, 0x05,
  0x02, 0x06, 0x7E, 0x0B, 0x01, 0x01, 0x0F, 0x0E, 0x0F, 0x01, 0x0E, 0x7E, 0x00, 0x06, 0x00, 0x0F,
  0x01, 0x06, 0x0F, 0x65, 0x09, 0x01, 0x03, 0x03, 0x04, 0x5D, 0x08, 0x01, 0x04, 0x04, 0x1B, 0x4B,
  0x10, 0x01, 0x0E, 0x0E, 0x05, 0x5D, 0x07, 0x01, 0x05, 0x05, 0x1D, 0x4B, 0x0C, 0x01, 0x00, 0x00,
  0x0D, 0x5E, 0x12, 0x11, 0x02, 0x0D, 0x0D, 0x1C, 0x0D, 0x4C, 0x59, 0x40, 0x22, 0x00, 0x00, 0x00,
  0x23, 0x00, 0x23, 0x22, 0x21, 0x20, 0x1F, 0x1E, 0x1D, 0x1C, 0x1B, 0x1A, 0x19, 0x18, 0x17, 0x16,
  0x15, 0x14, 0x13, 0x11, 0x11, 0x11, 0x11, 0x11, 0x11, 0x11, 0x11, 0x11, 0x13, 0x07, 0x1D, 0x2B,
  0x35, 0x35, 0x33, 0x35, 0x33, 0x35, 0x23, 0x35, 0x23, 0x35, 0x33, 0x15, 0x33, 0x15, 0x33, 0x35,
  0x33, 0x35, 0x33, 0x15, 0x23, 0x15, 0x23, 0x15, 0x33, 0x15, 0x33, 0x15, 0x23, 0x35, 0x23, 0x35,
  0x23, 0x15, 0x23, 0x15, 0x7D, 0x7D, 0x7D, 0x7D, 0xFA, 0x7D, 0x7D, 0x7D, 0xFA, 0x7D, 0x7D, 0x7D,
  0x7D, 0xFA, 0x7D, 0x7D, 0x7D, 0x7D, 0xFA, 0x7D, 0x7D, 0x7D, 0xFA, 0xFA, 0x7D, 0x7D, 0xFA, 0xFA,
  0x7D, 0x7D, 0x7D, 0xFA, 0xFA, 0x7D, 0x7D, 0xFA, 0x00, 0x01, 0x00, 0x00, 0x00, 0x7D, 0x03, 0x6B,
  0x03, 0xE8, 0x00, 0x0B, 0x00, 0x2B, 0x40, 0x28, 0x00, 0x03, 0x00, 0x00, 0x05, 0x03, 0x00, 0x65,
  0x00, 0x01, 0x01, 0x02, 0x5D, 0x04, 0x01, 0x02, 0x02, 0x1B, 0x4B, 0x06, 0x01, 0x05, 0x05, 0x1C,
  0x05, 0x4C, 0x00, 0x00, 0x00, 0x0B, 0x00, 0x0B, 0x11, 0x11, 0x11, 0x11, 0x11, 0x07, 0x07, 0x19,
  0x2B, 0x25, 0x11, 0x21, 0x35, 0x23, 0x11, 0x33, 0x11, 0x21, 0x11, 0x33, 0x11, 0x02, 0x71, 0xFE,
  0x0C, 0x7D, 0xFA, 0x01, 0x77, 0xFA, 0x7D, 0x01, 0x77, 0x7D, 0x01, 0x77, 0xFE, 0x89, 0x01, 0x77,
  0xFC, 0x95, 0x00, 0x00, 0x00, 0x01, 0x00, 0x00, 0x00, 0x00, 0x03, 0x6B, 0x03, 0xE8, 0x00, 0x0B,
  0x00, 0x2F, 0x40, 0x2C, 0x03, 0x01, 0x01, 0x01, 0x1B, 0x4B, 0x04, 0x01, 0x02, 0x02, 0x00, 0x5E,
  0x00, 0x00, 0x00, 0x1C, 0x4B, 0x04, 0x01, 0x02, 0x02, 0x05, 0x5E, 0x06, 0x01, 0x05, 0x05, 0x1F,
  0x05, 0x4C, 0x00, 0x00, 0x00, 0x0B, 0x00, 0x0B, 0x11, 0x11, 0x11, 0x11, 0x11, 0x07, 0x07, 0x19,
  0x2B, 0x21, 0x35, 0x21, 0x11, 0x33, 0x11, 0x33, 0x11, 0x33, 0x11, 0x33, 0x15, 0x02, 0x71, 0xFD,
  0x8F, 0xFA, 0xFA, 0xFA, 0x7D, 0x7D, 0x03, 0x6B, 0xFD, 0x12, 0x02, 0xEE, 0xFD, 0x12, 0xFA, 0x00,
  0x00, 0x01, 0x00, 0x00, 0x00, 0x7D, 0x03, 0x6B, 0x03, 0xE8, 0x00, 0x0B, 0x00, 0x25, 0x40, 0x22,
  0x04, 0x02, 0x02, 0x00, 0x00, 0x1B, 0x4B, 0x03, 0x01, 0x01, 0x01, 0x05, 0x5E, 0x06, 0x01, 0x05,
  0x05, 0x1C, 0x05, 0x4C, 0x00, 0x00, 0x00, 0x0B, 0x00, 0x0B, 0x11, 0x11, 0x11, 0x11, 0x11, 0x07,
  0x07, 0x19, 0x2B, 0x35, 0x11, 0x33, 0x11, 0x33, 0x11, 0x33, 0x11, 0x33, 0x11, 0x33, 0x11, 0xFA,
  0x7D, 0x7D, 0x7D, 0xFA, 0x7D, 0x03, 0x6B, 0xFD, 0x12, 0x02, 0xEE, 0xFD, 0x12, 0x02, 0xEE, 0xFC,
  0x95, 0x00, 0x00, 0x00, 0x00, 0x01, 0x00, 0x00, 0x00, 0x00, 0x03, 0xE8, 0x03, 0xE8, 0x00, 0x0F,
  0x00, 0x34, 0x40, 0x31, 0x05, 0x03, 0x02, 0x01, 0x01, 0x1B, 0x4B, 0x06, 0x04, 0x02, 0x02, 0x02,
  0x00, 0x5E, 0x00, 0x00, 0x00, 0x1C, 0x4B, 0x06, 0x04, 0x02, 0x02, 0x02, 0x07, 0x5E, 0x08, 0x01,
  0x07, 0x07, 0x1F, 0x07, 0x4C, 0x00, 0x00, 0x00, 0x0F, 0x00, 0x0F, 0x11, 0x11, 0x11, 0x11, 0x11,
  0x11, 0x11, 0x09, 0x07, 0x1B, 0x2B, 0x21, 0x35, 0x21, 0x11, 0x33, 0x11, 0x33, 0x11, 0x33, 0x11,
  0x33, 0x11, 0x33, 0x11, 0x33, 0x15, 0x02, 0xEE, 0xFD, 0x12, 0xFA, 0x7D, 0x7D, 0x7D, 0xFA, 0x7D,
  0x7D, 0x03, 0x6B, 0xFD, 0x12, 0x02, 0xEE, 0xFD, 0x12, 0x02, 0xEE, 0xFD, 0x12, 0xFA, 0x00, 0x00,
  0x00, 0x01, 0x00, 0x00, 0x00, 0x00, 0x03, 0x6B, 0x03, 0xE8, 0x00, 0x0B, 0x00, 0x29, 0x40, 0x26,
  0x03, 0x01, 0x01, 0x01, 0x1B, 0x4B, 0x00, 0x02, 0x02, 0x00, 0x5E, 0x04, 0x01, 0x00, 0x00, 0x1C,
  0x4B, 0x06, 0x01, 0x05, 0x05, 0x1F, 0x05, 0x4C, 0x00, 0x00, 0x00, 0x0B, 0x00, 0x0B, 0x11, 0x11,
  0x11, 0x11, 0x11, 0x07, 0x07, 0x19, 0x2B, 0x21, 0x35, 0x21, 0x11, 0x33, 0x11, 0x21, 0x11, 0x33,
  0x11, 0x21, 0x15, 0x01, 0x77, 0xFE, 0x89, 0xFA, 0x01, 0x77, 0xFA, 0xFE, 0x89, 0x7D, 0x03, 0x6B,
  0xFD, 0x12, 0x02, 0xEE, 0xFC, 0x95, 0x7D, 0x00, 0x00, 0x02, 0x00, 0x00, 0x00, 0x7D, 0x03, 0x6B,
  0x03, 0xE8, 0x00, 0x09, 0x00, 0x0D, 0x00, 0x37, 0x40, 0x34, 0x00, 0x02, 0x00, 0x03, 0x05, 0x02,
  0x03, 0x65, 0x00, 0x00, 0x00, 0x1B, 0x4B, 0x00, 0x06, 0x06, 0x01, 0x5D, 0x00, 0x01, 0x01, 0x1D,
  0x4B, 0x00, 0x05, 0x05, 0x04, 0x5E, 0x07, 0x01, 0x04, 0x04, 0x1C, 0x04, 0x4C, 0x00, 0x00, 0x0D,
  0x0C, 0x0B, 0x0A, 0x00, 0x09, 0x00, 0x09, 0x11, 0x11, 0x11, 0x11, 0x08, 0x07, 0x18, 0x2B, 0x35,
  0x11, 0x33, 0x15, 0x21, 0x15, 0x33, 0x11, 0x23, 0x15, 0x25, 0x21, 0x11, 0x21, 0xFA, 0x01, 0xF4,
  0x7D, 0x7D, 0xFE, 0x0C, 0x01, 0x77, 0xFE, 0x89, 0x7D, 0x03, 0x6B, 0xFA, 0x7D, 0xFE, 0x89, 0x7D,
  0x7D, 0x01, 0x77, 0x00, 0x00, 0x02, 0x00, 0x00, 0x00, 0x7D, 0x03, 0x6B, 0x03, 0xE8, 0x00, 0x0B,
  0x00, 0x0F, 0x00, 0x3D, 0x40, 0x3A, 0x00, 0x03, 0x00, 0x04, 0x06, 0x03, 0x04, 0x65, 0x00, 0x00,
  0x00, 0x01, 0x5D, 0x00, 0x01, 0x01, 0x1B, 0x4B, 0x00, 0x07, 0x07, 0x02, 0x5D, 0x00, 0x02, 0x02,
  0x1D, 0x4B, 0x00, 0x06, 0x06, 0x05, 0x5D, 0x08, 0x01, 0x05, 0x05, 0x1C, 0x05, 0x4C, 0x00, 0x00,
  0x0F, 0x0E, 0x0D, 0x0C, 0x00, 0x0B, 0x00, 0x0B, 0x11, 0x11, 0x11, 0x11, 0x11, 0x09, 0x07, 0x19,
  0x2B, 0x37, 0x11, 0x23, 0x35, 0x21, 0x15, 0x21, 0x15, 0x33, 0x11, 0x23, 0x15, 0x25, 0x33, 0x11,
  0x23, 0x7D, 0x7D, 0x01, 0x77, 0x01, 0x77, 0x7D, 0x7D, 0xFE, 0x89, 0xFA, 0xFA, 0x7D, 0x02, 0xEE,
  0x7D, 0xFA, 0x7D, 0xFE, 0x89, 0x7D, 0x7D, 0x01, 0x77, 0x00, 0x00, 0x00, 0x00, 0x03, 0x00, 0x00,
  0x00, 0x7D, 0x03, 0x6B, 0x03, 0xE8, 0x00, 0x05, 0x00, 0x09, 0x00, 0x0D, 0x00, 0x38, 0x40, 0x35,
  0x03, 0x01, 0x00, 0x00, 0x1B, 0x4B, 0x00, 0x06, 0x06, 0x01, 0x5D, 0x00, 0x01, 0x01, 0x1D, 0x4B,
  0x00, 0x05, 0x05, 0x02, 0x5E, 0x08, 0x04, 0x07, 0x03, 0x02, 0x02, 0x1C, 0x02, 0x4C, 0x06, 0x06,
  0x00, 0x00, 0x0D, 0x0C, 0x0B, 0x0A, 0x06, 0x09, 0x06, 0x09, 0x08, 0x07, 0x00, 0x05, 0x00, 0x05,
  0x11, 0x11, 0x09, 0x07, 0x16, 0x2B, 0x35, 0x11, 0x33, 0x15, 0x33, 0x11, 0x33, 0x11, 0x33, 0x11,
  0x25, 0x33, 0x11, 0x23, 0xFA, 0xFA, 0x7D, 0xFA, 0xFD, 0x8F, 0x7D, 0x7D, 0x7D, 0x03, 0x6B, 0xFA,
  0xFD, 0x8F, 0x03, 0x6B, 0xFC, 0x95, 0x7D, 0x01, 0x77, 0x00, 0x00, 0x00, 0x00, 0x02, 0x00, 0x00,
  0x00, 0x7D, 0x03, 0x6B, 0x03, 0xE8, 0x00, 0x0B, 0x00, 0x0F, 0x00, 0x42, 0x40, 0x3F, 0x00, 0x04,
  0x04, 0x01, 0x5D, 0x00, 0x01, 0x01, 0x1B, 0x4B, 0x00, 0x07, 0x07, 0x02, 0x5D, 0x00, 0x02, 0x02,
  0x1D, 0x4B, 0x00, 0x00, 0x00, 0x03, 0x5D, 0x08, 0x05, 0x02, 0x03, 0x03, 0x1C, 0x4B, 0x00, 0x06,
  0x06, 0x03, 0x5D, 0x08, 0x05, 0x02, 0x03, 0x03, 0x1C, 0x03, 0x4C, 0x00, 0x00, 0x0F, 0x0E, 0x0D,
  0x0C, 0x00, 0x0B, 0x00, 0x0B, 0x11, 0x11, 0x11, 0x11, 0x11, 0x09, 0x07, 0x19, 0x2B, 0x35, 0x35,
  0x33, 0x11, 0x21, 0x15, 0x33, 0x11, 0x21, 0x11, 0x23, 0x11, 0x25, 0x33, 0x11, 0x23, 0x7D, 0x01,
  0xF4, 0xFA, 0xFE, 0x0C, 0x7D, 0x01, 0x77, 0x7D, 0x7D, 0x7D, 0xFA, 0x02, 0x71, 0xFA, 0xFD, 0x8F,
  0x02, 0xEE, 0xFD, 0x12, 0x7D, 0x01, 0x77, 0x00, 0x00, 0x02, 0x00, 0x00, 0x00, 0x7D, 0x03, 0x6B,
  0x03, 0xE8, 0x00, 0x0D, 0x00, 0x11, 0x00, 0x3B, 0x40, 0x38, 0x00, 0x01, 0x00, 0x05, 0x07, 0x01,
  0x05, 0x65, 0x02, 0x01, 0x00, 0x00, 0x1B, 0x4B, 0x00, 0x08, 0x08, 0x03, 0x5D, 0x00, 0x03, 0x03,
  0x1D, 0x4B, 0x00, 0x07, 0x07, 0x04, 0x5E, 0x09, 0x06, 0x02, 0x04, 0x04, 0x1C, 0x04, 0x4C, 0x00,
  0x00, 0x11, 0x10, 0x0F, 0x0E, 0x00, 0x0D, 0x00, 0x0D, 0x11, 0x11, 0x11, 0x11, 0x11, 0x11, 0x0A,
  0x07, 0x1A, 0x2B, 0x35, 0x11, 0x33, 0x11, 0x33, 0x11, 0x33, 0x15, 0x33, 0x11, 0x21, 0x11, 0x23,
  0x11, 0x25, 0x33, 0x11, 0x23, 0xFA, 0x7D, 0xFA, 0xFA, 0xFE, 0x0C, 0x7D, 0x01, 0x77, 0x7D, 0x7D,
  0x7D, 0x03, 0x6B, 0xFE, 0x89, 0x01, 0x77, 0xFA, 0xFD, 0x8F, 0x01, 0x77, 0xFE, 0x89, 0x7D, 0x01,
  0x77, 0x00, 0x00, 0x00, 0x00, 0x01, 0x00, 0x00, 0x00, 0x7D, 0x03, 0x6B, 0x03, 0xE8, 0x00, 0x1B,
  0x00, 0x59, 0x40, 0x56, 0x00, 0x08, 0x04, 0x05, 0x08, 0x55, 0x07, 0x01, 0x05, 0x00, 0x04, 0x0A,
  0x05, 0x04, 0x65, 0x00, 0x0A, 0x00, 0x03, 0x0B, 0x0A, 0x03, 0x65, 0x00, 0x0B, 0x01, 0x00, 0x0B,
  0x55, 0x00, 0x01, 0x0C, 0x01, 0x00, 0x02, 0x01, 0x00, 0x65, 0x00, 0x09, 0x09, 0x06, 0x5D, 0x00,
  0x06, 0x06, 0x1B, 0x4B, 0x00, 0x02, 0x02, 0x0D, 0x5D, 0x0E, 0x01, 0x0D, 0x0D, 0x1C, 0x0D, 0x4C,
  0x00, 0x00, 0x00, 0x1B, 0x00, 0x1B, 0x1A, 0x19, 0x18, 0x17, 0x16, 0x15, 0x14, 0x13, 0x11, 0x11,
  0x11, 0x11, 0x11, 0x11, 0x11, 0x11, 0x11, 0x0F, 0x07, 0x1D, 0x2B, 0x37, 0x35, 0x23, 0x35, 0x33,
  0x15, 0x21, 0x35, 0x21, 0x35, 0x23, 0x35, 0x33, 0x35, 0x21, 0x15, 0x33, 0x15, 0x23, 0x35, 0x21,
  0x15, 0x21, 0x15, 0x33, 0x15, 0x23, 0x15, 0x7D, 0x7D, 0xFA, 0x01, 0x77, 0xFE, 0x0C, 0x7D, 0x7D,
  0x02, 0x71, 0x7D, 0xFA, 0xFE, 0x89, 0x01, 0xF4, 0x7D, 0x7D, 0x7D, 0x7D, 0x7D, 0x7D, 0xFA, 0x7D,
  0xFA, 0x7D, 0x7D, 0x7D, 0x7D, 0xFA, 0x7D, 0xFA, 0x7D, 0x00, 0x00, 0x00, 0x00, 0x01, 0x00, 0x00,
  0x00, 0x7D, 0x03, 0x6B, 0x03, 0xE8, 0x00, 0x1F, 0x00, 0x5D, 0x40, 0x5A, 0x05, 0x01, 0x03, 0x08,
  0x01, 0x06, 0x02, 0x03, 0x06, 0x65, 0x00, 0x09, 0x00, 0x0A, 0x01, 0x09, 0x0A, 0x65, 0x0D, 0x01,
  0x0B, 0x0E, 0x01, 0x00, 0x0C, 0x0B, 0x00, 0x65, 0x00, 0x07, 0x07, 0x04, 0x5D, 0x00, 0x04, 0x04,
  0x1B, 0x4B, 0x00, 0x01, 0x01, 0x02, 0x5D, 0x00, 0x02, 0x02, 0x1D, 0x4B, 0x00, 0x0C, 0x0C, 0x0F,
  0x5E, 0x10, 0x01, 0x0F, 0x0F, 0x1C, 0x0F, 0x4C, 0x00, 0x00, 0x00, 0x1F, 0x00, 0x1F, 0x1E, 0x1D,
  0x1C, 0x1B, 0x1A, 0x19, 0x18, 0x17, 0x16, 0x15, 0x14, 0x13, 0x11, 0x11, 0x11, 0x11, 0x11, 0x11,
  0x11, 0x11, 0x11, 0x11, 0x07, 0x1D, 0x2B, 0x37, 0x35, 0x23, 0x35, 0x23, 0x11, 0x33, 0x35, 0x33,
  0x35, 0x21, 0x15, 0x33, 0x15, 0x23, 0x35, 0x23, 0x15, 0x23, 0x15, 0x21, 0x15, 0x21, 0x15, 0x33,
  0x15, 0x33, 0x35, 0x33, 0x15, 0x23, 0x15, 0xFA, 0x7D, 0x7D, 0x7D, 0x7D, 0x01, 0xF4, 0x7D, 0xFA,
  0xFA, 0x7D, 0x01, 0xF4, 0xFE, 0x0C, 0x7D, 0xFA, 0xFA, 0x7D, 0x7D, 0x7D, 0x7D, 0x01, 0x77, 0x7D,
  0x7D, 0x7D, 0x7D, 0x7D, 0x7D, 0x7D, 0x7D, 0x7D, 0x7D, 0x7D, 0x7D, 0x7D, 0x00, 0x01, 0x00, 0x00,
  0x00, 0x7D, 0x03, 0x6B, 0x03, 0xE8, 0x00, 0x1F, 0x00, 0x5D, 0x40, 0x5A, 0x0B, 0x01, 0x09, 0x08,
  0x01, 0x06, 0x0C, 0x09, 0x06, 0x65, 0x00, 0x05, 0x00, 0x04, 0x0D, 0x05, 0x04, 0x65, 0x03, 0x01,
  0x01, 0x0E, 0x01, 0x00, 0x02, 0x01, 0x00, 0x65, 0x00, 0x07, 0x07, 0x0A, 0x5D, 0x00, 0x0A, 0x0A,
  0x1B, 0x4B, 0x00, 0x0D, 0x0D, 0x0C, 0x5D, 0x00, 0x0C, 0x0C, 0x1D, 0x4B, 0x00, 0x02, 0x02, 0x0F,
  0x5E, 0x10, 0x01, 0x0F, 0x0F, 0x1C, 0x0F, 0x4C, 0x00, 0x00, 0x00, 0x1F, 0x00, 0x1F, 0x1E, 0x1D,
  0x1C, 0x1B, 0x1A, 0x19, 0x18, 0x17, 0x16, 0x15, 0x14, 0x13, 0x11, 0x11, 0x11, 0x11, 0x11, 0x11,
  0x11, 0x11, 0x11, 0x11, 0x07, 0x1D, 0x2B, 0x37, 0x35, 0x23, 0x35, 0x33, 0x15, 0x33, 0x35, 0x33,
  0x35, 0x21, 0x35, 0x21, 0x35, 0x23, 0x35, 0x23, 0x15, 0x23, 0x35, 0x33, 0x35, 0x21, 0x15, 0x33,
  0x15, 0x33, 0x11, 0x23, 0x15, 0x23, 0x15, 0x7D, 0x7D, 0xFA, 0xFA, 0x7D, 0xFE, 0x0C, 0x01, 0xF4,
  0x7D, 0xFA, 0xFA, 0x7D, 0x01, 0xF4, 0x7D, 0x7D, 0x7D, 0x7D, 0x7D, 0x7D, 0x7D, 0x7D, 0x7D, 0x7D,
  0x7D, 0x7D, 0x7D, 0x7D, 0x7D, 0x7D, 0x7D, 0x7D, 0xFE, 0x89, 0x7D, 0x7D, 0x00, 0x01, 0x00, 0x7D,
  0x00, 0x7D, 0x03, 0x6B, 0x03, 0xE8, 0x00, 0x0B, 0x00, 0x29, 0x40, 0x26, 0x03, 0x01, 0x01, 0x01,
  0x02, 0x5D, 0x00, 0x02, 0x02, 0x1B, 0x4B, 0x04, 0x01, 0x00, 0x00, 0x05, 0x5D, 0x06, 0x01, 0x05,
  0x05, 0x1C, 0x05, 0x4C, 0x00, 0x00, 0x00, 0x0B, 0x00, 0x0B, 0x11, 0x11, 0x11, 0x11, 0x11, 0x07,
  0x07, 0x19, 0x2B, 0x37, 0x35, 0x33, 0x11, 0x23, 0x35, 0x21, 0x15, 0x23, 0x11, 0x33, 0x15, 0x7D,
  0xFA, 0xFA, 0x02, 0xEE, 0xFA, 0xFA, 0x7D, 0x7D, 0x02, 0x71, 0x7D, 0x7D, 0xFD, 0x8F, 0x7D, 0x00,
  0x00, 0x03, 0x00, 0x7D, 0x00, 0x7D, 0x03, 0x6B, 0x03, 0xE8, 0x00, 0x03, 0x00, 0x07, 0x00, 0x13,
  0x00, 0x4B, 0x40, 0x48, 0x0B, 0x03, 0x0A, 0x03, 0x01, 0x01, 0x00, 0x5D, 0x02, 0x01, 0x00, 0x00,
  0x1B, 0x4B, 0x07, 0x01, 0x05, 0x05, 0x06, 0x5D, 0x00, 0x06, 0x06, 0x1D, 0x4B, 0x08, 0x01, 0x04,
  0x04, 0x09, 0x5D, 0x0C, 0x01, 0x09, 0x09, 0x1C, 0x09, 0x4C, 0x08, 0x08, 0x04, 0x04, 0x00, 0x00,
  0x08, 0x13, 0x08, 0x13, 0x12, 0x11, 0x10, 0x0F, 0x0E, 0x0D, 0x0C, 0x0B, 0x0A, 0x09, 0x04, 0x07,
  0x04, 0x07, 0x06, 0x05, 0x00, 0x03, 0x00, 0x03, 0x11, 0x0D, 0x07, 0x15, 0x2B, 0x13, 0x35, 0x33,
  0x15, 0x33, 0x35, 0x33, 0x15, 0x01, 0x35, 0x33, 0x11, 0x23, 0x35, 0x21, 0x15, 0x23, 0x11, 0x33,
  0x15, 0x7D, 0xFA, 0xFA, 0xFA, 0xFD, 0x12, 0xFA, 0xFA, 0x02, 0xEE, 0xFA, 0xFA, 0x03, 0x6B, 0x7D,
  0x7D, 0x7D, 0x7D, 0xFD, 0x12, 0x7D, 0x01, 0x77, 0x7D, 0x7D, 0xFE, 0x89, 0x7D, 0x00, 0x00, 0x00,
  0x00, 0x01, 0x00, 0x00, 0x00, 0x7D, 0x03, 0x6B, 0x03, 0xE8, 0x00, 0x0B, 0x00, 0x2E, 0x40, 0x2B,
  0x00, 0x01, 0x00, 0x00, 0x01, 0x55, 0x04, 0x01, 0x00, 0x00, 0x03, 0x5D, 0x00, 0x03, 0x03, 0x1B,
  0x4B, 0x00, 0x02, 0x02, 0x05, 0x5D, 0x06, 0x01, 0x05, 0x05, 0x1C, 0x05, 0x4C, 0x00, 0x00, 0x00,
  0x0B, 0x00, 0x0B, 0x11, 0x11, 0x11, 0x11, 0x11, 0x07, 0x07, 0x19, 0x2B, 0x37, 0x35, 0x23, 0x35,
  0x33, 0x15, 0x21, 0x11, 0x33, 0x11, 0x23, 0x15, 0x7D, 0x7D, 0xFA, 0x01, 0x77, 0xFA, 0x7D, 0x7D,
  0x7D, 0x7D, 0x7D, 0x02, 0xEE, 0xFD, 0x12, 0x7D, 0x00, 0x01, 0x00, 0x00, 0x00, 0x7D, 0x03, 0x6B,
  0x03, 0xE8, 0x00, 0x0F, 0x00, 0x35, 0x40, 0x32, 0x02, 0x01, 0x00, 0x00, 0x01, 0x5D, 0x00, 0x01,
  0x01, 0x1B, 0x4B, 0x00, 0x06, 0x06, 0x03, 0x5D, 0x00, 0x03, 0x03, 0x1D, 0x4B, 0x00, 0x04, 0x04,
  0x05, 0x5D, 0x08, 0x07, 0x02, 0x05, 0x05, 0x1C, 0x05, 0x4C, 0x00, 0x00, 0x00, 0x0F, 0x00, 0x0F,
  0x11, 0x11, 0x11, 0x11, 0x11, 0x11, 0x11, 0x09, 0x07, 0x1B, 0x2B, 0x37, 0x11, 0x23, 0x35, 0x21,
  0x15, 0x23, 0x15, 0x21, 0x15, 0x33, 0x11, 0x23, 0x11, 0x23, 0x11, 0x7D, 0x7D, 0x02, 0x71, 0xFA,
  0x01, 0x77, 0x7D, 0xFA, 0xFA, 0x7D, 0x02, 0xEE, 0x7D, 0x7D, 0x7D, 0x7D, 0xFE, 0x0C, 0x01, 0xF4,
  0xFE, 0x0C, 0x00, 0x00, 0x00, 0x02, 0x00, 0x00, 0x00, 0x7D, 0x03, 0x6B, 0x03, 0xE8, 0x00, 0x13,
  0x00, 0x17, 0x00, 0x43, 0x40, 0x40, 0x00, 0x01, 0x00, 0x08, 0x05, 0x01, 0x08, 0x65, 0x04, 0x01,
  0x02, 0x07, 0x01, 0x05, 0x0A, 0x02, 0x05, 0x65, 0x00, 0x0B, 0x0B, 0x00, 0x5D, 0x03, 0x01, 0x00,
  0x00, 0x1B, 0x4B, 0x00, 0x0A, 0x0A, 0x06, 0x5D, 0x0C, 0x09, 0x02, 0x06, 0x06, 0x1C, 0x06, 0x4C,
  0x00, 0x00, 0x17, 0x16, 0x15, 0x14, 0x00, 0x13, 0x00, 0x13, 0x11, 0x11, 0x11, 0x11, 0x11, 0x11,
  0x11, 0x11, 0x11, 0x0D, 0x07, 0x1D, 0x2B, 0x35, 0x11, 0x33, 0x11, 0x33, 0x35, 0x33, 0x35, 0x21,
  0x15, 0x33, 0x11, 0x23, 0x15, 0x21, 0x35, 0x23, 0x35, 0x23, 0x11, 0x25, 0x33, 0x11, 0x23, 0x7D,
  0x7D, 0x7D, 0x01, 0x77, 0x7D, 0x7D, 0xFE, 0x89, 0x7D, 0x7D, 0x01, 0x77, 0x7D, 0x7D, 0x7D, 0x03,
  0x6B, 0xFE, 0x89, 0xFA, 0x7D, 0x7D, 0xFD, 0x8F, 0x7D, 0x7D, 0xFA, 0xFE, 0x89, 0x7D, 0x02, 0x71,
  0x00, 0x02, 0x00, 0x00, 0x00, 0x7D, 0x03, 0x6B, 0x03, 0xE8, 0x00, 0x0F, 0x00, 0x15, 0x00, 0x91,
  0x4B, 0xB0, 0x0A, 0x50, 0x58, 0x40, 0x36, 0x00, 0x0A, 0x03, 0x02, 0x03, 0x0A, 0x02, 0x7E, 0x00,
  0x01, 0x06, 0x00, 0x00, 0x01, 0x70, 0x00, 0x03, 0x00, 0x02, 0x08, 0x03, 0x02, 0x65, 0x00, 0x08,
  0x00, 0x06, 0x01, 0x08, 0x06, 0x65, 0x00, 0x09, 0x09, 0x04, 0x5D, 0x00, 0x04, 0x04, 0x1B, 0x4B,
  0x00, 0x00, 0x00, 0x05, 0x5E, 0x0B, 0x07, 0x02, 0x05, 0x05, 0x1C, 0x05, 0x4C, 0x1B, 0x40, 0x37,
  0x00, 0x0A, 0x03, 0x02, 0x03, 0x0A, 0x02, 0x7E, 0x00, 0x01, 0x06, 0x00, 0x06, 0x01, 0x00, 0x7E,
  0x00, 0x03, 0x00, 0x02, 0x08, 0x03, 0x02, 0x65, 0x00, 0x08, 0x00, 0x06, 0x01, 0x08, 0x06, 0x65,
  0x00, 0x09, 0x09, 0x04, 0x5D, 0x00, 0x04, 0x04, 0x1B, 0x4B, 0x00, 0x00, 0x00, 0x05, 0x5E, 0x0B,
  0x07, 0x02, 0x05, 0x05, 0x1C, 0x05, 0x4C, 0x59, 0x40, 0x16, 0x00, 0x00, 0x15, 0x14, 0x13, 0x12,
  0x11, 0x10, 0x00, 0x0F, 0x00, 0x0F, 0x11, 0x11, 0x11, 0x11, 0x11, 0x11, 0x11, 0x0C, 0x07, 0x1B,
  0x2B, 0x35, 0x35, 0x33, 0x35, 0x33, 0x35, 0x23, 0x11, 0x33, 0x35, 0x21, 0x11, 0x23, 0x35, 0x23,
  0x15, 0x11, 0x33, 0x11, 0x21, 0x15, 0x33, 0x7D, 0x7D, 0xFA, 0x7D, 0x02, 0xEE, 0xFA, 0xFA, 0xFA,
  0xFE, 0x89, 0x7D, 0x7D, 0x7D, 0x7D, 0x7D, 0x01, 0x77, 0x7D, 0xFC, 0x95, 0xFA, 0xFA, 0x01, 0x77,
  0x01, 0x77, 0xFA, 0x00, 0x00, 0x01, 0x00, 0x00, 0x00, 0x00, 0x03, 0x6B, 0x03, 0xE8, 0x00, 0x13,
  0x00, 0x41, 0x40, 0x3E, 0x05, 0x01, 0x03, 0x03, 0x04, 0x5D, 0x00, 0x04, 0x04, 0x1B, 0x4B, 0x00,
  0x01, 0x01, 0x06, 0x5D, 0x00, 0x06, 0x06, 0x1D, 0x4B, 0x00, 0x07, 0x07, 0x02, 0x5D, 0x08, 0x01,
  0x02, 0x02, 0x1C, 0x4B, 0x00, 0x00, 0x00, 0x09, 0x5D, 0x0A, 0x01, 0x09, 0x09, 0x1F, 0x09, 0x4C,
  0x00, 0x00, 0x00, 0x13, 0x00, 0x13, 0x11, 0x11, 0x11, 0x11, 0x11, 0x11, 0x11, 0x11, 0x11, 0x0B,
  0x07, 0x1D, 0x2B, 0x21, 0x35, 0x33, 0x11, 0x23, 0x11, 0x23, 0x11, 0x23, 0x35, 0x21, 0x15, 0x23,
  0x15, 0x21, 0x15, 0x33, 0x11, 0x23, 0x15, 0x01, 0xF4, 0x7D, 0xFA, 0xFA, 0x7D, 0x02, 0x71, 0xFA,
  0x01, 0x77, 0x7D, 0x7D, 0x7D, 0x01, 0xF4, 0xFE, 0x0C, 0x02, 0xEE, 0x7D, 0x7D, 0x7D, 0x7D, 0xFE,
  0x0C, 0x7D, 0x00, 0x00, 0x00, 0x02, 0x00, 0x00, 0x00, 0x7D, 0x03, 0x6B, 0x03, 0xE8, 0x00, 0x11,
  0x00, 0x15, 0x00, 0x43, 0x40, 0x40, 0x05, 0x01, 0x03, 0x06, 0x01, 0x02, 0x07, 0x03, 0x02, 0x65,
  0x00, 0x07, 0x00, 0x09, 0x08, 0x07, 0x09, 0x65, 0x0B, 0x01, 0x08, 0x00, 0x00, 0x0A, 0x08, 0x00,
  0x65, 0x00, 0x04, 0x04, 0x1B, 0x4B, 0x00, 0x0A, 0x0A, 0x01, 0x5E, 0x00, 0x01, 0x01, 0x1C, 0x01,
  0x4C, 0x00, 0x00, 0x15, 0x14, 0x13, 0x12, 0x00, 0x11, 0x00, 0x11, 0x11, 0x11, 0x11, 0x11, 0x11,
  0x11, 0x11, 0x11, 0x0C, 0x07, 0x1C, 0x2B, 0x01, 0x15, 0x23, 0x15, 0x21, 0x11, 0x23, 0x35, 0x33,
  0x35, 0x33, 0x15, 0x33, 0x15, 0x23, 0x15, 0x21, 0x15, 0x23, 0x23, 0x15, 0x33, 0x03, 0x6B, 0x7D,
  0xFD, 0x8F, 0x7D, 0x7D, 0xFA, 0xFA, 0xFA, 0x01, 0x77, 0x7D, 0xFA, 0xFA, 0x01, 0xF4, 0xFA, 0x7D,
  0x02, 0x71, 0x7D, 0x7D, 0x7D, 0x7D, 0x7D, 0x7D, 0xFA, 0x00, 0x00, 0x00, 0x00, 0x06, 0x00, 0x00,
  0x00, 0x7D, 0x03, 0x6B, 0x03, 0xE8, 0x00, 0x07, 0x00, 0x0B, 0x00, 0x0F, 0x00, 0x17, 0x00, 0x1D,
  0x00, 0x23, 0x00, 0xC0, 0x4B, 0xB0, 0x0A, 0x50, 0x58, 0x40, 0x40, 0x02, 0x01, 0x00, 0x01, 0x04,
  0x01, 0x00, 0x70, 0x0F, 0x01, 0x0C, 0x09, 0x0E, 0x0E, 0x0C, 0x70, 0x00, 0x08, 0x0B, 0x01, 0x09,
  0x0C, 0x08, 0x09, 0x65, 0x00, 0x01, 0x01, 0x03, 0x5D, 0x12, 0x01, 0x03, 0x03, 0x1B, 0x4B, 0x13,
  0x07, 0x02, 0x05, 0x05, 0x04, 0x5D, 0x06, 0x01, 0x04, 0x04, 0x1D, 0x4B, 0x10, 0x01, 0x0E, 0x0E,
  0x0A, 0x5E, 0x14, 0x11, 0x0D, 0x03, 0x0A, 0x0A, 0x1C, 0x0A, 0x4C, 0x1B, 0x40, 0x42, 0x02, 0x01,
  0x00, 0x01, 0x04, 0x01, 0x00, 0x04, 0x7E, 0x0F, 0x01, 0x0C, 0x09, 0x0E, 0x09, 0x0C, 0x0E, 0x7E,
  0x00, 0x08, 0x0B, 0x01, 0x09, 0x0C, 0x08, 0x09, 0x65, 0x00, 0x01, 0x01, 0x03, 0x5D, 0x12, 0x01,
  0x03, 0x03, 0x1B, 0x4B, 0x13, 0x07, 0x02, 0x05, 0x05, 0x04, 0x5D, 0x06, 0x01, 0x04, 0x04, 0x1D,
  0x4B, 0x10, 0x01, 0x0E, 0x0E, 0x0A, 0x5E, 0x14, 0x11, 0x0D, 0x03, 0x0A, 0x0A, 0x1C, 0x0A, 0x4C,
  0x59, 0x40, 0x30, 0x1E, 0x1E, 0x0C, 0x0C, 0x00, 0x00, 0x1E, 0x23, 0x1E, 0x23, 0x22, 0x21, 0x20,
  0x1F, 0x1D, 0x1C, 0x1B, 0x1A, 0x19, 0x18, 0x17, 0x16, 0x15, 0x14, 0x13, 0x12, 0x11, 0x10, 0x0C,
  0x0F, 0x0C, 0x0F, 0x0E, 0x0D, 0x0B, 0x0A, 0x09, 0x08, 0x00, 0x07, 0x00, 0x07, 0x11, 0x11, 0x11,
  0x15, 0x07, 0x17, 0x2B, 0x01, 0x15, 0x23, 0x35, 0x21, 0x15, 0x23, 0x35, 0x17, 0x33, 0x15, 0x23,
  0x21, 0x35, 0x33, 0x15, 0x21, 0x21, 0x15, 0x23, 0x11, 0x23, 0x11, 0x23, 0x23, 0x33, 0x11, 0x23,
  0x35, 0x33, 0x05, 0x11, 0x33, 0x15, 0x33, 0x15, 0x03, 0x6B, 0x7D, 0xFD, 0x8F, 0x7D, 0x7D, 0x7D,
  0x7D, 0x01, 0xF4, 0x7D, 0xFE, 0x0C, 0x01, 0x77, 0x7D, 0x7D, 0x7D, 0x7D, 0x7D, 0xFA, 0x7D, 0x01,
  0xF4, 0x7D, 0x7D, 0x03, 0xE8, 0xFA, 0x7D, 0x7D, 0xFA, 0xFA, 0x7D, 0x7D, 0x7D, 0x7D, 0xFE, 0x89,
  0x01, 0x77, 0xFE, 0x89, 0xFA, 0xFA, 0x01, 0x77, 0x7D, 0xFA, 0x00, 0x00, 0x00, 0x03, 0x00, 0x00,
  0x00, 0x7D, 0x03, 0x6B, 0x03, 0xE8, 0x00, 0x0B, 0x00, 0x0F, 0x00, 0x13, 0x00, 0x48, 0x40, 0x45,
  0x00, 0x09, 0x01, 0x08, 0x01, 0x09, 0x08, 0x7E, 0x00, 0x08, 0x00, 0x01, 0x08, 0x00, 0x7C, 0x03,
  0x01, 0x01, 0x04, 0x01, 0x00, 0x06, 0x01, 0x00, 0x65, 0x00, 0x07, 0x07, 0x02, 0x5D, 0x00, 0x02,
  0x02, 0x1B, 0x4B, 0x00, 0x06, 0x06, 0x05, 0x5E, 0x0A, 0x01, 0x05, 0x05, 0x1C, 0x05, 0x4C, 0x00,
  0x00, 0x13, 0x12, 0x11, 0x10, 0x0F, 0x0E, 0x0D, 0x0C, 0x00, 0x0B, 0x00, 0x0B, 0x11, 0x11, 0x11,
  0x11, 0x11, 0x0B, 0x07, 0x19, 0x2B, 0x37, 0x35, 0x23, 0x11, 0x33, 0x35, 0x21, 0x15, 0x33, 0x11,
  0x23, 0x15, 0x25, 0x21, 0x11, 0x21, 0x03, 0x21, 0x35, 0x21, 0x7D, 0x7D, 0x7D, 0x02, 0x71, 0x7D,
  0x7D, 0xFE, 0x0C, 0x01, 0x77, 0xFE, 0x89, 0x7D, 0x02, 0x71, 0xFD, 0x8F, 0x7D, 0x7D, 0x02, 0x71,
  0x7D, 0x7D, 0xFD, 0x8F, 0x7D, 0x7D, 0x02, 0x71, 0xFE, 0x89, 0x7D, 0x00, 0x00, 0x01, 0x00, 0x00,
  0x00, 0x7D, 0x03, 0x6B, 0x03, 0xE8, 0x00, 0x17, 0x00, 0x8D, 0x4B, 0xB0, 0x0A, 0x50, 0x58, 0x40,
  0x34, 0x09, 0x01, 0x01, 0x04, 0x05, 0x02, 0x01, 0x70, 0x06, 0x01, 0x04, 0x0A, 0x01, 0x00, 0x0B,
  0x04, 0x00, 0x65, 0x00, 0x08, 0x08, 0x03, 0x5D, 0x07, 0x01, 0x03, 0x03, 0x1B, 0x4B, 0x00, 0x02,
  0x02, 0x03, 0x5D, 0x07, 0x01, 0x03, 0x03, 0x1B, 0x4B, 0x00, 0x05, 0x05, 0x0B, 0x5D, 0x0C, 0x01,
  0x0B, 0x0B, 0x1C, 0x0B, 0x4C, 0x1B, 0x40, 0x35, 0x09, 0x01, 0x01, 0x04, 0x05, 0x04, 0x01, 0x05,
  0x7E, 0x06, 0x01, 0x04, 0x0A, 0x01, 0x00, 0x0B, 0x04, 0x00, 0x65, 0x00, 0x08, 0x08, 0x03, 0x5D,
  0x07, 0x01, 0x03, 0x03, 0x1B, 0x4B, 0x00, 0x02, 0x02, 0x03, 0x5D, 0x07, 0x01, 0x03, 0x03, 0x1B,
  0x4B, 0x00, 0x05, 0x05, 0x0B, 0x5D, 0x0C, 0x01, 0x0B, 0x0B, 0x1C, 0x0B, 0x4C, 0x59, 0x40, 0x16,
  0x00, 0x00, 0x00, 0x17, 0x00, 0x17, 0x16, 0x15, 0x14, 0x13, 0x11, 0x11, 0x11, 0x11, 0x11, 0x11,
  0x11, 0x11, 0x11, 0x0D, 0x07, 0x1D, 0x2B, 0x25, 0x35, 0x23, 0x35, 0x23, 0x35, 0x23, 0x11, 0x33,
  0x11, 0x33, 0x15, 0x33, 0x35, 0x33, 0x11, 0x33, 0x15, 0x23, 0x11, 0x23, 0x15, 0x23, 0x15, 0x01,
  0x77, 0x7D, 0x7D, 0x7D, 0xFA, 0x7D, 0x7D, 0x7D, 0xFA, 0x7D, 0x7D, 0x7D, 0x7D, 0x7D, 0x7D, 0x7D,
  0x01, 0xF4, 0xFE, 0x0C, 0x7D, 0x7D, 0x01, 0xF4, 0xFA, 0xFE, 0x89, 0x7D, 0x7D, 0x00, 0x00, 0x00,
  0x00, 0x01, 0x00, 0x00, 0x00, 0x7D, 0x03, 0x6B, 0x03, 0xE8, 0x00, 0x0F, 0x00, 0x63, 0x4B, 0xB0,
  0x0A, 0x50, 0x58, 0x40, 0x22, 0x00, 0x00, 0x01, 0x02, 0x01, 0x00, 0x70, 0x06, 0x01, 0x02, 0x05,
  0x01, 0x03, 0x04, 0x02, 0x03, 0x65, 0x00, 0x01, 0x01, 0x07, 0x5D, 0x08, 0x01, 0x07, 0x07, 0x1B,
  0x4B, 0x00, 0x04, 0x04, 0x1C, 0x04, 0x4C, 0x1B, 0x40, 0x23, 0x00, 0x00, 0x01, 0x02, 0x01, 0x00,
  0x02, 0x7E, 0x06, 0x01, 0x02, 0x05, 0x01, 0x03, 0x04, 0x02, 0x03, 0x65, 0x00, 0x01, 0x01, 0x07,
  0x5D, 0x08, 0x01, 0x07, 0x07, 0x1B, 0x4B, 0x00, 0x04, 0x04, 0x1C, 0x04, 0x4C, 0x59, 0x40, 0x10,
  0x00, 0x00, 0x00, 0x0F, 0x00, 0x0F, 0x11, 0x11, 0x11, 0x11, 0x11, 0x11, 0x11, 0x09, 0x07, 0x1B,
  0x2B, 0x01, 0x15, 0x23, 0x35, 0x21, 0x15, 0x33, 0x15, 0x23, 0x11, 0x23, 0x11, 0x23, 0x35, 0x33,
  0x11, 0x03, 0x6B, 0x7D, 0xFE, 0x89, 0xFA, 0xFA, 0xFA, 0x7D, 0x7D, 0x03, 0xE8, 0xFA, 0x7D, 0xFA,
  0x7D, 0xFE, 0x89, 0x01, 0x77, 0x7D, 0x01, 0x77, 0x00, 0x01, 0x00, 0x7D, 0x00, 0x00, 0x03, 0x6B,
  0x03, 0xE8, 0x00, 0x13, 0x00, 0x81, 0x4B, 0xB0, 0x0A, 0x50, 0x58, 0x40, 0x30, 0x00, 0x00, 0x01,
  0x02, 0x01, 0x00, 0x70, 0x00, 0x02, 0x00, 0x07, 0x03, 0x02, 0x07, 0x65, 0x00, 0x01, 0x01, 0x09,
  0x5D, 0x0A, 0x01, 0x09, 0x09, 0x1B, 0x4B, 0x00, 0x03, 0x03, 0x04, 0x5D, 0x08, 0x01, 0x04, 0x04,
  0x1C, 0x4B, 0x00, 0x06, 0x06, 0x05, 0x5D, 0x00, 0x05, 0x05, 0x1F, 0x05, 0x4C, 0x1B, 0x40, 0x31,
  0x00, 0x00, 0x01, 0x02, 0x01, 0x00, 0x02, 0x7E, 0x00, 0x02, 0x00, 0x07, 0x03, 0x02, 0x07, 0x65,
  0x00, 0x01, 0x01, 0x09, 0x5D, 0x0A, 0x01, 0x09, 0x09, 0x1B, 0x4B, 0x00, 0x03, 0x03, 0x04, 0x5D,
  0x08, 0x01, 0x04, 0x04, 0x1C, 0x4B, 0x00, 0x06, 0x06, 0x05, 0x5D, 0x00, 0x05, 0x05, 0x1F, 0x05,
  0x4C, 0x59, 0x40, 0x12, 0x00, 0x00, 0x00, 0x13, 0x00, 0x13, 0x11, 0x11, 0x11, 0x11, 0x11, 0x11,
  0x11, 0x11, 0x11, 0x0B, 0x07, 0x1D, 0x2B, 0x01, 0x15, 0x23, 0x35, 0x21, 0x15, 0x21, 0x15, 0x33,
  0x11, 0x23, 0x15, 0x23, 0x35, 0x33, 0x11, 0x23, 0x11, 0x23, 0x11, 0x03, 0x6B, 0x7D, 0xFE, 0x89,
  0x01, 0x77, 0x7D, 0x7D, 0xFA, 0x7D, 0xFA, 0xFA, 0x03, 0xE8, 0xFA, 0x7D, 0xFA, 0x7D, 0xFE, 0x89,
  0x7D, 0x7D, 0x01, 0x77, 0xFE, 0x89, 0x03, 0x6B, 0x00, 0x05, 0x00, 0x00, 0x00, 0x00, 0x03, 0xE8,
  0x03, 0xE8, 0x00, 0x05, 0x00, 0x11, 0x00, 0x17, 0x00, 0x1D, 0x00, 0x27, 0x00, 0xCC, 0x4B, 0xB0,
  0x0A, 0x50, 0x58, 0x40, 0x46, 0x09, 0x01, 0x00, 0x01, 0x06, 0x01, 0x00, 0x70, 0x15, 0x08, 0x02,
  0x06, 0x05, 0x01, 0x03, 0x0C, 0x06, 0x03, 0x65, 0x0B, 0x01, 0x01, 0x01, 0x02, 0x5D, 0x0A, 0x07,
  0x14, 0x03, 0x02, 0x02, 0x1B, 0x4B, 0x12, 0x01, 0x0C, 0x0C, 0x04, 0x5D, 0x11, 0x0D, 0x02, 0x04,
  0x04, 0x1C, 0x4B, 0x13, 0x01, 0x0E, 0x0E, 0x04, 0x5E, 0x11, 0x0D, 0x02, 0x04, 0x04, 0x1C, 0x4B,
  0x00, 0x0F, 0x0F, 0x10, 0x5E, 0x00, 0x10, 0x10, 0x1F, 0x10, 0x4C, 0x1B, 0x40, 0x47, 0x09, 0x01,
  0x00, 0x01, 0x06, 0x01, 0x00, 0x06, 0x7E, 0x15, 0x08, 0x02, 0x06, 0x05, 0x01, 0x03, 0x0C, 0x06,
  0x03, 0x65, 0x0B, 0x01, 0x01, 0x01, 0x02, 0x5D, 0x0A, 0x07, 0x14, 0x03, 0x02, 0x02, 0x1B, 0x4B,
  0x12, 0x01, 0x0C, 0x0C, 0x04, 0x5D, 0x11, 0x0D, 0x02, 0x04, 0x04, 0x1C, 0x4B, 0x13, 0x01, 0x0E,
  0x0E, 0x04, 0x5E, 0x11, 0x0D, 0x02, 0x04, 0x04, 0x1C, 0x4B, 0x00, 0x0F, 0x0F, 0x10, 0x5E, 0x00,
  0x10, 0x10, 0x1F, 0x10, 0x4C, 0x59, 0x40, 0x31, 0x06, 0x06, 0x00, 0x00, 0x27, 0x26, 0x25, 0x24,
  0x23, 0x22, 0x21, 0x20, 0x1F, 0x1E, 0x1D, 0x1C, 0x1B, 0x1A, 0x19, 0x18, 0x17, 0x16, 0x15, 0x14,
  0x13, 0x12, 0x06, 0x11, 0x06, 0x11, 0x10, 0x0F, 0x0E, 0x0D, 0x0C, 0x0B, 0x0A, 0x09, 0x08, 0x07,
  0x00, 0x05, 0x00, 0x05, 0x11, 0x11, 0x16, 0x07, 0x16, 0x2B, 0x13, 0x11, 0x23, 0x35, 0x23, 0x35,
  0x01, 0x15, 0x23, 0x11, 0x23, 0x11, 0x23, 0x35, 0x33, 0x11, 0x33, 0x11, 0x33, 0x23, 0x11, 0x33,
  0x15, 0x23, 0x05, 0x33, 0x11, 0x23, 0x35, 0x33, 0x05, 0x33, 0x15, 0x23, 0x35, 0x23, 0x11, 0x33,
  0x15, 0x33, 0xFA, 0x7D, 0x7D, 0x02, 0x71, 0x7D, 0x7D, 0x7D, 0x7D, 0x7D, 0xFA, 0x7D, 0xFA, 0x7D,
  0xFD, 0x8F, 0x7D, 0xFA, 0x7D, 0x02, 0xEE, 0x7D, 0xFA, 0x7D, 0x7D, 0x7D, 0x03, 0xE8, 0xFE, 0x89,
  0x7D, 0xFA, 0xFE, 0x89, 0x7D, 0xFE, 0x89, 0x01, 0x77, 0x7D, 0x01, 0x77, 0xFE, 0x89, 0x01, 0x77,
  0xFA, 0xFA, 0xFE, 0x89, 0xFA, 0x7D, 0xFA, 0x7D, 0x01, 0x77, 0x7D, 0x00, 0x00, 0x01, 0x00, 0x00,
  0x00, 0x00, 0x03, 0x6B, 0x03, 0xE8, 0x00, 0x1F, 0x00, 0x63, 0x40, 0x60, 0x00, 0x0C, 0x00, 0x0D,
  0x0C, 0x55, 0x10, 0x0F, 0x02, 0x0D, 0x00, 0x00, 0x0A, 0x0D, 0x00, 0x65, 0x00, 0x0A, 0x00, 0x09,
  0x01, 0x0A, 0x09, 0x65, 0x00, 0x01, 0x07, 0x02, 0x01, 0x55, 0x00, 0x07, 0x06, 0x01, 0x02, 0x08,
  0x07, 0x02, 0x65, 0x00, 0x0B, 0x0B, 0x0E, 0x5D, 0x00, 0x0E, 0x0E, 0x1B, 0x4B, 0x00, 0x08, 0x08,
  0x03, 0x5D, 0x05, 0x01, 0x03, 0x03, 0x1C, 0x4B, 0x00, 0x04, 0x04, 0x1F, 0x04, 0x4C, 0x00, 0x00,
  0x00, 0x1F, 0x00, 0x1F, 0x1E, 0x1D, 0x1C, 0x1B, 0x1A, 0x19, 0x18, 0x17, 0x16, 0x15, 0x14, 0x13,
  0x11, 0x11, 0x11, 0x11, 0x11, 0x11, 0x11, 0x11, 0x11, 0x11, 0x07, 0x1D, 0x2B, 0x01, 0x15, 0x23,
  0x15, 0x33, 0x15, 0x23, 0x15, 0x23, 0x15, 0x23, 0x35, 0x23, 0x35, 0x23, 0x35, 0x33, 0x15, 0x21,
  0x35, 0x21, 0x35, 0x21, 0x35, 0x21, 0x15, 0x23, 0x35, 0x33, 0x35, 0x21, 0x15, 0x03, 0x6B, 0x7D,
  0x7D, 0x7D, 0xFA, 0x7D, 0xFA, 0x7D, 0xFA, 0x01, 0x77, 0xFE, 0x89, 0x01, 0x77, 0xFE, 0x89, 0xFA,
  0x7D, 0x02, 0x71, 0x03, 0x6B, 0xFA, 0x7D, 0xFA, 0x7D, 0x7D, 0x7D, 0x7D, 0x7D, 0x7D, 0xFA, 0x7D,
  0xFA, 0x7D, 0x7D, 0x7D, 0x7D, 0x00, 0x00, 0x00, 0x00, 0x02, 0x00, 0x00, 0x00, 0x00, 0x03, 0x6B,
  0x03, 0xE8, 0x00, 0x13, 0x00, 0x1B, 0x00, 0x5D, 0x40, 0x5A, 0x00, 0x02, 0x06, 0x05, 0x06, 0x02,
  0x05, 0x7E, 0x00, 0x0C, 0x00, 0x0B, 0x00, 0x0C, 0x0B, 0x65, 0x00, 0x06, 0x02, 0x01, 0x06, 0x56,
  0x09, 0x01, 0x01, 0x00, 0x05, 0x03, 0x01, 0x05, 0x66, 0x00, 0x0A, 0x0A, 0x08, 0x5D, 0x0E, 0x0D,
  0x02, 0x08, 0x08, 0x1B, 0x4B, 0x00, 0x00, 0x00, 0x1D, 0x4B, 0x00, 0x07, 0x07, 0x1C, 0x4B, 0x00,
  0x03, 0x03, 0x04, 0x5E, 0x00, 0x04, 0x04, 0x1F, 0x04, 0x4C, 0x14, 0x14, 0x14, 0x1B, 0x14, 0x1B,
  0x1A, 0x19, 0x18, 0x17, 0x16, 0x15, 0x13, 0x12, 0x11, 0x11, 0x11, 0x11, 0x11, 0x11, 0x11, 0x11,
  0x10, 0x0F, 0x07, 0x1D, 0x2B, 0x01, 0x33, 0x15, 0x33, 0x15, 0x33, 0x15, 0x33, 0x15, 0x23, 0x35,
  0x23, 0x35, 0x23, 0x11, 0x23, 0x11, 0x33, 0x11, 0x33, 0x01, 0x15, 0x23, 0x15, 0x23, 0x35, 0x33,
  0x35, 0x01, 0x77, 0x7D, 0x7D, 0x7D, 0x7D, 0xFA, 0x7D, 0xFA, 0xFA, 0xFA, 0x7D, 0x01, 0xF4, 0x7D,
  0xFA, 0x7D, 0x02, 0xEE, 0x7D, 0x7D, 0xFA, 0xFA, 0xFA, 0xFA, 0xFE, 0x89, 0x03, 0x6B, 0xFE, 0x89,
  0x01, 0x77, 0x7D, 0x7D, 0x7D, 0x7D, 0x00, 0x00, 0x00, 0x03, 0x00, 0x00, 0x00, 0x7D, 0x03, 0x6B,
  0x03, 0xE8, 0x00, 0x0F, 0x00, 0x15, 0x00, 0x1B, 0x00, 0x9F, 0x4B, 0xB0, 0x0A, 0x50, 0x58, 0x40,
  0x3B, 0x00, 0x08, 0x07, 0x00, 0x07, 0x08, 0x00, 0x7E, 0x00, 0x0C, 0x01, 0x02, 0x0D, 0x0C, 0x70,
  0x06, 0x01, 0x00, 0x03, 0x01, 0x01, 0x0C, 0x00, 0x01, 0x65, 0x0E, 0x01, 0x0A, 0x0A, 0x05, 0x5D,
  0x09, 0x01, 0x05, 0x05, 0x1B, 0x4B, 0x00, 0x02, 0x02, 0x07, 0x5D, 0x00, 0x07, 0x07, 0x1D, 0x4B,
  0x00, 0x0D, 0x0D, 0x04, 0x5E, 0x0B, 0x01, 0x04, 0x04, 0x1C, 0x04, 0x4C, 0x1B, 0x40, 0x3C, 0x00,
  0x08, 0x07, 0x00, 0x07, 0x08, 0x00, 0x7E, 0x00, 0x0C, 0x01, 0x02, 0x01, 0x0C, 0x02, 0x7E, 0x06,
  0x01, 0x00, 0x03, 0x01, 0x01, 0x0C, 0x00, 0x01, 0x65, 0x0E, 0x01, 0x0A, 0x0A, 0x05, 0x5D, 0x09,
  0x01, 0x05, 0x05, 0x1B, 0x4B, 0x00, 0x02, 0x02, 0x07, 0x5D, 0x00, 0x07, 0x07, 0x1D, 0x4B, 0x00,
  0x0D, 0x0D, 0x04, 0x5E, 0x0B, 0x01, 0x04, 0x04, 0x1C, 0x04, 0x4C, 0x59, 0x40, 0x1A, 0x10, 0x10,
  0x1B, 0x1A, 0x19, 0x18, 0x17, 0x16, 0x10, 0x15, 0x10, 0x15, 0x14, 0x13, 0x12, 0x11, 0x11, 0x11,
  0x11, 0x11, 0x11, 0x11, 0x10, 0x0F, 0x07, 0x1D, 0x2B, 0x01, 0x33, 0x15, 0x23, 0x15, 0x23, 0x35,
  0x23, 0x11, 0x23, 0x11, 0x33, 0x11, 0x33, 0x35, 0x33, 0x37, 0x15, 0x23, 0x11, 0x33, 0x15, 0x11,
  0x23, 0x11, 0x33, 0x15, 0x33, 0x01, 0xF4, 0x7D, 0x7D, 0x7D, 0x7D, 0xFA, 0xFA, 0x7D, 0x7D, 0xFA,
  0x7D, 0xFA, 0xFA, 0x7D, 0x7D, 0x02, 0x71, 0x7D, 0x7D, 0x7D, 0xFE, 0x89, 0x03, 0x6B, 0xFE, 0x89,
  0x7D, 0x7D, 0xFA, 0x01, 0x77, 0x7D, 0xFD, 0x12, 0x01, 0x77, 0x7D, 0x00, 0x00, 0x02, 0x00, 0x00,
  0x00, 0x7D, 0x03, 0x6B, 0x03, 0xE8, 0x00, 0x13, 0x00, 0x19, 0x00, 0xA1, 0x4B, 0xB0, 0x0A, 0x50,
  0x58, 0x40, 0x3B, 0x00, 0x0A, 0x06, 0x09, 0x06, 0x0A, 0x70, 0x00, 0x00, 0x04, 0x03, 0x04, 0x00,
  0x03, 0x7E, 0x00, 0x08, 0x00, 0x04, 0x00, 0x08, 0x04, 0x65, 0x0E, 0x0C, 0x02, 0x06, 0x06, 0x07,
  0x5D, 0x0B, 0x01, 0x07, 0x07, 0x1B, 0x4B, 0x00, 0x03, 0x03, 0x09, 0x5D, 0x0D, 0x01, 0x09, 0x09,
  0x1D, 0x4B, 0x00, 0x01, 0x01, 0x02, 0x5E, 0x05, 0x01, 0x02, 0x02, 0x1C, 0x02, 0x4C, 0x1B, 0x40,
  0x3C, 0x00, 0x0A, 0x06, 0x09, 0x06, 0x0A, 0x09, 0x7E, 0x00, 0x00, 0x04, 0x03, 0x04, 0x00, 0x03,
  0x7E, 0x00, 0x08, 0x00, 0x04, 0x00, 0x08, 0x04, 0x65, 0x0E, 0x0C, 0x02, 0x06, 0x06, 0x07, 0x5D,
  0x0B, 0x01, 0x07, 0x07, 0x1B, 0x4B, 0x00, 0x03, 0x03, 0x09, 0x5D, 0x0D, 0x01, 0x09, 0x09, 0x1D,
  0x4B, 0x00, 0x01, 0x01, 0x02, 0x5E, 0x05, 0x01, 0x02, 0x02, 0x1C, 0x02, 0x4C, 0x59, 0x40, 0x1C,
  0x14, 0x14, 0x00, 0x00, 0x14, 0x19, 0x14, 0x19, 0x18, 0x17, 0x16, 0x15, 0x00, 0x13, 0x00, 0x13,
  0x11, 0x11, 0x11, 0x11, 0x11, 0x11, 0x11, 0x11, 0x11, 0x0F, 0x07, 0x1D, 0x2B, 0x01, 0x15, 0x33,
  0x15, 0x33, 0x15, 0x23, 0x35, 0x23, 0x35, 0x23, 0x11, 0x23, 0x11, 0x23, 0x35, 0x21, 0x11, 0x33,
  0x35, 0x37, 0x15, 0x23, 0x35, 0x33, 0x15, 0x02, 0x71, 0x7D, 0x7D, 0xFA, 0x7D, 0x7D, 0xFA, 0x7D,
  0x01, 0x77, 0x7D, 0xFA, 0x7D, 0xFA, 0x02, 0xEE, 0xFA, 0xFA, 0x7D, 0x7D, 0xFA, 0xFE, 0x89, 0x02,
  0xEE, 0x7D, 0xFE, 0x89, 0x7D, 0x7D, 0x7D, 0xFA, 0x7D, 0x00, 0x00, 0x00, 0x00, 0x01, 0x00, 0x00,
  0x00, 0x00, 0x03, 0xE8, 0x03, 0xE8, 0x00, 0x0F, 0x00, 0x2D, 0x40, 0x2A, 0x00, 0x06, 0x00, 0x03,
  0x00, 0x06, 0x03, 0x65, 0x07, 0x01, 0x05, 0x05, 0x1B, 0x4B, 0x04, 0x01, 0x02, 0x02, 0x1C, 0x4B,
  0x00, 0x00, 0x00, 0x01, 0x5D, 0x00, 0x01, 0x01, 0x1F, 0x01, 0x4C, 0x11, 0x11, 0x11, 0x11, 0x11,
  0x11, 0x11, 0x10, 0x08, 0x07, 0x1C, 0x2B, 0x25, 0x33, 0x15, 0x23, 0x35, 0x23, 0x11, 0x21, 0x11,
  0x23, 0x11, 0x33, 0x11, 0x21, 0x11, 0x33, 0x03, 0x6B, 0x7D, 0xFA, 0x7D, 0xFE, 0x89, 0xFA, 0xFA,
  0x01, 0x77, 0xFA, 0xFA, 0xFA, 0x7D, 0x01, 0x77, 0xFE, 0x89, 0x03, 0x6B, 0xFE, 0x89, 0x01, 0x77,
  0x00, 0x01, 0x00, 0x00, 0x00, 0x00, 0x03, 0xE8, 0x03, 0xE8, 0x00, 0x0B, 0x00, 0x27, 0x40, 0x24,
  0x00, 0x03, 0x03, 0x05, 0x5D, 0x00, 0x05, 0x05, 0x1B, 0x4B, 0x04, 0x01, 0x02, 0x02, 0x1C, 0x4B,
  0x00, 0x00, 0x00, 0x01, 0x5D, 0x00, 0x01, 0x01, 0x1F, 0x01, 0x4C, 0x11, 0x11, 0x11, 0x11, 0x11,
  0x10, 0x06, 0x07, 0x1A, 0x2B, 0x25, 0x33, 0x15, 0x23, 0x35, 0x23, 0x11, 0x21, 0x11, 0x23, 0x11,
  0x21, 0x03, 0x6B, 0x7D, 0xFA, 0x7D, 0xFE, 0x89, 0xFA, 0x03, 0x6B, 0xFA, 0xFA, 0x7D, 0x02, 0xEE,
  0xFD, 0x12, 0x03, 0x6B, 0x00, 0x01, 0x00, 0x00, 0x00, 0x00, 0x03, 0x6B, 0x03, 0xE8, 0x00, 0x1F,
  0x00, 0x5E, 0x40, 0x5B, 0x10, 0x0F, 0x02, 0x0D, 0x02, 0x01, 0x00, 0x0C, 0x0D, 0x00, 0x65, 0x0A,
  0x01, 0x06, 0x04, 0x03, 0x06, 0x55, 0x00, 0x01, 0x01, 0x0E, 0x5D, 0x00, 0x0E, 0x0E, 0x1B, 0x4B,
  0x00, 0x0B, 0x0B, 0x0C, 0x5D, 0x00, 0x0C, 0x0C, 0x1D, 0x4B, 0x05, 0x01, 0x03, 0x03, 0x07, 0x5D,
  0x09, 0x01, 0x07, 0x07, 0x1C, 0x4B, 0x00, 0x04, 0x04, 0x08, 0x5D, 0x00, 0x08, 0x08, 0x1F, 0x08,
  0x4C, 0x00, 0x00, 0x00, 0x1F, 0x00, 0x1F, 0x1E, 0x1D, 0x1C, 0x1B, 0x1A, 0x19, 0x18, 0x17, 0x16,
  0x15, 0x14, 0x13, 0x11, 0x11, 0x11, 0x11, 0x11, 0x11, 0x11, 0x11, 0x11, 0x11, 0x07, 0x1D, 0x2B,
  0x01, 0x15, 0x23, 0x35, 0x23, 0x15, 0x23, 0x11, 0x33, 0x15, 0x33, 0x35, 0x33, 0x15, 0x23, 0x15,
  0x23, 0x15, 0x23, 0x35, 0x23, 0x35, 0x23, 0x35, 0x23, 0x11, 0x33, 0x35, 0x33, 0x35, 0x21, 0x15,
  0x03, 0x6B, 0xFA, 0xFA, 0x7D, 0x7D, 0xFA, 0xFA, 0x7D, 0x7D, 0xFA, 0x7D, 0x7D, 0x7D, 0x7D, 0x7D,
  0x01, 0xF4, 0x03, 0x6B, 0x7D, 0x7D, 0x7D, 0xFE, 0x89, 0x7D, 0x7D, 0x7D, 0x7D, 0x7D, 0x7D, 0x7D,
  0x7D, 0x01, 0x77, 0x7D, 0x7D, 0x7D, 0x00, 0x00, 0x00, 0x01, 0x00, 0x7D, 0x00, 0x00, 0x03, 0x6B,
  0x03, 0xE8, 0x00, 0x0B, 0x00, 0x2D, 0x40, 0x2A, 0x04, 0x01, 0x00, 0x00, 0x05, 0x5D, 0x06, 0x01,
  0x05, 0x05, 0x1B, 0x4B, 0x00, 0x03, 0x03, 0x1C, 0x4B, 0x00, 0x01, 0x01, 0x02, 0x5D, 0x00, 0x02,
  0x02, 0x1F, 0x02, 0x4C, 0x00, 0x00, 0x00, 0x0B, 0x00, 0x0B, 0x11, 0x11, 0x11, 0x11, 0x11, 0x07,
  0x07, 0x19, 0x2B, 0x01, 0x15, 0x23, 0x11, 0x33, 0x15, 0x23, 0x35, 0x23, 0x11, 0x23, 0x35, 0x03,
  0x6B, 0xFA, 0x7D, 0xFA, 0x7D, 0xFA, 0x03, 0xE8, 0x7D, 0xFD, 0x8F, 0xFA, 0x7D, 0x02, 0xEE, 0x7D,
  0x00, 0x01, 0x00, 0x7D, 0x00, 0x7D, 0x03, 0x6B, 0x03, 0xE8, 0x00, 0x0F, 0x00, 0x5F, 0x4B, 0xB0,
  0x0A, 0x50, 0x58, 0x40, 0x20, 0x06, 0x01, 0x00, 0x03, 0x07, 0x01, 0x00, 0x70, 0x05, 0x01, 0x01,
  0x01, 0x02, 0x5D, 0x04, 0x01, 0x02, 0x02, 0x1B, 0x4B, 0x00, 0x03, 0x03, 0x07, 0x5D, 0x08, 0x01,
  0x07, 0x07, 0x1C, 0x07, 0x4C, 0x1B, 0x40, 0x21, 0x06, 0x01, 0x00, 0x03, 0x07, 0x03, 0x00, 0x07,
  0x7E, 0x05, 0x01, 0x01, 0x01, 0x02, 0x5D, 0x04, 0x01, 0x02, 0x02, 0x1B, 0x4B, 0x00, 0x03, 0x03,
  0x07, 0x5D, 0x08, 0x01, 0x07, 0x07, 0x1C, 0x07, 0x4C, 0x59, 0x40, 0x10, 0x00, 0x00, 0x00, 0x0F,
  0x00, 0x0F, 0x11, 0x11, 0x11, 0x11, 0x11, 0x11, 0x11, 0x09, 0x07, 0x1B, 0x2B, 0x25, 0x11, 0x23,
  0x35, 0x23, 0x11, 0x33, 0x11, 0x33, 0x11, 0x33, 0x11, 0x23, 0x15, 0x23, 0x11, 0x01, 0x77, 0x7D,
  0x7D, 0xFA, 0xFA, 0xFA, 0x7D, 0x7D, 0x7D, 0x01, 0x77, 0x7D, 0x01, 0x77, 0xFE, 0x89, 0x01, 0x77,
  0xFE, 0x89, 0x7D, 0xFE, 0x89, 0x00, 0x00, 0x00, 0x00, 0x01, 0x00, 0x7D, 0x00, 0x7D, 0x03, 0x6B,
  0x03, 0xE8, 0x00, 0x17, 0x00, 0x79, 0x4B, 0xB0, 0x0A, 0x50, 0x58, 0x40, 0x2A, 0x07, 0x01, 0x01,
  0x0A, 0x02, 0x00, 0x01, 0x70, 0x06, 0x01, 0x02, 0x05, 0x01, 0x03, 0x04, 0x02, 0x03, 0x65, 0x08,
  0x01, 0x00, 0x00, 0x09, 0x5D, 0x0C, 0x0B, 0x02, 0x09, 0x09, 0x1B, 0x4B, 0x00, 0x0A, 0x0A, 0x04,
  0x5D, 0x00, 0x04, 0x04, 0x1C, 0x04, 0x4C, 0x1B, 0x40, 0x2B, 0x07, 0x01, 0x01, 0x0A, 0x02, 0x0A,
  0x01, 0x02, 0x7E, 0x06, 0x01, 0x02, 0x05, 0x01, 0x03, 0x04, 0x02, 0x03, 0x65, 0x08, 0x01, 0x00,
  0x00, 0x09, 0x5D, 0x0C, 0x0B, 0x02, 0x09, 0x09, 0x1B, 0x4B, 0x00, 0x0A, 0x0A, 0x04, 0x5D, 0x00,
  0x04, 0x04, 0x1C, 0x04, 0x4C, 0x59, 0x40, 0x16, 0x00, 0x00, 0x00, 0x17, 0x00, 0x17, 0x16, 0x15,
  0x14, 0x13, 0x11, 0x11, 0x11, 0x11, 0x11, 0x11, 0x11, 0x11, 0x11, 0x0D, 0x07, 0x1D, 0x2B, 0x01,
  0x11, 0x23, 0x15, 0x23, 0x15, 0x33, 0x15, 0x23, 0x15, 0x23, 0x35, 0x23, 0x35, 0x33, 0x35, 0x23,
  0x35, 0x23, 0x11, 0x33, 0x11, 0x33, 0x11, 0x03, 0x6B, 0x7D, 0x7D, 0x7D, 0x7D, 0xFA, 0x7D, 0x7D,
  0x7D, 0x7D, 0xFA, 0xFA, 0x03, 0xE8, 0xFE, 0x89, 0x7D, 0x7D, 0x7D, 0x7D, 0x7D, 0x7D, 0x7D, 0x7D,
  0x01, 0x77, 0xFE, 0x89, 0x01, 0x77, 0x00, 0x00, 0x00, 0x01, 0x00, 0x00, 0x00, 0x00, 0x03, 0xE8,
  0x03, 0xE8, 0x00, 0x0F, 0x00, 0x31, 0x40, 0x2E, 0x00, 0x06, 0x00, 0x03, 0x00, 0x06, 0x03, 0x65,
  0x00, 0x04, 0x04, 0x05, 0x5D, 0x07, 0x01, 0x05, 0x05, 0x1B, 0x4B, 0x00, 0x02, 0x02, 0x1C, 0x4B,
  0x00, 0x00, 0x00, 0x01, 0x5D, 0x00, 0x01, 0x01, 0x1F, 0x01, 0x4C, 0x11, 0x11, 0x11, 0x11, 0x11,
  0x11, 0x11, 0x10, 0x08, 0x07, 0x1C, 0x2B, 0x25, 0x33, 0x15, 0x23, 0x35, 0x23, 0x11, 0x21, 0x35,
  0x23, 0x11, 0x33, 0x11, 0x21, 0x11, 0x33, 0x03, 0x6B, 0x7D, 0xFA, 0x7D, 0xFE, 0x0C, 0x7D, 0xFA,
  0x01, 0x77, 0xFA, 0xFA, 0xFA, 0x7D, 0x01, 0x77, 0x7D, 0x01, 0x77, 0xFE, 0x89, 0x01, 0x77, 0x00,
  0x00, 0x01, 0x00, 0x00, 0x00, 0x7D, 0x03, 0x6B, 0x03, 0xE8, 0x00, 0x13, 0x00, 0x3B, 0x40, 0x38,
  0x08, 0x01, 0x06, 0x03, 0x01, 0x01, 0x02, 0x06, 0x01, 0x65, 0x00, 0x04, 0x04, 0x05, 0x5D, 0x0A,
  0x09, 0x02, 0x05, 0x05, 0x1B, 0x4B, 0x00, 0x02, 0x02, 0x07, 0x5D, 0x00, 0x07, 0x07, 0x1D, 0x4B,
  0x00, 0x00, 0x00, 0x1C, 0x00, 0x4C, 0x00, 0x00, 0x00, 0x13, 0x00, 0x13, 0x11, 0x11, 0x11, 0x11,
  0x11, 0x11, 0x11, 0x11, 0x11, 0x0B, 0x07, 0x1D, 0x2B, 0x01, 0x11, 0x23, 0x11, 0x23, 0x15, 0x23,
  0x35, 0x23, 0x35, 0x23, 0x11, 0x33, 0x11, 0x33, 0x35, 0x33, 0x15, 0x33, 0x11, 0x03, 0x6B, 0xFA,
  0x7D, 0x7D, 0xFA, 0x7D, 0xFA, 0x7D, 0x7D, 0x7D, 0x03, 0xE8, 0xFC, 0x95, 0x01, 0x77, 0x7D, 0x7D,
  0x7D, 0x01, 0x77, 0xFE, 0x89, 0x7D, 0x7D, 0x01, 0x77, 0x00, 0x00, 0x00, 0x00, 0x01, 0x00, 0x7D,
  0x00, 0x7D, 0x03, 0xE8, 0x03, 0xE8, 0x00, 0x0B, 0x00, 0x2B, 0x40, 0x28, 0x00, 0x01, 0x00, 0x04,
  0x02, 0x01, 0x04, 0x65, 0x00, 0x00, 0x00, 0x1B, 0x4B, 0x00, 0x02, 0x02, 0x03, 0x5D, 0x06, 0x05,
  0x02, 0x03, 0x03, 0x1C, 0x03, 0x4C, 0x00, 0x00, 0x00, 0x0B, 0x00, 0x0B, 0x11, 0x11, 0x11, 0x11,
  0x11, 0x07, 0x07, 0x19, 0x2B, 0x37, 0x11, 0x33, 0x11, 0x21, 0x15, 0x33, 0x11, 0x23, 0x11, 0x21,
  0x11, 0x7D, 0xFA, 0x01, 0xF4, 0x7D, 0xFA, 0xFE, 0x89, 0x7D, 0x03, 0x6B, 0xFE, 0x89, 0x7D, 0xFE,
  0x89, 0x01, 0x77, 0xFE, 0x89, 0x00, 0x00, 0x00, 0x00, 0x01, 0x00, 0x7D, 0x00, 0x7D, 0x03, 0x6B,
  0x03, 0xE8, 0x00, 0x0B, 0x00, 0x29, 0x40, 0x26, 0x03, 0x01, 0x01, 0x01, 0x02, 0x5D, 0x00, 0x02,
  0x02, 0x1B, 0x4B, 0x04, 0x01, 0x00, 0x00, 0x05, 0x5D, 0x06, 0x01, 0x05, 0x05, 0x1C, 0x05, 0x4C,
  0x00, 0x00, 0x00, 0x0B, 0x00, 0x0B, 0x11, 0x11, 0x11, 0x11, 0x11, 0x07, 0x07, 0x19, 0x2B, 0x37,
  0x35, 0x33, 0x11, 0x23, 0x35, 0x21, 0x15, 0x23, 0x11, 0x33, 0x15, 0x7D, 0xFA, 0xFA, 0x02, 0xEE,
  0xFA, 0xFA, 0x7D, 0x7D, 0x02, 0x71, 0x7D, 0x7D, 0xFD, 0x8F, 0x7D, 0x00, 0x00, 0x02, 0x00, 0x00,
  0x00, 0x7D, 0x03, 0x6B, 0x03, 0xE8, 0x00, 0x03, 0x00, 0x1F, 0x00, 0x5E, 0x40, 0x5B, 0x07, 0x01,
  0x05, 0x0E, 0x01, 0x0C, 0x02, 0x05, 0x0C, 0x65, 0x10, 0x01, 0x01, 0x01, 0x00, 0x5D, 0x00, 0x00,
  0x00, 0x1B, 0x4B, 0x09, 0x01, 0x03, 0x03, 0x04, 0x5D, 0x08, 0x06, 0x02, 0x04, 0x04, 0x1D, 0x4B,
  0x0A, 0x01, 0x02, 0x02, 0x0B, 0x5D, 0x11, 0x0F, 0x0D, 0x03, 0x0B, 0x0B, 0x1C, 0x0B, 0x4C, 0x04,
  0x04, 0x00, 0x00, 0x04, 0x1F, 0x04, 0x1F, 0x1E, 0x1D, 0x1C, 0x1B, 0x1A, 0x19, 0x18, 0x17, 0x16,
  0x15, 0x14, 0x13, 0x12, 0x11, 0x10, 0x0F, 0x0E, 0x0D, 0x0C, 0x0B, 0x0A, 0x09, 0x08, 0x07, 0x06,
  0x05, 0x00, 0x03, 0x00, 0x03, 0x11, 0x12, 0x07, 0x15, 0x2B, 0x13, 0x35, 0x21, 0x15, 0x01, 0x35,
  0x33, 0x35, 0x23, 0x35, 0x33, 0x15, 0x33, 0x35, 0x33, 0x15, 0x33, 0x35, 0x33, 0x15, 0x23, 0x15,
  0x33, 0x15, 0x23, 0x35, 0x23, 0x15, 0x23, 0x35, 0x23, 0x15, 0x7D, 0x02, 0x71, 0xFD, 0x12, 0x7D,
  0x7D, 0xFA, 0x7D, 0x7D, 0x7D, 0xFA, 0x7D, 0x7D, 0xFA, 0x7D, 0x7D, 0x7D, 0x03, 0x6B, 0x7D, 0x7D,
  0xFD, 0x12, 0xFA, 0x7D, 0xFA, 0xFA, 0xFA, 0xFA, 0xFA, 0xFA, 0x7D, 0xFA, 0xFA, 0xFA, 0xFA, 0xFA,
  0x00, 0x01, 0x00, 0x00, 0x00, 0x00, 0x03, 0xE8, 0x03, 0xE8, 0x00, 0x0F, 0x00, 0x31, 0x40, 0x2E,
  0x00, 0x06, 0x00, 0x03, 0x00, 0x06, 0x03, 0x65, 0x00, 0x04, 0x04, 0x05, 0x5D, 0x07, 0x01, 0x05,
  0x05, 0x1B, 0x4B, 0x00, 0x02, 0x02, 0x1C, 0x4B, 0x00, 0x00, 0x00, 0x01, 0x5D, 0x00, 0x01, 0x01,
  0x1F, 0x01, 0x4C, 0x11, 0x11, 0x11, 0x11, 0x11, 0x11, 0x11, 0x10, 0x08, 0x07, 0x1C, 0x2B, 0x25,
  0x33, 0x15, 0x23, 0x35, 0x23, 0x11, 0x21, 0x35, 0x23, 0x11, 0x33, 0x11, 0x21, 0x11, 0x33, 0x03,
  0x6B, 0x7D, 0xFA, 0x7D, 0xFE, 0x0C, 0x7D, 0xFA, 0x01, 0x77, 0xFA, 0xFA, 0xFA, 0x7D, 0x01, 0x77,
  0x7D, 0x01, 0x77, 0xFE, 0x89, 0x01, 0x77, 0x00, 0x00, 0x03, 0x00, 0x00, 0x00, 0x7D, 0x03, 0x6B,
  0x03, 0xE8, 0x00, 0x03, 0x00, 0x13, 0x00, 0x1B, 0x00, 0xAA, 0x4B, 0xB0, 0x0A, 0x50, 0x58, 0x40,
  0x3A, 0x05, 0x01, 0x03, 0x0C, 0x0B, 0x02, 0x03, 0x70, 0x0D, 0x01, 0x0B, 0x02, 0x0C, 0x0B, 0x6E,
  0x00, 0x0A, 0x00, 0x08, 0x07, 0x0A, 0x08, 0x65, 0x0E, 0x01, 0x01, 0x01, 0x00, 0x5D, 0x00, 0x00,
  0x00, 0x1B, 0x4B, 0x00, 0x0C, 0x0C, 0x04, 0x5D, 0x00, 0x04, 0x04, 0x1D, 0x4B, 0x06, 0x01, 0x02,
  0x02, 0x07, 0x5E, 0x0F, 0x09, 0x02, 0x07, 0x07, 0x1C, 0x07, 0x4C, 0x1B, 0x40, 0x3C, 0x05, 0x01,
  0x03, 0x0C, 0x0B, 0x0C, 0x03, 0x0B, 0x7E, 0x0D, 0x01, 0x0B, 0x02, 0x0C, 0x0B, 0x02, 0x7C, 0x00,
  0x0A, 0x00, 0x08, 0x07, 0x0A, 0x08, 0x65, 0x0E, 0x01, 0x01, 0x01, 0x00, 0x5D, 0x00, 0x00, 0x00,
  0x1B, 0x4B, 0x00, 0x0C, 0x0C, 0x04, 0x5D, 0x00, 0x04, 0x04, 0x1D, 0x4B, 0x06, 0x01, 0x02, 0x02,
  0x07, 0x5E, 0x0F, 0x09, 0x02, 0x07, 0x07, 0x1C, 0x07, 0x4C, 0x59, 0x40, 0x26, 0x04, 0x04, 0x00,
  0x00, 0x1B, 0x1A, 0x19, 0x18, 0x17, 0x16, 0x15, 0x14, 0x04, 0x13, 0x04, 0x13, 0x12, 0x11, 0x10,
  0x0F, 0x0E, 0x0D, 0x0C, 0x0B, 0x0A, 0x09, 0x08, 0x07, 0x06, 0x05, 0x00, 0x03, 0x00, 0x03, 0x11,
  0x10, 0x07, 0x15, 0x2B, 0x13, 0x35, 0x21, 0x15, 0x01, 0x11, 0x33, 0x35, 0x33, 0x35, 0x21, 0x15,
  0x33, 0x15, 0x33, 0x11, 0x23, 0x35, 0x21, 0x15, 0x35, 0x21, 0x35, 0x23, 0x35, 0x23, 0x15, 0x23,
  0x7D, 0x02, 0x71, 0xFD, 0x12, 0x7D, 0x7D, 0x01, 0x77, 0x7D, 0x7D, 0xFA, 0xFE, 0x89, 0x01, 0x77,
  0x7D, 0x7D, 0x7D, 0x03, 0x6B, 0x7D, 0x7D, 0xFD, 0x12, 0x01, 0x77, 0x7D, 0x7D, 0x7D, 0x7D, 0xFE,
  0x89, 0x7D, 0x7D, 0xFA, 0x7D, 0x7D, 0x7D, 0x00, 0x00, 0x04, 0x00, 0x00, 0x00, 0x7D, 0x03, 0x6B,
  0x03, 0xE8, 0x00, 0x03, 0x00, 0x07, 0x00, 0x17, 0x00, 0x1F, 0x00, 0xB8, 0x4B, 0xB0, 0x0A, 0x50,
  0x58, 0x40, 0x3D, 0x07, 0x01, 0x05, 0x0E, 0x0D, 0x04, 0x05, 0x70, 0x0F, 0x01, 0x0D, 0x04, 0x0E,
  0x0D, 0x6E, 0x00, 0x0C, 0x00, 0x0A, 0x09, 0x0C, 0x0A, 0x65, 0x11, 0x03, 0x10, 0x03, 0x01, 0x01,
  0x00, 0x5D, 0x02, 0x01, 0x00, 0x00, 0x1B, 0x4B, 0x00, 0x0E, 0x0E, 0x06, 0x5D, 0x00, 0x06, 0x06,
  0x1D, 0x4B, 0x08, 0x01, 0x04, 0x04, 0x09, 0x5E, 0x12, 0x0B, 0x02, 0x09, 0x09, 0x1C, 0x09, 0x4C,
  0x1B, 0x40, 0x3F, 0x07, 0x01, 0x05, 0x0E, 0x0D, 0x0E, 0x05, 0x0D, 0x7E, 0x0F, 0x01, 0x0D, 0x04,
  0x0E, 0x0D, 0x04, 0x7C, 0x00, 0x0C, 0x00, 0x0A, 0x09, 0x0C, 0x0A, 0x65, 0x11, 0x03, 0x10, 0x03,
  0x01, 0x01, 0x00, 0x5D, 0x02, 0x01, 0x00, 0x00, 0x1B, 0x4B, 0x00, 0x0E, 0x0E, 0x06, 0x5D, 0x00,
  0x06, 0x06, 0x1D, 0x4B, 0x08, 0x01, 0x04, 0x04, 0x09, 0x5E, 0x12, 0x0B, 0x02, 0x09, 0x09, 0x1C,
  0x09, 0x4C, 0x59, 0x40, 0x2E, 0x08, 0x08, 0x04, 0x04, 0x00, 0x00, 0x1F, 0x1E, 0x1D, 0x1C, 0x1B,
  0x1A, 0x19, 0x18, 0x08, 0x17, 0x08, 0x17, 0x16, 0x15, 0x14, 0x13, 0x12, 0x11, 0x10, 0x0F, 0x0E,
  0x0D, 0x0C, 0x0B, 0x0A, 0x09, 0x04, 0x07, 0x04, 0x07, 0x06, 0x05, 0x00, 0x03, 0x00, 0x03, 0x11,
  0x13, 0x07, 0x15, 0x2B, 0x13, 0x35, 0x33, 0x15, 0x33, 0x35, 0x33, 0x15, 0x01, 0x11, 0x33, 0x35,
  0x33, 0x35, 0x21, 0x15, 0x33, 0x15, 0x33, 0x11, 0x23, 0x35, 0x21, 0x15, 0x35, 0x21, 0x35, 0x23,
  0x35, 0x23, 0x15, 0x23, 0x7D, 0xFA, 0x7D, 0xFA, 0xFD, 0x12, 0x7D, 0x7D, 0x01, 0x77, 0x7D, 0x7D,
  0xFA, 0xFE, 0x89, 0x01, 0x77, 0x7D, 0x7D, 0x7D, 0x03, 0x6B, 0x7D, 0x7D, 0x7D, 0x7D, 0xFD, 0x12,
  0x01, 0x77, 0x7D, 0x7D, 0x7D, 0x7D, 0xFE, 0x89, 0x7D, 0x7D, 0xFA, 0x7D, 0x7D, 0x7D, 0x00, 0x00,
  0x00, 0x02, 0x00, 0x00, 0x00, 0x7D, 0x03, 0x6B, 0x03, 0xE8, 0x00, 0x03, 0x00, 0x0F, 0x00, 0x46,
  0x40, 0x43, 0x00, 0x04, 0x00, 0x05, 0x06, 0x04, 0x05, 0x65, 0x08, 0x01, 0x01, 0x01, 0x00, 0x5D,
  0x00, 0x00, 0x00, 0x1B, 0x4B, 0x00, 0x03, 0x03, 0x02, 0x5D, 0x00, 0x02, 0x02, 0x1D, 0x4B, 0x00,
  0x06, 0x06, 0x07, 0x5D, 0x09, 0x01, 0x07, 0x07, 0x1C, 0x07, 0x4C, 0x04, 0x04, 0x00, 0x00, 0x04,
  0x0F, 0x04, 0x0F, 0x0E, 0x0D, 0x0C, 0x0B, 0x0A, 0x09, 0x08, 0x07, 0x06, 0x05, 0x00, 0x03, 0x00,
  0x03, 0x11, 0x0A, 0x07, 0x15, 0x2B, 0x13, 0x35, 0x21, 0x15, 0x01, 0x11, 0x21, 0x15, 0x21, 0x15,
  0x21, 0x15, 0x21, 0x15, 0x21, 0x15, 0x7D, 0x02, 0x71, 0xFD, 0x12, 0x03, 0x6B, 0xFD, 0x8F, 0x01,
  0xF4, 0xFE, 0x0C, 0x02, 0x71, 0x03, 0x6B, 0x7D, 0x7D, 0xFD, 0x12, 0x02, 0x71, 0x7D, 0x7D, 0x7D,
  0x7D, 0x7D, 0x00, 0x00, 0x00, 0x02, 0x00, 0x00, 0x00, 0x7D, 0x03, 0x6B, 0x03, 0xE8, 0x00, 0x11,
  0x00, 0x15, 0x00, 0x4B, 0x40, 0x48, 0x00, 0x05, 0x03, 0x06, 0x05, 0x55, 0x00, 0x03, 0x00, 0x09,
  0x00, 0x03, 0x09, 0x65, 0x0B, 0x08, 0x02, 0x06, 0x02, 0x01, 0x00, 0x0A, 0x06, 0x00, 0x65, 0x00,
  0x04, 0x04, 0x07, 0x5D, 0x00, 0x07, 0x07, 0x1B, 0x4B, 0x0C, 0x01, 0x0A, 0x0A, 0x01, 0x5D, 0x00,
  0x01, 0x01, 0x1C, 0x01, 0x4C, 0x12, 0x12, 0x00, 0x00, 0x12, 0x15, 0x12, 0x15, 0x14, 0x13, 0x00,
  0x11, 0x00, 0x11, 0x11, 0x11, 0x11, 0x11, 0x11, 0x11, 0x11, 0x11, 0x0D, 0x07, 0x1C, 0x2B, 0x01,
  0x11, 0x23, 0x15, 0x21, 0x35, 0x23, 0x11, 0x21, 0x35, 0x21, 0x15, 0x23, 0x35, 0x33, 0x35, 0x21,
  0x15, 0x03, 0x35, 0x21, 0x15, 0x03, 0x6B, 0x7D, 0xFD, 0x8F, 0x7D, 0x02, 0x71, 0xFE, 0x89, 0xFA,
  0x7D, 0x02, 0x71, 0x7D, 0xFE, 0x89, 0x03, 0x6B, 0xFD, 0x8F, 0x7D, 0x7D, 0x01, 0x77, 0xFA, 0x7D,
  0x7D, 0x7D, 0x7D, 0xFD, 0x8F, 0xFA, 0xFA, 0x00, 0x00, 0x03, 0x00, 0x00, 0x00, 0x7D, 0x03, 0x6B,
  0x03, 0xE8, 0x00, 0x03, 0x00, 0x07, 0x00, 0x23, 0x00, 0x69, 0x40, 0x66, 0x09, 0x01, 0x07, 0x10,
  0x01, 0x0E, 0x04, 0x07, 0x0E, 0x65, 0x13, 0x03, 0x12, 0x03, 0x01, 0x01, 0x00, 0x5D, 0x02, 0x01,
  0x00, 0x00, 0x1B, 0x4B, 0x0B, 0x01, 0x05, 0x05, 0x06, 0x5D, 0x0A, 0x08, 0x02, 0x06, 0x06, 0x1D,
  0x4B, 0x0C, 0x01, 0x04, 0x04, 0x0D, 0x5D, 0x14, 0x11, 0x0F, 0x03, 0x0D, 0x0D, 0x1C, 0x0D, 0x4C,
  0x08, 0x08, 0x04, 0x04, 0x00, 0x00, 0x08, 0x23, 0x08, 0x23, 0x22, 0x21, 0x20, 0x1F, 0x1E, 0x1D,
  0x1C, 0x1B, 0x1A, 0x19, 0x18, 0x17, 0x16, 0x15, 0x14, 0x13, 0x12, 0x11, 0x10, 0x0F, 0x0E, 0x0D,
  0x0C, 0x0B, 0x0A, 0x09, 0x04, 0x07, 0x04, 0x07, 0x06, 0x05, 0x00, 0x03, 0x00, 0x03, 0x11, 0x15,
  0x07, 0x15, 0x2B, 0x13, 0x35, 0x33, 0x15, 0x33, 0x35, 0x33, 0x15, 0x01, 0x35, 0x33, 0x35, 0x23,
  0x35, 0x33, 0x15, 0x33, 0x35, 0x33, 0x15, 0x33, 0x35, 0x33, 0x15, 0x23, 0x15, 0x33, 0x15, 0x23,
  0x35, 0x23, 0x15, 0x23, 0x35, 0x23, 0x15, 0x7D, 0xFA, 0x7D, 0xFA, 0xFD, 0x12, 0x7D, 0x7D, 0xFA,
  0x7D, 0x7D, 0x7D, 0xFA, 0x7D, 0x7D, 0xFA, 0x7D, 0x7D, 0x7D, 0x03, 0x6B, 0x7D, 0x7D, 0x7D, 0x7D,
  0xFD, 0x12, 0xFA, 0x7D, 0xFA, 0xFA, 0xFA, 0xFA, 0xFA, 0xFA, 0x7D, 0xFA, 0xFA, 0xFA, 0xFA, 0xFA,
  0x00, 0x03, 0x00, 0x00, 0x00, 0x7D, 0x03, 0x6B, 0x03, 0xE8, 0x00, 0x03, 0x00, 0x07, 0x00, 0x23,
  0x00, 0x75, 0x40, 0x72, 0x0D, 0x01, 0x0B, 0x0E, 0x01, 0x0A, 0x08, 0x0B, 0x0A, 0x65, 0x00, 0x08,
  0x00, 0x07, 0x05, 0x08, 0x07, 0x65, 0x0F, 0x01, 0x05, 0x10, 0x01, 0x04, 0x06, 0x05, 0x04, 0x65,
  0x13, 0x03, 0x12, 0x03, 0x01, 0x01, 0x00, 0x5D, 0x02, 0x01, 0x00, 0x00, 0x1B, 0x4B, 0x00, 0x09,
  0x09, 0x0C, 0x5D, 0x00, 0x0C, 0x0C, 0x1D, 0x4B, 0x00, 0x06, 0x06, 0x11, 0x5D, 0x14, 0x01, 0x11,
  0x11, 0x1C, 0x11, 0x4C, 0x08, 0x08, 0x04, 0x04, 0x00, 0x00, 0x08, 0x23, 0x08, 0x23, 0x22, 0x21,
  0x20, 0x1F, 0x1E, 0x1D, 0x1C, 0x1B, 0x1A, 0x19, 0x18, 0x17, 0x16, 0x15, 0x14, 0x13, 0x12, 0x11,
  0x10, 0x0F, 0x0E, 0x0D, 0x0C, 0x0B, 0x0A, 0x09, 0x04, 0x07, 0x04, 0x07, 0x06, 0x05, 0x00, 0x03,
  0x00, 0x03, 0x11, 0x15, 0x07, 0x15, 0x2B, 0x13, 0x35, 0x33, 0x15, 0x33, 0x35, 0x33, 0x15, 0x01,
  0x35, 0x23, 0x35, 0x33, 0x15, 0x21, 0x35, 0x23, 0x35, 0x33, 0x35, 0x21, 0x15, 0x23, 0x35, 0x33,
  0x35, 0x21, 0x15, 0x33, 0x15, 0x23, 0x15, 0x33, 0x15, 0x23, 0x15, 0x7D, 0xFA, 0x7D, 0xFA, 0xFD,
  0x8F, 0x7D, 0xFA, 0x01, 0x77, 0xFA, 0xFA, 0xFE, 0x89, 0xFA, 0x7D, 0x02, 0x71, 0x7D, 0x7D, 0x7D,
  0x7D, 0x03, 0x6B, 0x7D, 0x7D, 0x7D, 0x7D, 0xFD, 0x12, 0x7D, 0x7D, 0x7D, 0x7D, 0x7D, 0x7D, 0x7D,
  0x7D, 0x7D, 0x7D, 0x7D, 0x7D, 0x7D, 0x7D, 0x00, 0x00, 0x02, 0x00, 0x00, 0x00, 0x7D, 0x03, 0x6B,
  0x03, 0xE8, 0x00, 0x03, 0x00, 0x15, 0x00, 0x51, 0x40, 0x4E, 0x00, 0x05, 0x00, 0x08, 0x03, 0x05,
  0x08, 0x65, 0x00, 0x04, 0x00, 0x09, 0x07, 0x04, 0x09, 0x65, 0x0B, 0x01, 0x01, 0x01, 0x00, 0x5D,
  0x00, 0x00, 0x00, 0x1B, 0x4B, 0x06, 0x01, 0x02, 0x02, 0x1D, 0x4B, 0x00, 0x03, 0x03, 0x07, 0x5E,
  0x0C, 0x0A, 0x02, 0x07, 0x07, 0x1C, 0x07, 0x4C, 0x04, 0x04, 0x00, 0x00, 0x04, 0x15, 0x04, 0x15,
  0x14, 0x13, 0x12, 0x11, 0x10, 0x0F, 0x0E, 0x0D, 0x0C, 0x0B, 0x0A, 0x09, 0x08, 0x07, 0x06, 0x05,
  0x00, 0x03, 0x00, 0x03, 0x11, 0x0D, 0x07, 0x15, 0x2B, 0x13, 0x35, 0x21, 0x15, 0x01, 0x11, 0x33,
  0x11, 0x33, 0x35, 0x33, 0x35, 0x33, 0x35, 0x33, 0x11, 0x23, 0x35, 0x23, 0x15, 0x23, 0x15, 0x7D,
  0x02, 0x71, 0xFD, 0x12, 0xFA, 0x7D, 0x7D, 0x7D, 0xFA, 0xFA, 0x7D, 0x7D, 0x03, 0x6B, 0x7D, 0x7D,
  0xFD, 0x12, 0x02, 0x71, 0xFE, 0x89, 0x7D, 0x7D, 0x7D, 0xFD, 0x8F, 0xFA, 0x7D, 0x7D, 0x00, 0x00,
  0x00, 0x03, 0x00, 0x00, 0x00, 0x7D, 0x03, 0x6B, 0x03, 0xE8, 0x00, 0x03, 0x00, 0x07, 0x00, 0x19,
  0x00, 0x5C, 0x40, 0x59, 0x00, 0x07, 0x00, 0x0A, 0x05, 0x07, 0x0A, 0x65, 0x00, 0x06, 0x00, 0x0B,
  0x09, 0x06, 0x0B, 0x65, 0x0E, 0x03, 0x0D, 0x03, 0x01, 0x01, 0x00, 0x5D, 0x02, 0x01, 0x00, 0x00,
  0x1B, 0x4B, 0x08, 0x01, 0x04, 0x04, 0x1D, 0x4B, 0x00, 0x05, 0x05, 0x09, 0x5E, 0x0F, 0x0C, 0x02,
  0x09, 0x09, 0x1C, 0x09, 0x4C, 0x08, 0x08, 0x04, 0x04, 0x00, 0x00, 0x08, 0x19, 0x08, 0x19, 0x18,
  0x17, 0x16, 0x15, 0x14, 0x13, 0x12, 0x11, 0x10, 0x0F, 0x0E, 0x0D, 0x0C, 0x0B, 0x0A, 0x09, 0x04,
  0x07, 0x04, 0x07, 0x06, 0x05, 0x00, 0x03, 0x00, 0x03, 0x11, 0x10, 0x07, 0x15, 0x2B, 0x13, 0x35,
  0x33, 0x15, 0x33, 0x35, 0x33, 0x15, 0x01, 0x11, 0x33, 0x11, 0x33, 0x35, 0x33, 0x35, 0x33, 0x35,
  0x33, 0x11, 0x23, 0x35, 0x23, 0x15, 0x23, 0x15, 0x7D, 0xFA, 0x7D, 0xFA, 0xFD, 0x12, 0xFA, 0x7D,
  0x7D, 0x7D, 0xFA, 0xFA, 0x7D, 0x7D, 0x03, 0x6B, 0x7D, 0x7D, 0x7D, 0x7D, 0xFD, 0x12, 0x02, 0x71,
  0xFE, 0x89, 0x7D, 0x7D, 0x7D, 0xFD, 0x8F, 0xFA, 0x7D, 0x7D, 0x00, 0x00, 0x00, 0x04, 0x00, 0x00,
  0x00, 0x7D, 0x03, 0x6B, 0x03, 0xE8, 0x00, 0x03, 0x00, 0x07, 0x00, 0x13, 0x00, 0x17, 0x00, 0x57,
  0x40, 0x54, 0x07, 0x01, 0x05, 0x08, 0x01, 0x04, 0x0A, 0x05, 0x04, 0x65, 0x0D, 0x03, 0x0C, 0x03,
  0x01, 0x01, 0x00, 0x5D, 0x02, 0x01, 0x00, 0x00, 0x1B, 0x4B, 0x00, 0x0B, 0x0B, 0x06, 0x5D, 0x00,
  0x06, 0x06, 0x1D, 0x4B, 0x00, 0x0A, 0x0A, 0x09, 0x5D, 0x0E, 0x01, 0x09, 0x09, 0x1C, 0x09, 0x4C,
  0x08, 0x08, 0x04, 0x04, 0x00, 0x00, 0x17, 0x16, 0x15, 0x14, 0x08, 0x13, 0x08, 0x13, 0x12, 0x11,
  0x10, 0x0F, 0x0E, 0x0D, 0x0C, 0x0B, 0x0A, 0x09, 0x04, 0x07, 0x04, 0x07, 0x06, 0x05, 0x00, 0x03,
  0x00, 0x03, 0x11, 0x0F, 0x07, 0x15, 0x2B, 0x13, 0x35, 0x33, 0x15, 0x33, 0x35, 0x33, 0x15, 0x01,
  0x35, 0x23, 0x11, 0x33, 0x35, 0x21, 0x15, 0x33, 0x11, 0x23, 0x15, 0x25, 0x21, 0x11, 0x21, 0x7D,
  0xFA, 0x7D, 0xFA, 0xFD, 0x8F, 0x7D, 0x7D, 0x02, 0x71, 0x7D, 0x7D, 0xFE, 0x0C, 0x01, 0x77, 0xFE,
  0x89, 0x03, 0x6B, 0x7D, 0x7D, 0x7D, 0x7D, 0xFD, 0x12, 0x7D, 0x01, 0x77, 0x7D, 0x7D, 0xFE, 0x89,
  0x7D, 0x7D, 0x01, 0x77, 0x00, 0x03, 0x00, 0x00, 0x00, 0x7D, 0x03, 0x6B, 0x03, 0xE8, 0x00, 0x0B,
  0x00, 0x0F, 0x00, 0x13, 0x00, 0x48, 0x40, 0x45, 0x00, 0x09, 0x01, 0x08, 0x01, 0x09, 0x08, 0x7E,
  0x00, 0x08, 0x00, 0x01, 0x08, 0x00, 0x7C, 0x03, 0x01, 0x01, 0x04, 0x01, 0x00, 0x06, 0x01, 0x00,
  0x65, 0x00, 0x07, 0x07, 0x02, 0x5D, 0x00, 0x02, 0x02, 0x1B, 0x4B, 0x00, 0x06, 0x06, 0x05, 0x5E,
  0x0A, 0x01, 0x05, 0x05, 0x1C, 0x05, 0x4C, 0x00, 0x00, 0x13, 0x12, 0x11, 0x10, 0x0F, 0x0E, 0x0D,
  0x0C, 0x00, 0x0B, 0x00, 0x0B, 0x11, 0x11, 0x11, 0x11, 0x11, 0x0B, 0x07, 0x19, 0x2B, 0x37, 0x35,
  0x23, 0x11, 0x33, 0x35, 0x21, 0x15, 0x33, 0x11, 0x23, 0x15, 0x25, 0x21, 0x11, 0x21, 0x03, 0x21,
  0x35, 0x21, 0x7D, 0x7D, 0x7D, 0x02, 0x71, 0x7D, 0x7D, 0xFE, 0x0C, 0x01, 0x77, 0xFE, 0x89, 0x7D,
  0x02, 0x71, 0xFD, 0x8F, 0x7D, 0x7D, 0x02, 0x71, 0x7D, 0x7D, 0xFD, 0x8F, 0x7D, 0x7D, 0x02, 0x71,
  0xFE, 0x89, 0x7D, 0x00, 0x00, 0x02, 0x00, 0x00, 0x00, 0x7D, 0x03, 0x6B, 0x03, 0xE8, 0x00, 0x03,
  0x00, 0x13, 0x00, 0x56, 0x40, 0x53, 0x00, 0x06, 0x00, 0x03, 0x08, 0x06, 0x03, 0x65, 0x0A, 0x01,
  0x01, 0x01, 0x00, 0x5D, 0x00, 0x00, 0x00, 0x1B, 0x4B, 0x00, 0x04, 0x04, 0x05, 0x5D, 0x07, 0x01,
  0x05, 0x05, 0x1D, 0x4B, 0x00, 0x08, 0x08, 0x05, 0x5D, 0x07, 0x01, 0x05, 0x05, 0x1D, 0x4B, 0x00,
  0x02, 0x02, 0x09, 0x5D, 0x0B, 0x01, 0x09, 0x09, 0x1C, 0x09, 0x4C, 0x04, 0x04, 0x00, 0x00, 0x04,
  0x13, 0x04, 0x13, 0x12, 0x11, 0x10, 0x0F, 0x0E, 0x0D, 0x0C, 0x0B, 0x0A, 0x09, 0x08, 0x07, 0x06,
  0x05, 0x00, 0x03, 0x00, 0x03, 0x11, 0x0C, 0x07, 0x15, 0x2B, 0x13, 0x35, 0x21, 0x15, 0x01, 0x35,
  0x21, 0x35, 0x21, 0x35, 0x23, 0x35, 0x33, 0x15, 0x21, 0x35, 0x33, 0x11, 0x23, 0x15, 0x7D, 0x02,
  0x71, 0xFD, 0x8F, 0x01, 0xF4, 0xFE, 0x0C, 0x7D, 0xFA, 0x01, 0x77, 0xFA, 0x7D, 0x03, 0x6B, 0x7D,
  0x7D, 0xFD, 0x12, 0x7D, 0x7D, 0x7D, 0xFA, 0xFA, 0xFA, 0xFE, 0x0C, 0x7D, 0x00, 0x03, 0x00, 0x00,
  0x00, 0x7D, 0x03, 0x6B, 0x03, 0xE8, 0x00, 0x03, 0x00, 0x07, 0x00, 0x17, 0x00, 0x61, 0x40, 0x5E,
  0x00, 0x08, 0x00, 0x05, 0x0A, 0x08, 0x05, 0x65, 0x0D, 0x03, 0x0C, 0x03, 0x01, 0x01, 0x00, 0x5D,
  0x02, 0x01, 0x00, 0x00, 0x1B, 0x4B, 0x00, 0x06, 0x06, 0x07, 0x5D, 0x09, 0x01, 0x07, 0x07, 0x1D,
  0x4B, 0x00, 0x0A, 0x0A, 0x07, 0x5D, 0x09, 0x01, 0x07, 0x07, 0x1D, 0x4B, 0x00, 0x04, 0x04, 0x0B,
  0x5D, 0x0E, 0x01, 0x0B, 0x0B, 0x1C, 0x0B, 0x4C, 0x08, 0x08, 0x04, 0x04, 0x00, 0x00, 0x08, 0x17,
  0x08, 0x17, 0x16, 0x15, 0x14, 0x13, 0x12, 0x11, 0x10, 0x0F, 0x0E, 0x0D, 0x0C, 0x0B, 0x0A, 0x09,
  0x04, 0x07, 0x04, 0x07, 0x06, 0x05, 0x00, 0x03, 0x00, 0x03, 0x11, 0x0F, 0x07, 0x15, 0x2B, 0x13,
  0x35, 0x33, 0x15, 0x33, 0x35, 0x33, 0x15, 0x01, 0x35, 0x21, 0x35, 0x21, 0x35, 0x23, 0x35, 0x33,
  0x15, 0x21, 0x35, 0x33, 0x11, 0x23, 0x15, 0x7D, 0xFA, 0x7D, 0xFA, 0xFD, 0x8F, 0x01, 0xF4, 0xFE,
  0x0C, 0x7D, 0xFA, 0x01, 0x77, 0xFA, 0x7D, 0x03, 0x6B, 0x7D, 0x7D, 0x7D, 0x7D, 0xFD, 0x12, 0x7D,
  0x7D, 0x7D, 0xFA, 0xFA, 0xFA, 0xFE, 0x0C, 0x7D, 0x00, 0x04, 0x00, 0x00, 0x00, 0x7D, 0x03, 0x6B,
  0x03, 0xE8, 0x00, 0x03, 0x00, 0x07, 0x00, 0x19, 0x00, 0x1D, 0x00, 0x5E, 0x40, 0x5B, 0x0F, 0x0E,
  0x02, 0x0B, 0x00, 0x0D, 0x04, 0x0B, 0x0D, 0x65, 0x00, 0x0C, 0x00, 0x08, 0x05, 0x0C, 0x08, 0x66,
  0x02, 0x01, 0x00, 0x00, 0x01, 0x5D, 0x03, 0x01, 0x01, 0x01, 0x1B, 0x4B, 0x00, 0x09, 0x09, 0x04,
  0x5D, 0x0A, 0x01, 0x04, 0x04, 0x1D, 0x4B, 0x00, 0x05, 0x05, 0x04, 0x5D, 0x0A, 0x01, 0x04, 0x04,
  0x1D, 0x4B, 0x00, 0x07, 0x07, 0x06, 0x5D, 0x00, 0x06, 0x06, 0x1C, 0x06, 0x4C, 0x1A, 0x1A, 0x1A,
  0x1D, 0x1A, 0x1D, 0x1C, 0x1B, 0x19, 0x18, 0x17, 0x16, 0x15, 0x14, 0x13, 0x12, 0x11, 0x11, 0x11,
  0x11, 0x11, 0x11, 0x11, 0x11, 0x10, 0x10, 0x07, 0x1D, 0x2B, 0x01, 0x23, 0x35, 0x33, 0x05, 0x23,
  0x35, 0x33, 0x07, 0x33, 0x11, 0x23, 0x15, 0x21, 0x35, 0x21, 0x35, 0x21, 0x35, 0x23, 0x35, 0x33,
  0x35, 0x33, 0x11, 0x21, 0x11, 0x15, 0x23, 0x35, 0x01, 0x77, 0x7D, 0x7D, 0x01, 0x77, 0x7D, 0x7D,
  0x7D, 0xFA, 0x7D, 0xFD, 0x8F, 0x01, 0xF4, 0xFE, 0x0C, 0x7D, 0x7D, 0x7D, 0x01, 0x77, 0x7D, 0x03,
  0x6B, 0x7D, 0x7D, 0x7D, 0xFA, 0xFE, 0x0C, 0x7D, 0x7D, 0x7D, 0x7D, 0xFA, 0x7D, 0xFE, 0x89, 0x01,
  0x77, 0x7D, 0x7D, 0x00, 0x00, 0x03, 0x00, 0x00, 0x00, 0x7D, 0x03, 0x6B, 0x03, 0xE8, 0x00, 0x03,
  0x00, 0x07, 0x00, 0x13, 0x00, 0x4D, 0x40, 0x4A, 0x00, 0x07, 0x00, 0x04, 0x09, 0x07, 0x04, 0x65,
  0x0B, 0x03, 0x0A, 0x03, 0x01, 0x01, 0x00, 0x5D, 0x02, 0x01, 0x00, 0x00, 0x1B, 0x4B, 0x00, 0x05,
  0x05, 0x06, 0x5D, 0x08, 0x01, 0x06, 0x06, 0x1D, 0x4B, 0x0C, 0x01, 0x09, 0x09, 0x1C, 0x09, 0x4C,
  0x08, 0x08, 0x04, 0x04, 0x00, 0x00, 0x08, 0x13, 0x08, 0x13, 0x12, 0x11, 0x10, 0x0F, 0x0E, 0x0D,
  0x0C, 0x0B, 0x0A, 0x09, 0x04, 0x07, 0x04, 0x07, 0x06, 0x05, 0x00, 0x03, 0x00, 0x03, 0x11, 0x0D,
  0x07, 0x15, 0x2B, 0x13, 0x35, 0x33, 0x15, 0x33, 0x35, 0x33, 0x15, 0x03, 0x35, 0x21, 0x35, 0x23,
  0x35, 0x33, 0x15, 0x21, 0x35, 0x33, 0x11, 0x7D, 0xFA, 0x7D, 0xFA, 0x7D, 0xFE, 0x0C, 0x7D, 0xFA,
  0x01, 0x77, 0xFA, 0x03, 0x6B, 0x7D, 0x7D, 0x7D, 0x7D, 0xFD, 0x12, 0xFA, 0x7D, 0xFA, 0xFA, 0xFA,
  0xFD, 0x8F, 0x00, 0x00, 0x00, 0x01, 0x00, 0x7D, 0x00, 0x00, 0x03, 0x6B, 0x03, 0xE8, 0x00, 0x0B,
  0x00, 0x61, 0x4B, 0xB0, 0x0A, 0x50, 0x58, 0x40, 0x22, 0x00, 0x00, 0x01, 0x02, 0x01, 0x00, 0x70,
  0x00, 0x01, 0x01, 0x05, 0x5D, 0x06, 0x01, 0x05, 0x05, 0x1B, 0x4B, 0x00, 0x04, 0x04, 0x1C, 0x4B,
  0x00, 0x02, 0x02, 0x03, 0x5D, 0x00, 0x03, 0x03, 0x1F, 0x03, 0x4C, 0x1B, 0x40, 0x23, 0x00, 0x00,
  0x01, 0x02, 0x01, 0x00, 0x02, 0x7E, 0x00, 0x01, 0x01, 0x05, 0x5D, 0x06, 0x01, 0x05, 0x05, 0x1B,
  0x4B, 0x00, 0x04, 0x04, 0x1C, 0x4B, 0x00, 0x02, 0x02, 0x03, 0x5D, 0x00, 0x03, 0x03, 0x1F, 0x03,
  0x4C, 0x59, 0x40, 0x0E, 0x00, 0x00, 0x00, 0x0B, 0x00, 0x0B, 0x11, 0x11, 0x11, 0x11, 0x11, 0x07,
  0x07, 0x19, 0x2B, 0x01, 0x15, 0x23, 0x35, 0x21, 0x11, 0x33, 0x15, 0x23, 0x35, 0x23, 0x11, 0x03,
  0x6B, 0x7D, 0xFE, 0x89, 0x7D, 0xFA, 0x7D, 0x03, 0xE8, 0xFA, 0x7D, 0xFD, 0x8F, 0xFA, 0x7D, 0x03,
  0x6B, 0x00, 0x00, 0x00, 0x00, 0x05, 0x00, 0x00, 0x00, 0x7D, 0x03, 0x6B, 0x03, 0xE8, 0x00, 0x03,
  0x00, 0x07, 0x00, 0x0D, 0x00, 0x11, 0x00, 0x15, 0x00, 0x55, 0x40, 0x52, 0x00, 0x05, 0x00, 0x0A,
  0x09, 0x05, 0x0A, 0x65, 0x0C, 0x03, 0x0B, 0x03, 0x01, 0x01, 0x00, 0x5D, 0x02, 0x01, 0x00, 0x00,
  0x1B, 0x4B, 0x07, 0x01, 0x04, 0x04, 0x1D, 0x4B, 0x00, 0x09, 0x09, 0x06, 0x5E, 0x0E, 0x08, 0x0D,
  0x03, 0x06, 0x06, 0x1C, 0x06, 0x4C, 0x0E, 0x0E, 0x08, 0x08, 0x04, 0x04, 0x00, 0x00, 0x15, 0x14,
  0x13, 0x12, 0x0E, 0x11, 0x0E, 0x11, 0x10, 0x0F, 0x08, 0x0D, 0x08, 0x0D, 0x0C, 0x0B, 0x0A, 0x09,
  0x04, 0x07, 0x04, 0x07, 0x06, 0x05, 0x00, 0x03, 0x00, 0x03, 0x11, 0x0F, 0x07, 0x15, 0x2B, 0x13,
  0x35, 0x33, 0x15, 0x33, 0x35, 0x33, 0x15, 0x01, 0x11, 0x33, 0x15, 0x33, 0x11, 0x33, 0x11, 0x33,
  0x11, 0x25, 0x33, 0x35, 0x23, 0x7D, 0xFA, 0x7D, 0xFA, 0xFD, 0x12, 0xFA, 0xFA, 0x7D, 0xFA, 0xFD,
  0x8F, 0x7D, 0x7D, 0x03, 0x6B, 0x7D, 0x7D, 0x7D, 0x7D, 0xFD, 0x12, 0x02, 0x71, 0x7D, 0xFE, 0x0C,
  0x02, 0x71, 0xFD, 0x8F, 0x7D, 0xFA, 0x00, 0x00, 0x00, 0x03, 0x00, 0x00, 0x00, 0x7D, 0x03, 0x6B,
  0x03, 0xE8, 0x00, 0x0D, 0x00, 0x15, 0x00, 0x19, 0x00, 0x4E, 0x40, 0x4B, 0x00, 0x0A, 0x09, 0x01,
  0x00, 0x01, 0x0A, 0x00, 0x65, 0x0D, 0x06, 0x02, 0x04, 0x03, 0x01, 0x01, 0x08, 0x04, 0x01, 0x65,
  0x00, 0x07, 0x07, 0x05, 0x5D, 0x00, 0x05, 0x05, 0x1B, 0x4B, 0x0B, 0x01, 0x08, 0x08, 0x02, 0x5D,
  0x0E, 0x0C, 0x02, 0x02, 0x02, 0x1C, 0x02, 0x4C, 0x16, 0x16, 0x00, 0x00, 0x16, 0x19, 0x16, 0x19,
  0x18, 0x17, 0x15, 0x14, 0x13, 0x12, 0x11, 0x10, 0x0F, 0x0E, 0x00, 0x0D, 0x00, 0x0D, 0x11, 0x11,
  0x11, 0x11, 0x11, 0x11, 0x0F, 0x07, 0x1A, 0x2B, 0x01, 0x11, 0x23, 0x15, 0x23, 0x15, 0x21, 0x35,
  0x23, 0x11, 0x33, 0x35, 0x21, 0x15, 0x23, 0x21, 0x11, 0x33, 0x35, 0x23, 0x35, 0x33, 0x13, 0x35,
  0x33, 0x15, 0x03, 0x6B, 0x7D, 0x7D, 0xFE, 0x0C, 0x7D, 0x7D, 0x02, 0x71, 0x7D, 0xFE, 0x89, 0xFA,
  0x7D, 0xFA, 0x7D, 0x7D, 0x03, 0x6B, 0xFE, 0x0C, 0x7D, 0x7D, 0x7D, 0x02, 0x71, 0x7D, 0x7D, 0xFD,
  0x8F, 0x7D, 0x7D, 0xFE, 0x89, 0x7D, 0x7D, 0x00, 0x00, 0x01, 0x00, 0x00, 0x00, 0x7D, 0x03, 0x6B,
  0x03, 0xE8, 0x00, 0x17, 0x00, 0x39, 0x40, 0x36, 0x04, 0x01, 0x02, 0x0A, 0x08, 0x06, 0x03, 0x00,
  0x07, 0x02, 0x00, 0x65, 0x00, 0x09, 0x09, 0x01, 0x5D, 0x05, 0x03, 0x02, 0x01, 0x01, 0x1B, 0x4B,
  0x0C, 0x0B, 0x02, 0x07, 0x07, 0x1C, 0x07, 0x4C, 0x00, 0x00, 0x00, 0x17, 0x00, 0x17, 0x16, 0x15,
  0x14, 0x13, 0x11, 0x11, 0x11, 0x11, 0x11, 0x11, 0x11, 0x11, 0x11, 0x0D, 0x07, 0x1D, 0x2B, 0x37,
  0x35, 0x23, 0x11, 0x33, 0x11, 0x33, 0x11, 0x33, 0x11, 0x33, 0x11, 0x33, 0x11, 0x23, 0x15, 0x23,
  0x35, 0x23, 0x35, 0x23, 0x15, 0x23, 0x15, 0x7D, 0x7D, 0xFA, 0x7D, 0x7D, 0x7D, 0xFA, 0x7D, 0x7D,
  0x7D, 0x7D, 0x7D, 0x7D, 0x7D, 0x02, 0xEE, 0xFE, 0x0C, 0x01, 0xF4, 0xFE, 0x0C, 0x01, 0xF4, 0xFD,
  0x12, 0x7D, 0x7D, 0x7D, 0x7D, 0x7D, 0x00, 0x00, 0x00, 0x02, 0x00, 0x00, 0x00, 0x7D, 0x03, 0x6B,
  0x02, 0xEE, 0x00, 0x0D, 0x00, 0x11, 0x00, 0x44, 0x40, 0x41, 0x00, 0x05, 0x03, 0x02, 0x03, 0x05,
  0x02, 0x7E, 0x00, 0x02, 0x00, 0x08, 0x01, 0x02, 0x08, 0x65, 0x00, 0x01, 0x00, 0x00, 0x07, 0x01,
  0x00, 0x65, 0x00, 0x03, 0x03, 0x04, 0x5D, 0x00, 0x04, 0x04, 0x1D, 0x4B, 0x00, 0x07, 0x07, 0x06,
  0x5E, 0x09, 0x01, 0x06, 0x06, 0x1C, 0x06, 0x4C, 0x00, 0x00, 0x11, 0x10, 0x0F, 0x0E, 0x00, 0x0D,
  0x00, 0x0D, 0x11, 0x11, 0x11, 0x11, 0x11, 0x11, 0x0A, 0x07, 0x1A, 0x2B, 0x37, 0x35, 0x23, 0x35,
  0x33, 0x35, 0x21, 0x35, 0x21, 0x35, 0x21, 0x15, 0x33, 0x11, 0x25, 0x21, 0x35, 0x21, 0x7D, 0x7D,
  0x7D, 0x01, 0xF4, 0xFE, 0x0C, 0x02, 0x71, 0x7D, 0xFD, 0x8F, 0x01, 0x77, 0xFE, 0x89, 0x7D, 0x7D,
  0x7D, 0x7D, 0x7D, 0x7D, 0x7D, 0xFE, 0x0C, 0x7D, 0x7D, 0x00, 0x00, 0x00, 0x00, 0x01, 0x00, 0x00,
  0x00, 0x7D, 0x03, 0x6B, 0x03, 0xE8, 0x00, 0x17, 0x00, 0x4F, 0x40, 0x4C, 0x00, 0x0A, 0x05, 0x07,
  0x0A, 0x55, 0x00, 0x02, 0x07, 0x01, 0x02, 0x55, 0x06, 0x01, 0x01, 0x09, 0x01, 0x07, 0x03, 0x01,
  0x07, 0x65, 0x00, 0x00, 0x00, 0x0B, 0x5D, 0x0C, 0x01, 0x0B, 0x0B, 0x1B, 0x4B, 0x00, 0x04, 0x04,
  0x05, 0x5D, 0x00, 0x05, 0x05, 0x1D, 0x4B, 0x00, 0x03, 0x03, 0x08, 0x5D, 0x00, 0x08, 0x08, 0x1C,
  0x08, 0x4C, 0x00, 0x00, 0x00, 0x17, 0x00, 0x17, 0x16, 0x15, 0x14, 0x13, 0x11, 0x11, 0x11, 0x11,
  0x11, 0x11, 0x11, 0x11, 0x11, 0x0D, 0x07, 0x1D, 0x2B, 0x01, 0x15, 0x21, 0x15, 0x33, 0x15, 0x23,
  0x15, 0x21, 0x11, 0x23, 0x35, 0x21, 0x15, 0x33, 0x11, 0x23, 0x15, 0x21, 0x35, 0x23, 0x11, 0x33,
  0x35, 0x03, 0x6B, 0xFD, 0x8F, 0x7D, 0x7D, 0x01, 0x77, 0xFA, 0x01, 0x77, 0x7D, 0x7D, 0xFD, 0x8F,
  0x7D, 0x7D, 0x03, 0xE8, 0x7D, 0xFA, 0x7D, 0xFA, 0x01, 0x77, 0x7D, 0x7D, 0xFE, 0x89, 0x7D, 0x7D,
  0x02, 0x71, 0x7D, 0x00, 0x00, 0x03, 0x00, 0x00, 0x00, 0x7D, 0x03, 0x6B, 0x02, 0xEE, 0x00, 0x0B,
  0x00, 0x0F, 0x00, 0x13, 0x00, 0x47, 0x40, 0x44, 0x00, 0x01, 0x00, 0x02, 0x06, 0x01, 0x02, 0x65,
  0x00, 0x06, 0x00, 0x09, 0x03, 0x06, 0x09, 0x65, 0x00, 0x03, 0x00, 0x04, 0x08, 0x03, 0x04, 0x65,
  0x00, 0x07, 0x07, 0x00, 0x5D, 0x00, 0x00, 0x00, 0x1D, 0x4B, 0x00, 0x08, 0x08, 0x05, 0x5D, 0x0A,
  0x01, 0x05, 0x05, 0x1C, 0x05, 0x4C, 0x00, 0x00, 0x13, 0x12, 0x11, 0x10, 0x0F, 0x0E, 0x0D, 0x0C,
  0x00, 0x0B, 0x00, 0x0B, 0x11, 0x11, 0x11, 0x11, 0x11, 0x0B, 0x07, 0x19, 0x2B, 0x35, 0x11, 0x21,
  0x15, 0x33, 0x15, 0x23, 0x15, 0x33, 0x15, 0x23, 0x15, 0x01, 0x21, 0x35, 0x21, 0x11, 0x21, 0x35,
  0x21, 0x02, 0xEE, 0x7D, 0x7D, 0x7D, 0x7D, 0xFE, 0x0C, 0x01, 0x77, 0xFE, 0x89, 0x01, 0x77, 0xFE,
  0x89, 0x7D, 0x02, 0x71, 0x7D, 0x7D, 0x7D, 0x7D, 0x7D, 0x01, 0x77, 0x7D, 0xFE, 0x89, 0x7D, 0x00,
  0x00, 0x01, 0x00, 0x7D, 0x00, 0x7D, 0x03, 0x6B, 0x02, 0xEE, 0x00, 0x07, 0x00, 0x4B, 0x4B, 0xB0,
  0x0A, 0x50, 0x58, 0x40, 0x18, 0x00, 0x01, 0x02, 0x03, 0x02, 0x01, 0x70, 0x00, 0x02, 0x02, 0x00,
  0x5D, 0x00, 0x00, 0x00, 0x1D, 0x4B, 0x04, 0x01, 0x03, 0x03, 0x1C, 0x03, 0x4C, 0x1B, 0x40, 0x19,
  0x00, 0x01, 0x02, 0x03, 0x02, 0x01, 0x03, 0x7E, 0x00, 0x02, 0x02, 0x00, 0x5D, 0x00, 0x00, 0x00,
  0x1D, 0x4B, 0x04, 0x01, 0x03, 0x03, 0x1C, 0x03, 0x4C, 0x59, 0x40, 0x0C, 0x00, 0x00, 0x00, 0x07,
  0x00, 0x07, 0x11, 0x11, 0x11, 0x05, 0x07, 0x17, 0x2B, 0x37, 0x11, 0x21, 0x15, 0x23, 0x35, 0x21,
  0x11, 0x7D, 0x02, 0xEE, 0x7D, 0xFE, 0x89, 0x7D, 0x02, 0x71, 0xFA, 0x7D, 0xFE, 0x0C, 0x00, 0x00,
  0x00, 0x02, 0x00, 0x7D, 0x00, 0x7D, 0x03, 0x6B, 0x03, 0xE8, 0x00, 0x03, 0x00, 0x0F, 0x00, 0x74,
  0x4B, 0xB0, 0x0A, 0x50, 0x58, 0x40, 0x2A, 0x00, 0x06, 0x00, 0x05, 0x05, 0x06, 0x70, 0x00, 0x02,
  0x03, 0x04, 0x03, 0x02, 0x70, 0x00, 0x00, 0x00, 0x01, 0x5D, 0x00, 0x01, 0x01, 0x1B, 0x4B, 0x00,
  0x03, 0x03, 0x05, 0x5D, 0x08, 0x07, 0x02, 0x05, 0x05, 0x1D, 0x4B, 0x00, 0x04, 0x04, 0x1C, 0x04,
  0x4C, 0x1B, 0x40, 0x2C, 0x00, 0x06, 0x00, 0x05, 0x00, 0x06, 0x05, 0x7E, 0x00, 0x02, 0x03, 0x04,
  0x03, 0x02, 0x04, 0x7E, 0x00, 0x00, 0x00, 0x01, 0x5D, 0x00, 0x01, 0x01, 0x1B, 0x4B, 0x00, 0x03,
  0x03, 0x05, 0x5D, 0x08, 0x07, 0x02, 0x05, 0x05, 0x1D, 0x4B, 0x00, 0x04, 0x04, 0x1C, 0x04, 0x4C,
  0x59, 0x40, 0x10, 0x04, 0x04, 0x04, 0x0F, 0x04, 0x0F, 0x11, 0x11, 0x11, 0x11, 0x12, 0x11, 0x10,
  0x09, 0x07, 0x1B, 0x2B, 0x01, 0x23, 0x35, 0x33, 0x17, 0x15, 0x23, 0x35, 0x21, 0x11, 0x23, 0x11,
  0x21, 0x35, 0x33, 0x15, 0x02, 0xEE, 0x7D, 0x7D, 0x7D, 0x7D, 0xFE, 0x89, 0xFA, 0x01, 0x77, 0x7D,
  0x03, 0x6B, 0x7D, 0xFA, 0xFA, 0x7D, 0xFE, 0x0C, 0x02, 0x71, 0x7D, 0x7D, 0x00, 0x01, 0x00, 0x7D,
  0x00, 0x7D, 0x03, 0x6B, 0x03, 0x6B, 0x00, 0x07, 0x00, 0x3F, 0x4B, 0xB0, 0x0A, 0x50, 0x58, 0x40,
  0x16, 0x00, 0x00, 0x03, 0x03, 0x00, 0x6E, 0x00, 0x01, 0x01, 0x03, 0x5D, 0x00, 0x03, 0x03, 0x1D,
  0x4B, 0x00, 0x02, 0x02, 0x1C, 0x02, 0x4C, 0x1B, 0x40, 0x15, 0x00, 0x00, 0x03, 0x00, 0x83, 0x00,
  0x01, 0x01, 0x03, 0x5D, 0x00, 0x03, 0x03, 0x1D, 0x4B, 0x00, 0x02, 0x02, 0x1C, 0x02, 0x4C, 0x59,
  0xB6, 0x11, 0x11, 0x11, 0x10, 0x04, 0x07, 0x18, 0x2B, 0x01, 0x33, 0x15, 0x21, 0x11, 0x23, 0x11,
  0x21, 0x02, 0x71, 0xFA, 0xFE, 0x0C, 0xFA, 0x01, 0xF4, 0x03, 0x6B, 0xFA, 0xFE, 0x0C, 0x02, 0x71,
  0x00, 0x02, 0x00, 0x00, 0x00, 0x00, 0x03, 0xE8, 0x02, 0xEE, 0x00, 0x0D, 0x00, 0x11, 0x00, 0x71,
  0x4B, 0xB0, 0x0A, 0x50, 0x58, 0x40, 0x2B, 0x00, 0x05, 0x08, 0x00, 0x00, 0x05, 0x70, 0x00, 0x08,
  0x08, 0x06, 0x5D, 0x00, 0x06, 0x06, 0x1D, 0x4B, 0x07, 0x04, 0x02, 0x00, 0x00, 0x02, 0x5E, 0x00,
  0x02, 0x02, 0x1C, 0x4B, 0x07, 0x04, 0x02, 0x00, 0x00, 0x01, 0x5E, 0x03, 0x01, 0x01, 0x01, 0x1F,
  0x01, 0x4C, 0x1B, 0x40, 0x2C, 0x00, 0x05, 0x08, 0x00, 0x08, 0x05, 0x00, 0x7E, 0x00, 0x08, 0x08,
  0x06, 0x5D, 0x00, 0x06, 0x06, 0x1D, 0x4B, 0x07, 0x04, 0x02, 0x00, 0x00, 0x02, 0x5E, 0x00, 0x02,
  0x02, 0x1C, 0x4B, 0x07, 0x04, 0x02, 0x00, 0x00, 0x01, 0x5E, 0x03, 0x01, 0x01, 0x01, 0x1F, 0x01,
  0x4C, 0x59, 0x40, 0x0C, 0x11, 0x11, 0x11, 0x11, 0x11, 0x11, 0x11, 0x11, 0x10, 0x09, 0x07, 0x1D,
  0x2B, 0x25, 0x33, 0x15, 0x23, 0x35, 0x21, 0x15, 0x23, 0x35, 0x33, 0x35, 0x33, 0x11, 0x21, 0x01,
  0x33, 0x11, 0x23, 0x03, 0x6B, 0x7D, 0xFA, 0xFE, 0x0C, 0xFA, 0x7D, 0x7D, 0x02, 0x71, 0xFE, 0x0C,
  0xFA, 0xFA, 0xFA, 0xFA, 0x7D, 0x7D, 0xFA, 0x7D, 0x01, 0x77, 0xFE, 0x0C, 0x01, 0x77, 0x00, 0x00,
  0x00, 0x02, 0x00, 0x00, 0x00, 0x7D, 0x03, 0x6B, 0x02, 0xEE, 0x00, 0x0D, 0x00, 0x11, 0x00, 0x3D,
  0x40, 0x3A, 0x00, 0x07, 0x00, 0x04, 0x00, 0x07, 0x04, 0x66, 0x03, 0x01, 0x01, 0x00, 0x00, 0x05,
  0x01, 0x00, 0x65, 0x00, 0x08, 0x08, 0x02, 0x5D, 0x00, 0x02, 0x02, 0x1D, 0x4B, 0x00, 0x05, 0x05,
  0x06, 0x5D, 0x09, 0x01, 0x06, 0x06, 0x1C, 0x06, 0x4C, 0x00, 0x00, 0x11, 0x10, 0x0F, 0x0E, 0x00,
  0x0D, 0x00, 0x0D, 0x11, 0x11, 0x11, 0x11, 0x11, 0x11, 0x0A, 0x07, 0x1A, 0x2B, 0x37, 0x35, 0x23,
  0x11, 0x33, 0x35, 0x21, 0x15, 0x33, 0x15, 0x21, 0x15, 0x21, 0x15, 0x01, 0x21, 0x35, 0x21, 0x7D,
  0x7D, 0x7D, 0x02, 0x71, 0x7D, 0xFD, 0x8F, 0x01, 0xF4, 0xFE, 0x0C, 0x01, 0x77, 0xFE, 0x89, 0x7D,
  0x7D, 0x01, 0x77, 0x7D, 0x7D, 0xFA, 0x7D, 0x7D, 0x01, 0x77, 0x7D, 0x00, 0x00, 0x03, 0x00, 0x00,
  0x00, 0x7D, 0x03, 0x6B, 0x03, 0xE8, 0x00, 0x03, 0x00, 0x15, 0x00, 0x19, 0x00, 0xA7, 0x4B, 0xB0,
  0x0A, 0x50, 0x58, 0x40, 0x3A, 0x00, 0x08, 0x00, 0x07, 0x07, 0x08, 0x70, 0x00, 0x0C, 0x00, 0x02,
  0x05, 0x0C, 0x02, 0x66, 0x0E, 0x0A, 0x02, 0x06, 0x00, 0x05, 0x03, 0x06, 0x05, 0x65, 0x00, 0x00,
  0x00, 0x01, 0x5D, 0x0D, 0x01, 0x01, 0x01, 0x1B, 0x4B, 0x00, 0x0B, 0x0B, 0x07, 0x5D, 0x09, 0x01,
  0x07, 0x07, 0x1D, 0x4B, 0x00, 0x03, 0x03, 0x04, 0x5D, 0x00, 0x04, 0x04, 0x1C, 0x04, 0x4C, 0x1B,
  0x40, 0x3B, 0x00, 0x08, 0x00, 0x07, 0x00, 0x08, 0x07, 0x7E, 0x00, 0x0C, 0x00, 0x02, 0x05, 0x0C,
  0x02, 0x66, 0x0E, 0x0A, 0x02, 0x06, 0x00, 0x05, 0x03, 0x06, 0x05, 0x65, 0x00, 0x00, 0x00, 0x01,
  0x5D, 0x0D, 0x01, 0x01, 0x01, 0x1B, 0x4B, 0x00, 0x0B, 0x0B, 0x07, 0x5D, 0x09, 0x01, 0x07, 0x07,
  0x1D, 0x4B, 0x00, 0x03, 0x03, 0x04, 0x5D, 0x00, 0x04, 0x04, 0x1C, 0x04, 0x4C, 0x59, 0x40, 0x24,
  0x04, 0x04, 0x00, 0x00, 0x19, 0x18, 0x17, 0x16, 0x04, 0x15, 0x04, 0x15, 0x14, 0x13, 0x12, 0x11,
  0x10, 0x0F, 0x0E, 0x0D, 0x0C, 0x0B, 0x0A, 0x09, 0x08, 0x07, 0x06, 0x05, 0x00, 0x03, 0x00, 0x03,
  0x11, 0x0F, 0x07, 0x15, 0x2B, 0x01, 0x15, 0x23, 0x35, 0x01, 0x15, 0x21, 0x15, 0x21, 0x15, 0x21,
  0x35, 0x23, 0x11, 0x33, 0x35, 0x33, 0x35, 0x33, 0x15, 0x33, 0x15, 0x23, 0x21, 0x15, 0x21, 0x01,
  0x77, 0x7D, 0x02, 0x71, 0xFD, 0x8F, 0x01, 0xF4, 0xFD, 0x8F, 0x7D, 0x7D, 0xFA, 0x7D, 0xFA, 0x7D,
  0xFE, 0x89, 0x01, 0x77, 0x03, 0xE8, 0x7D, 0x7D, 0xFE, 0x89, 0xFA, 0x7D, 0x7D, 0x7D, 0x01, 0x77,
  0x7D, 0x7D, 0x7D, 0x7D, 0x7D, 0x00, 0x00, 0x00, 0x00, 0x04, 0x00, 0x00, 0x00, 0x7D, 0x03, 0x6B,
  0x03, 0xE8, 0x00, 0x03, 0x00, 0x07, 0x00, 0x15, 0x00, 0x19, 0x00, 0x60, 0x40, 0x5D, 0x00, 0x0B,
  0x00, 0x08, 0x04, 0x0B, 0x08, 0x66, 0x07, 0x01, 0x05, 0x00, 0x04, 0x09, 0x05, 0x04, 0x65, 0x0E,
  0x03, 0x0D, 0x03, 0x01, 0x01, 0x00, 0x5D, 0x02, 0x01, 0x00, 0x00, 0x1B, 0x4B, 0x00, 0x0C, 0x0C,
  0x06, 0x5D, 0x00, 0x06, 0x06, 0x1D, 0x4B, 0x00, 0x09, 0x09, 0x0A, 0x5D, 0x0F, 0x01, 0x0A, 0x0A,
  0x1C, 0x0A, 0x4C, 0x08, 0x08, 0x04, 0x04, 0x00, 0x00, 0x19, 0x18, 0x17, 0x16, 0x08, 0x15, 0x08,
  0x15, 0x14, 0x13, 0x12, 0x11, 0x10, 0x0F, 0x0E, 0x0D, 0x0C, 0x0B, 0x0A, 0x09, 0x04, 0x07, 0x04,
  0x07, 0x06, 0x05, 0x00, 0x03, 0x00, 0x03, 0x11, 0x10, 0x07, 0x15, 0x2B, 0x13, 0x35, 0x33, 0x15,
  0x33, 0x35, 0x33, 0x15, 0x01, 0x35, 0x23, 0x11, 0x33, 0x35, 0x21, 0x15, 0x33, 0x15, 0x21, 0x15,
  0x21, 0x15, 0x01, 0x21, 0x35, 0x21, 0x7D, 0xFA, 0x7D, 0xFA, 0xFD, 0x8F, 0x7D, 0x7D, 0x02, 0x71,
  0x7D, 0xFD, 0x8F, 0x01, 0xF4, 0xFE, 0x0C, 0x01, 0x77, 0xFE, 0x89, 0x03, 0x6B, 0x7D, 0x7D, 0x7D,
  0x7D, 0xFD, 0x12, 0x7D, 0x01, 0x77, 0x7D, 0x7D, 0xFA, 0x7D, 0x7D, 0x01, 0x77, 0x7D, 0x00, 0x00,
  0x00, 0x01, 0x00, 0x00, 0x00, 0x7D, 0x03, 0x6B, 0x02, 0xEE, 0x00, 0x1B, 0x00, 0x43, 0x40, 0x40,
  0x05, 0x01, 0x03, 0x0C, 0x01, 0x0A, 0x00, 0x03, 0x0A, 0x65, 0x07, 0x01, 0x01, 0x01, 0x02, 0x5D,
  0x06, 0x04, 0x02, 0x02, 0x02, 0x1D, 0x4B, 0x08, 0x01, 0x00, 0x00, 0x09, 0x5D, 0x0E, 0x0D, 0x0B,
  0x03, 0x09, 0x09, 0x1C, 0x09, 0x4C, 0x00, 0x00, 0x00, 0x1B, 0x00, 0x1B, 0x1A, 0x19, 0x18, 0x17,
  0x16, 0x15, 0x14, 0x13, 0x11, 0x11, 0x11, 0x11, 0x11, 0x11, 0x11, 0x11, 0x11, 0x0F, 0x07, 0x1D,
  0x2B, 0x35, 0x35, 0x33, 0x35, 0x23, 0x35, 0x33, 0x15, 0x33, 0x35, 0x33, 0x15, 0x33, 0x35, 0x33,
  0x15, 0x23, 0x15, 0x33, 0x15, 0x23, 0x35, 0x23, 0x15, 0x23, 0x35, 0x23, 0x15, 0x7D, 0x7D, 0xFA,
  0x7D, 0x7D, 0x7D, 0xFA, 0x7D, 0x7D, 0xFA, 0x7D, 0x7D, 0x7D, 0x7D, 0xFA, 0x7D, 0xFA, 0xFA, 0xFA,
  0xFA, 0xFA, 0xFA, 0x7D, 0xFA, 0xFA, 0xFA, 0xFA, 0xFA, 0x00, 0x00, 0x00, 0x00, 0x01, 0x00, 0x00,
  0x00, 0x7D, 0x03, 0x6B, 0x02, 0xEE, 0x00, 0x1B, 0x00, 0x4F, 0x40, 0x4C, 0x09, 0x01, 0x07, 0x0A,
  0x01, 0x06, 0x04, 0x07, 0x06, 0x65, 0x00, 0x04, 0x00, 0x03, 0x01, 0x04, 0x03, 0x65, 0x0B, 0x01,
  0x01, 0x0C, 0x01, 0x00, 0x02, 0x01, 0x00, 0x65, 0x00, 0x05, 0x05, 0x08, 0x5D, 0x00, 0x08, 0x08,
  0x1D, 0x4B, 0x00, 0x02, 0x02, 0x0D, 0x5D, 0x0E, 0x01, 0x0D, 0x0D, 0x1C, 0x0D, 0x4C, 0x00, 0x00,
  0x00, 0x1B, 0x00, 0x1B, 0x1A, 0x19, 0x18, 0x17, 0x16, 0x15, 0x14, 0x13, 0x11, 0x11, 0x11, 0x11,
  0x11, 0x11, 0x11, 0x11, 0x11, 0x0F, 0x07, 0x1D, 0x2B, 0x37, 0x35, 0x23, 0x35, 0x33, 0x15, 0x21,
  0x35, 0x23, 0x35, 0x33, 0x35, 0x21, 0x15, 0x23, 0x35, 0x33, 0x35, 0x21, 0x15, 0x33, 0x15, 0x23,
  0x15, 0x33, 0x15, 0x23, 0x15, 0x7D, 0x7D, 0xFA, 0x01, 0x77, 0xFA, 0xFA, 0xFE, 0x89, 0xFA, 0x7D,
  0x02, 0x71, 0x7D, 0x7D, 0x7D, 0x7D, 0x7D, 0x7D, 0x7D, 0x7D, 0x7D, 0x7D, 0x7D, 0x7D, 0x7D, 0x7D,
  0x7D, 0x7D, 0x7D, 0x7D, 0x7D, 0x00, 0x00, 0x00, 0x00, 0x03, 0x00, 0x00, 0x00, 0x7D, 0x03, 0x6B,
  0x02, 0xEE, 0x00, 0x07, 0x00, 0x0F, 0x00, 0x13, 0x00, 0x3D, 0x40, 0x3A, 0x00, 0x06, 0x00, 0x05,
  0x08, 0x06, 0x05, 0x65, 0x00, 0x08, 0x00, 0x09, 0x00, 0x08, 0x09, 0x65, 0x00, 0x00, 0x00, 0x01,
  0x02, 0x00, 0x01, 0x65, 0x0A, 0x07, 0x02, 0x03, 0x03, 0x1D, 0x4B, 0x04, 0x01, 0x02, 0x02, 0x1C,
  0x02, 0x4C, 0x08, 0x08, 0x13, 0x12, 0x11, 0x10, 0x08, 0x0F, 0x08, 0x0F, 0x11, 0x11, 0x12, 0x11,
  0x11, 0x11, 0x10, 0x0B, 0x07, 0x1B, 0x2B, 0x13, 0x33, 0x15, 0x23, 0x15, 0x23, 0x11, 0x33, 0x21,
  0x11, 0x23, 0x11, 0x23, 0x35, 0x33, 0x35, 0x07, 0x33, 0x15, 0x23, 0xFA, 0x7D, 0x7D, 0xFA, 0xFA,
  0x02, 0x71, 0xFA, 0x7D, 0x7D, 0xFA, 0x7D, 0x7D, 0x01, 0x77, 0x7D, 0x7D, 0x02, 0x71, 0xFD, 0x8F,
  0x01, 0x77, 0x7D, 0x7D, 0xFA, 0x7D, 0x00, 0x00, 0x00, 0x04, 0x00, 0x00, 0x00, 0x7D, 0x03, 0x6B,
  0x03, 0xE8, 0x00, 0x03, 0x00, 0x0B, 0x00, 0x13, 0x00, 0x17, 0x00, 0x56, 0x40, 0x53, 0x00, 0x08,
  0x00, 0x07, 0x0A, 0x08, 0x07, 0x65, 0x00, 0x0A, 0x00, 0x0B, 0x02, 0x0A, 0x0B, 0x65, 0x00, 0x02,
  0x00, 0x03, 0x04, 0x02, 0x03, 0x65, 0x00, 0x00, 0x00, 0x01, 0x5D, 0x0C, 0x01, 0x01, 0x01, 0x1B,
  0x4B, 0x0D, 0x09, 0x02, 0x05, 0x05, 0x1D, 0x4B, 0x06, 0x01, 0x04, 0x04, 0x1C, 0x04, 0x4C, 0x0C,
  0x0C, 0x00, 0x00, 0x17, 0x16, 0x15, 0x14, 0x0C, 0x13, 0x0C, 0x13, 0x12, 0x11, 0x10, 0x0F, 0x0E,
  0x0D, 0x0B, 0x0A, 0x09, 0x08, 0x07, 0x06, 0x05, 0x04, 0x00, 0x03, 0x00, 0x03, 0x11, 0x0E, 0x07,
  0x15, 0x2B, 0x01, 0x15, 0x21, 0x35, 0x13, 0x33, 0x15, 0x23, 0x15, 0x23, 0x11, 0x33, 0x21, 0x11,
  0x23, 0x11, 0x23, 0x35, 0x33, 0x35, 0x07, 0x33, 0x15, 0x23, 0x02, 0xEE, 0xFD, 0x8F, 0x7D, 0x7D,
  0x7D, 0xFA, 0xFA, 0x02, 0x71, 0xFA, 0x7D, 0x7D, 0xFA, 0x7D, 0x7D, 0x03, 0xE8, 0x7D, 0x7D, 0xFD,
  0x8F, 0x7D, 0x7D, 0x02, 0x71, 0xFD, 0x8F, 0x01, 0x77, 0x7D, 0x7D, 0xFA, 0x7D, 0x00, 0x00, 0x00,
  0x00, 0x05, 0x00, 0x00, 0x00, 0x7D, 0x03, 0x6B, 0x03, 0xE8, 0x00, 0x03, 0x00, 0x07, 0x00, 0x0F,
  0x00, 0x17, 0x00, 0x1B, 0x00, 0x60, 0x40, 0x5D, 0x00, 0x02, 0x0E, 0x01, 0x03, 0x07, 0x02, 0x03,
  0x65, 0x00, 0x0A, 0x00, 0x09, 0x0C, 0x0A, 0x09, 0x65, 0x00, 0x0C, 0x00, 0x0D, 0x04, 0x0C, 0x0D,
  0x65, 0x00, 0x04, 0x00, 0x05, 0x06, 0x04, 0x05, 0x65, 0x00, 0x00, 0x00, 0x01, 0x5D, 0x00, 0x01,
  0x01, 0x1B, 0x4B, 0x0F, 0x0B, 0x02, 0x07, 0x07, 0x1D, 0x4B, 0x08, 0x01, 0x06, 0x06, 0x1C, 0x06,
  0x4C, 0x10, 0x10, 0x04, 0x04, 0x1B, 0x1A, 0x19, 0x18, 0x10, 0x17, 0x10, 0x17, 0x16, 0x15, 0x14,
  0x13, 0x12, 0x11, 0x0F, 0x0E, 0x0D, 0x0C, 0x0B, 0x0A, 0x09, 0x08, 0x04, 0x07, 0x04, 0x07, 0x12,
  0x11, 0x10, 0x10, 0x07, 0x17, 0x2B, 0x01, 0x23, 0x35, 0x33, 0x15, 0x35, 0x33, 0x15, 0x03, 0x33,
  0x15, 0x23, 0x15, 0x23, 0x11, 0x33, 0x21, 0x11, 0x23, 0x11, 0x23, 0x35, 0x33, 0x35, 0x07, 0x33,
  0x15, 0x23, 0x01, 0x77, 0x7D, 0x7D, 0x7D, 0xFA, 0x7D, 0x7D, 0xFA, 0xFA, 0x02, 0x71, 0xFA, 0x7D,
  0x7D, 0xFA, 0x7D, 0x7D, 0x03, 0x6B, 0x7D, 0xFA, 0x7D, 0x7D, 0xFE, 0x89, 0x7D, 0x7D, 0x02, 0x71,
  0xFD, 0x8F, 0x01, 0x77, 0x7D, 0x7D, 0xFA, 0x7D, 0x00, 0x02, 0x00, 0x00, 0x00, 0x7D, 0x03, 0x6B,
  0x02, 0xEE, 0x00, 0x0F, 0x00, 0x13, 0x00, 0x71, 0x4B, 0xB0, 0x0A, 0x50, 0x58, 0x40, 0x28, 0x00,
  0x00, 0x08, 0x01, 0x01, 0x00, 0x70, 0x07, 0x01, 0x01, 0x00, 0x04, 0x02, 0x01, 0x04, 0x66, 0x00,
  0x08, 0x08, 0x06, 0x5D, 0x0A, 0x09, 0x02, 0x06, 0x06, 0x1D, 0x4B, 0x00, 0x02, 0x02, 0x03, 0x5E,
  0x05, 0x01, 0x03, 0x03, 0x1C, 0x03, 0x4C, 0x1B, 0x40, 0x29, 0x00, 0x00, 0x08, 0x01, 0x08, 0x00,
  0x01, 0x7E, 0x07, 0x01, 0x01, 0x00, 0x04, 0x02, 0x01, 0x04, 0x66, 0x00, 0x08, 0x08, 0x06, 0x5D,
  0x0A, 0x09, 0x02, 0x06, 0x06, 0x1D, 0x4B, 0x00, 0x02, 0x02, 0x03, 0x5E, 0x05, 0x01, 0x03, 0x03,
  0x1C, 0x03, 0x4C, 0x59, 0x40, 0x12, 0x10, 0x10, 0x10, 0x13, 0x10, 0x13, 0x12, 0x11, 0x11, 0x11,
  0x11, 0x11, 0x11, 0x11, 0x10, 0x0B, 0x07, 0x1D, 0x2B, 0x01, 0x33, 0x15, 0x33, 0x15, 0x33, 0x15,
  0x23, 0x35, 0x21, 0x15, 0x23, 0x11, 0x33, 0x15, 0x33, 0x25, 0x15, 0x23, 0x35, 0x01, 0xF4, 0x7D,
  0x7D, 0x7D, 0xFA, 0xFE, 0x89, 0xFA, 0xFA, 0xFA, 0x01, 0x77, 0xFA, 0x02, 0x71, 0x7D, 0x7D, 0xFA,
  0xFA, 0xFA, 0x02, 0x71, 0xFA, 0xFA, 0x7D, 0x7D, 0x00, 0x04, 0x00, 0x00, 0x00, 0x7D, 0x03, 0x6B,
  0x03, 0xE8, 0x00, 0x03, 0x00, 0x07, 0x00, 0x17, 0x00, 0x1B, 0x00, 0x9D, 0x4B, 0xB0, 0x0A, 0x50,
  0x58, 0x40, 0x3A, 0x00, 0x04, 0x0C, 0x05, 0x05, 0x04, 0x70, 0x00, 0x03, 0x00, 0x02, 0x0A, 0x03,
  0x02, 0x65, 0x0B, 0x01, 0x05, 0x00, 0x08, 0x06, 0x05, 0x08, 0x66, 0x00, 0x00, 0x00, 0x01, 0x5D,
  0x00, 0x01, 0x01, 0x1B, 0x4B, 0x00, 0x0C, 0x0C, 0x0A, 0x5D, 0x0E, 0x0D, 0x02, 0x0A, 0x0A, 0x1D,
  0x4B, 0x00, 0x06, 0x06, 0x07, 0x5E, 0x09, 0x01, 0x07, 0x07, 0x1C, 0x07, 0x4C, 0x1B, 0x40, 0x3B,
  0x00, 0x04, 0x0C, 0x05, 0x0C, 0x04, 0x05, 0x7E, 0x00, 0x03, 0x00, 0x02, 0x0A, 0x03, 0x02, 0x65,
  0x0B, 0x01, 0x05, 0x00, 0x08, 0x06, 0x05, 0x08, 0x66, 0x00, 0x00, 0x00, 0x01, 0x5D, 0x00, 0x01,
  0x01, 0x1B, 0x4B, 0x00, 0x0C, 0x0C, 0x0A, 0x5D, 0x0E, 0x0D, 0x02, 0x0A, 0x0A, 0x1D, 0x4B, 0x00,
  0x06, 0x06, 0x07, 0x5E, 0x09, 0x01, 0x07, 0x07, 0x1C, 0x07, 0x4C, 0x59, 0x40, 0x1A, 0x18, 0x18,
  0x18, 0x1B, 0x18, 0x1B, 0x1A, 0x19, 0x17, 0x16, 0x15, 0x14, 0x13, 0x12, 0x11, 0x11, 0x11, 0x11,
  0x11, 0x11, 0x11, 0x11, 0x10, 0x0F, 0x07, 0x1D, 0x2B, 0x01, 0x23, 0x35, 0x33, 0x07, 0x23, 0x35,
  0x33, 0x15, 0x33, 0x15, 0x33, 0x15, 0x33, 0x15, 0x23, 0x35, 0x21, 0x15, 0x23, 0x11, 0x33, 0x15,
  0x33, 0x25, 0x15, 0x23, 0x35, 0x02, 0x71, 0x7D, 0x7D, 0x7D, 0x7D, 0x7D, 0x7D, 0x7D, 0x7D, 0xFA,
  0xFE, 0x89, 0xFA, 0xFA, 0xFA, 0x01, 0x77, 0xFA, 0x03, 0x6B, 0x7D, 0xFA, 0x7D, 0xFA, 0x7D, 0x7D,
  0xFA, 0xFA, 0xFA, 0x02, 0x71, 0xFA, 0xFA, 0x7D, 0x7D, 0x00, 0x00, 0x00, 0x00, 0x01, 0x00, 0x00,
  0x00, 0x7D, 0x03, 0x6B, 0x02, 0xEE, 0x00, 0x0D, 0x00, 0x6A, 0x4B, 0xB0, 0x0A, 0x50, 0x58, 0x40,
  0x26, 0x00, 0x05, 0x01, 0x04, 0x04, 0x05, 0x70, 0x00, 0x02, 0x04, 0x00, 0x04, 0x02, 0x00, 0x7E,
  0x00, 0x01, 0x01, 0x06, 0x5D, 0x07, 0x01, 0x06, 0x06, 0x1D, 0x4B, 0x00, 0x04, 0x04, 0x00, 0x5E,
  0x03, 0x01, 0x00, 0x00, 0x1C, 0x00, 0x4C, 0x1B, 0x40, 0x27, 0x00, 0x05, 0x01, 0x04, 0x01, 0x05,
  0x04, 0x7E, 0x00, 0x02, 0x04, 0x00, 0x04, 0x02, 0x00, 0x7E, 0x00, 0x01, 0x01, 0x06, 0x5D, 0x07,
  0x01, 0x06, 0x06, 0x1D, 0x4B, 0x00, 0x04, 0x04, 0x00, 0x5E, 0x03, 0x01, 0x00, 0x00, 0x1C, 0x00,
  0x4C, 0x59, 0x40, 0x0F, 0x00, 0x00, 0x00, 0x0D, 0x00, 0x0D, 0x11, 0x11, 0x11, 0x11, 0x11, 0x11,
  0x08, 0x07, 0x1A, 0x2B, 0x01, 0x11, 0x23, 0x11, 0x23, 0x11, 0x23, 0x15, 0x23, 0x35, 0x33, 0x35,
  0x33, 0x35, 0x03, 0x6B, 0xFA, 0xFA, 0x7D, 0xFA, 0x7D, 0x7D, 0x02, 0xEE, 0xFD, 0x8F, 0x01, 0xF4,
  0xFE, 0x89, 0x7D, 0xFA, 0x7D, 0xFA, 0x00, 0x00, 0x00, 0x03, 0x00, 0x00, 0x00, 0x7D, 0x03, 0x6B,
  0x02, 0xEE, 0x00, 0x07, 0x00, 0x0F, 0x00, 0x13, 0x00, 0x40, 0x40, 0x3D, 0x06, 0x0A, 0x02, 0x03,
  0x05, 0x01, 0x00, 0x08, 0x03, 0x00, 0x65, 0x00, 0x08, 0x00, 0x09, 0x01, 0x08, 0x09, 0x65, 0x0B,
  0x07, 0x02, 0x02, 0x02, 0x1D, 0x4B, 0x04, 0x01, 0x01, 0x01, 0x1C, 0x01, 0x4C, 0x08, 0x08, 0x00,
  0x00, 0x13, 0x12, 0x11, 0x10, 0x08, 0x0F, 0x08, 0x0F, 0x0E, 0x0D, 0x0C, 0x0B, 0x0A, 0x09, 0x00,
  0x07, 0x00, 0x07, 0x11, 0x11, 0x11, 0x0C, 0x07, 0x17, 0x2B, 0x01, 0x15, 0x23, 0x11, 0x23, 0x11,
  0x33, 0x15, 0x25, 0x11, 0x23, 0x11, 0x23, 0x35, 0x33, 0x35, 0x07, 0x33, 0x15, 0x23, 0x01, 0x77,
  0x7D, 0xFA, 0xFA, 0x02, 0x71, 0xFA, 0x7D, 0x7D, 0xFA, 0x7D, 0x7D, 0x02, 0x71, 0x7D, 0xFE, 0x89,
  0x02, 0x71, 0x7D, 0x7D, 0xFD, 0x8F, 0x01, 0x77, 0x7D, 0x7D, 0xFA, 0xFA, 0x00, 0x01, 0x00, 0x00,
  0x00, 0x7D, 0x03, 0x6B, 0x02, 0xEE, 0x00, 0x0B, 0x00, 0x27, 0x40, 0x24, 0x00, 0x01, 0x00, 0x04,
  0x03, 0x01, 0x04, 0x65, 0x02, 0x01, 0x00, 0x00, 0x1D, 0x4B, 0x06, 0x05, 0x02, 0x03, 0x03, 0x1C,
  0x03, 0x4C, 0x00, 0x00, 0x00, 0x0B, 0x00, 0x0B, 0x11, 0x11, 0x11, 0x11, 0x11, 0x07, 0x07, 0x19,
  0x2B, 0x35, 0x11, 0x33, 0x15, 0x21, 0x35, 0x33, 0x11, 0x23, 0x35, 0x21, 0x15, 0xFA, 0x01, 0x77,
  0xFA, 0xFA, 0xFE, 0x89, 0x7D, 0x02, 0x71, 0xFA, 0xFA, 0xFD, 0x8F, 0xFA, 0xFA, 0x00, 0x00, 0x00,
  0x00, 0x02, 0x00, 0x00, 0x00, 0x7D, 0x03, 0x6B, 0x02, 0xEE, 0x00, 0x0B, 0x00, 0x0F, 0x00, 0x35,
  0x40, 0x32, 0x03, 0x01, 0x01, 0x04, 0x01, 0x00, 0x06, 0x01, 0x00, 0x65, 0x00, 0x07, 0x07, 0x02,
  0x5D, 0x00, 0x02, 0x02, 0x1D, 0x4B, 0x00, 0x06, 0x06, 0x05, 0x5D, 0x08, 0x01, 0x05, 0x05, 0x1C,
  0x05, 0x4C, 0x00, 0x00, 0x0F, 0x0E, 0x0D, 0x0C, 0x00, 0x0B, 0x00, 0x0B, 0x11, 0x11, 0x11, 0x11,
  0x11, 0x09, 0x07, 0x19, 0x2B, 0x37, 0x35, 0x23, 0x11, 0x33, 0x35, 0x21, 0x15, 0x33, 0x11, 0x23,
  0x15, 0x25, 0x21, 0x11, 0x21, 0x7D, 0x7D, 0x7D, 0x02, 0x71, 0x7D, 0x7D, 0xFE, 0x0C, 0x01, 0x77,
  0xFE, 0x89, 0x7D, 0x7D, 0x01, 0x77, 0x7D, 0x7D, 0xFE, 0x89, 0x7D, 0x7D, 0x01, 0x77, 0x00, 0x00,
  0x00, 0x01, 0x00, 0x00, 0x00, 0x7D, 0x03, 0x6B, 0x02, 0xEE, 0x00, 0x07, 0x00, 0x21, 0x40, 0x1E,
  0x00, 0x02, 0x02, 0x00, 0x5D, 0x00, 0x00, 0x00, 0x1D, 0x4B, 0x04, 0x03, 0x02, 0x01, 0x01, 0x1C,
  0x01, 0x4C, 0x00, 0x00, 0x00, 0x07, 0x00, 0x07, 0x11, 0x11, 0x11, 0x05, 0x07, 0x17, 0x2B, 0x35,
  0x11, 0x21, 0x11, 0x23, 0x11, 0x21, 0x11, 0x03, 0x6B, 0xFA, 0xFE, 0x89, 0x7D, 0x02, 0x71, 0xFD,
  0x8F, 0x01, 0xF4, 0xFE, 0x0C, 0x00, 0x00, 0x00, 0x00, 0x01, 0x00, 0x00, 0x00, 0x00, 0x03, 0x6B,
  0x02, 0xEE, 0x00, 0x13, 0x00, 0x40, 0x40, 0x3D, 0x00, 0x05, 0x00, 0x04, 0x05, 0x55, 0x0A, 0x09,
  0x02, 0x04, 0x00, 0x00, 0x06, 0x04, 0x00, 0x65, 0x00, 0x07, 0x07, 0x03, 0x5D, 0x08, 0x01, 0x03,
  0x03, 0x1D, 0x4B, 0x00, 0x06, 0x06, 0x01, 0x5D, 0x00, 0x01, 0x01, 0x1C, 0x4B, 0x00, 0x02, 0x02,
  0x1F, 0x02, 0x4C, 0x00, 0x00, 0x00, 0x13, 0x00, 0x13, 0x11, 0x11, 0x11, 0x11, 0x11, 0x11, 0x11,
  0x11, 0x11, 0x0B, 0x07, 0x1D, 0x2B, 0x01, 0x11, 0x23, 0x15, 0x21, 0x15, 0x23, 0x11, 0x33, 0x15,
  0x33, 0x15, 0x23, 0x15, 0x21, 0x11, 0x23, 0x35, 0x21, 0x15, 0x03, 0x6B, 0x7D, 0xFE, 0x0C, 0xFA,
  0xFA, 0x7D, 0x7D, 0x01, 0x77, 0xFA, 0x01, 0x77, 0x02, 0x71, 0xFE, 0x89, 0x7D, 0x7D, 0x02, 0xEE,
  0x7D, 0x7D, 0xFA, 0x01, 0x77, 0x7D, 0x7D, 0x00, 0x00, 0x01, 0x00, 0x00, 0x00, 0x7D, 0x03, 0x6B,
  0x02, 0xEE, 0x00, 0x13, 0x00, 0x3D, 0x40, 0x3A, 0x03, 0x01, 0x01, 0x00, 0x04, 0x07, 0x01, 0x04,
  0x65, 0x00, 0x07, 0x08, 0x01, 0x00, 0x06, 0x07, 0x00, 0x65, 0x00, 0x05, 0x05, 0x02, 0x5D, 0x00,
  0x02, 0x02, 0x1D, 0x4B, 0x00, 0x06, 0x06, 0x09, 0x5D, 0x0A, 0x01, 0x09, 0x09, 0x1C, 0x09, 0x4C,
  0x00, 0x00, 0x00, 0x13, 0x00, 0x13, 0x11, 0x11, 0x11, 0x11, 0x11, 0x11, 0x11, 0x11, 0x11, 0x0B,
  0x07, 0x1D, 0x2B, 0x37, 0x35, 0x23, 0x11, 0x33, 0x35, 0x21, 0x15, 0x33, 0x15, 0x23, 0x35, 0x21,
  0x11, 0x21, 0x35, 0x33, 0x15, 0x23, 0x15, 0x7D, 0x7D, 0x7D, 0x02, 0x71, 0x7D, 0xFA, 0xFE, 0x89,
  0x01, 0x77, 0xFA, 0x7D, 0x7D, 0x7D, 0x01, 0x77, 0x7D, 0x7D, 0x7D, 0x7D, 0xFE, 0x89, 0x7D, 0x7D,
  0x7D, 0x00, 0x00, 0x00, 0x00, 0x01, 0x00, 0x7D, 0x00, 0x7D, 0x03, 0x6B, 0x02, 0xEE, 0x00, 0x07,
  0x00, 0x21, 0x40, 0x1E, 0x02, 0x01, 0x00, 0x00, 0x01, 0x5D, 0x00, 0x01, 0x01, 0x1D, 0x4B, 0x04,
  0x01, 0x03, 0x03, 0x1C, 0x03, 0x4C, 0x00, 0x00, 0x00, 0x07, 0x00, 0x07, 0x11, 0x11, 0x11, 0x05,
  0x07, 0x17, 0x2B, 0x25, 0x11, 0x23, 0x35, 0x21, 0x15, 0x23, 0x11, 0x01, 0x77, 0xFA, 0x02, 0xEE,
  0xFA, 0x7D, 0x01, 0xF4, 0x7D, 0x7D, 0xFE, 0x0C, 0x00, 0x01, 0x00, 0x00, 0x00, 0x00, 0x03, 0x6B,
  0x02, 0xEE, 0x00, 0x0F, 0x00, 0x37, 0x40, 0x34, 0x00, 0x04, 0x00, 0x01, 0x06, 0x04, 0x01, 0x65,
  0x00, 0x02, 0x02, 0x03, 0x5D, 0x05, 0x01, 0x03, 0x03, 0x1D, 0x4B, 0x00, 0x06, 0x06, 0x1C, 0x4B,
  0x00, 0x00, 0x00, 0x07, 0x5D, 0x08, 0x01, 0x07, 0x07, 0x1F, 0x07, 0x4C, 0x00, 0x00, 0x00, 0x0F,
  0x00, 0x0F, 0x11, 0x11, 0x11, 0x11, 0x11, 0x11, 0x11, 0x09, 0x07, 0x1B, 0x2B, 0x33, 0x35, 0x21,
  0x35, 0x21, 0x35, 0x23, 0x11, 0x33, 0x11, 0x21, 0x11, 0x33, 0x11, 0x23, 0x15, 0x7D, 0x01, 0xF4,
  0xFE, 0x0C, 0x7D, 0xFA, 0x01, 0x77, 0xFA, 0x7D, 0x7D, 0x7D, 0x7D, 0x01, 0x77, 0xFE, 0x89, 0x01,
  0x77, 0xFD, 0x8F, 0x7D, 0x00, 0x02, 0x00, 0x00, 0x00, 0x00, 0x03, 0x6B, 0x03, 0xE8, 0x00, 0x03,
  0x00, 0x13, 0x00, 0x50, 0x40, 0x4D, 0x00, 0x06, 0x00, 0x03, 0x08, 0x06, 0x03, 0x65, 0x0A, 0x01,
  0x01, 0x01, 0x00, 0x5D, 0x00, 0x00, 0x00, 0x1B, 0x4B, 0x00, 0x04, 0x04, 0x05, 0x5D, 0x07, 0x01,
  0x05, 0x05, 0x1D, 0x4B, 0x00, 0x08, 0x08, 0x1C, 0x4B, 0x00, 0x02, 0x02, 0x09, 0x5D, 0x0B, 0x01,
  0x09, 0x09, 0x1F, 0x09, 0x4C, 0x04, 0x04, 0x00, 0x00, 0x04, 0x13, 0x04, 0x13, 0x12, 0x11, 0x10,
  0x0F, 0x0E, 0x0D, 0x0C, 0x0B, 0x0A, 0x09, 0x08, 0x07, 0x06, 0x05, 0x00, 0x03, 0x00, 0x03, 0x11,
  0x0C, 0x07, 0x15, 0x2B, 0x13, 0x35, 0x21, 0x15, 0x01, 0x35, 0x21, 0x35, 0x21, 0x35, 0x23, 0x11,
  0x33, 0x11, 0x21, 0x11, 0x33, 0x11, 0x23, 0x15, 0x7D, 0x02, 0x71, 0xFD, 0x8F, 0x01, 0xF4, 0xFE,
  0x0C, 0x7D, 0xFA, 0x01, 0x77, 0xFA, 0x7D, 0x03, 0x6B, 0x7D, 0x7D, 0xFC, 0x95, 0x7D, 0x7D, 0x7D,
  0x01, 0x77, 0xFE, 0x89, 0x01, 0x77, 0xFD, 0x8F, 0x7D, 0x00, 0x00, 0x00, 0x00, 0x03, 0x00, 0x00,
  0x00, 0x00, 0x03, 0x6B, 0x03, 0x6B, 0x00, 0x13, 0x00, 0x17, 0x00, 0x1B, 0x00, 0x4B, 0x40, 0x48,
  0x06, 0x01, 0x02, 0x07, 0x01, 0x01, 0x0A, 0x02, 0x01, 0x65, 0x0D, 0x01, 0x0B, 0x0B, 0x03, 0x5D,
  0x05, 0x01, 0x03, 0x03, 0x1D, 0x4B, 0x0C, 0x01, 0x0A, 0x0A, 0x00, 0x5D, 0x08, 0x01, 0x00, 0x00,
  0x1C, 0x4B, 0x00, 0x04, 0x04, 0x09, 0x5D, 0x0E, 0x01, 0x09, 0x09, 0x1F, 0x09, 0x4C, 0x00, 0x00,
  0x1B, 0x1A, 0x19, 0x18, 0x17, 0x16, 0x15, 0x14, 0x00, 0x13, 0x00, 0x13, 0x11, 0x11, 0x11, 0x11,
  0x11, 0x11, 0x11, 0x11, 0x11, 0x0F, 0x07, 0x1D, 0x2B, 0x21, 0x35, 0x23, 0x35, 0x23, 0x11, 0x33,
  0x35, 0x33, 0x35, 0x33, 0x15, 0x33, 0x15, 0x33, 0x11, 0x23, 0x15, 0x23, 0x15, 0x27, 0x33, 0x11,
  0x23, 0x13, 0x33, 0x11, 0x23, 0x01, 0x77, 0xFA, 0x7D, 0x7D, 0xFA, 0x7D, 0xFA, 0x7D, 0x7D, 0xFA,
  0xFA, 0x7D, 0x7D, 0xFA, 0x7D, 0x7D, 0x7D, 0x7D, 0x01, 0x77, 0x7D, 0x7D, 0x7D, 0x7D, 0xFE, 0x89,
  0x7D, 0x7D, 0xFA, 0x01, 0x77, 0xFE, 0x89, 0x01, 0x77, 0x00, 0x00, 0x00, 0x00, 0x01, 0x00, 0x00,
  0x00, 0x7D, 0x03, 0x6B, 0x02, 0xEE, 0x00, 0x23, 0x00, 0xAA, 0x4B, 0xB0, 0x0A, 0x50, 0x58, 0x40,
  0x3C, 0x0A, 0x01, 0x02, 0x05, 0x06, 0x03, 0x02, 0x70, 0x0B, 0x01, 0x01, 0x0F, 0x0E, 0x00, 0x01,
  0x70, 0x00, 0x06, 0x00, 0x0F, 0x01, 0x06, 0x0F, 0x65, 0x07, 0x01, 0x05, 0x10, 0x01, 0x0E, 0x00,
  0x05, 0x0E, 0x65, 0x09, 0x01, 0x03, 0x03, 0x04, 0x5D, 0x08, 0x01, 0x04, 0x04, 0x1D, 0x4B, 0x0C,
  0x01, 0x00, 0x00, 0x0D, 0x5E, 0x12, 0x11, 0x02, 0x0D, 0x0D, 0x1C, 0x0D, 0x4C, 0x1B, 0x40, 0x3E,
  0x0A, 0x01, 0x02, 0x05, 0x06, 0x05, 0x02, 0x06, 0x7E, 0x0B, 0x01, 0x01, 0x0F, 0x0E, 0x0F, 0x01,
  0x0E, 0x7E, 0x00, 0x06, 0x00, 0x0F, 0x01, 0x06, 0x0F, 0x65, 0x07, 0x01, 0x05, 0x10, 0x01, 0x0E,
  0x00, 0x05, 0x0E, 0x65, 0x09, 0x01, 0x03, 0x03, 0x04, 0x5D, 0x08, 0x01, 0x04, 0x04, 0x1D, 0x4B,
  0x0C, 0x01, 0x00, 0x00, 0x0D, 0x5E, 0x12, 0x11, 0x02, 0x0D, 0x0D, 0x1C, 0x0D, 0x4C, 0x59, 0x40,
  0x22, 0x00, 0x00, 0x00, 0x23, 0x00, 0x23, 0x22, 0x21, 0x20, 0x1F, 0x1E, 0x1D, 0x1C, 0x1B, 0x1A,
  0x19, 0x18, 0x17, 0x16, 0x15, 0x14, 0x13, 0x11, 0x11, 0x11, 0x11, 0x11, 0x11, 0x11, 0x11, 0x11,
  0x13, 0x07, 0x1D, 0x2B, 0x35, 0x35, 0x33, 0x35, 0x33, 0x35, 0x23, 0x35, 0x23, 0x35, 0x33, 0x15,
  0x33, 0x15, 0x33, 0x35, 0x33, 0x35, 0x33, 0x15, 0x23, 0x15, 0x23, 0x15, 0x33, 0x15, 0x33, 0x15,
  0x23, 0x35, 0x23, 0x35, 0x23, 0x15, 0x23, 0x15, 0x7D, 0x7D, 0x7D, 0x7D, 0xFA, 0x7D, 0x7D, 0x7D,
  0xFA, 0x7D, 0x7D, 0x7D, 0x7D, 0xFA, 0x7D, 0x7D, 0x7D, 0x7D, 0x7D, 0x7D, 0x7D, 0x7D, 0x7D, 0x7D,
  0x7D, 0x7D, 0x7D, 0x7D, 0x7D, 0x7D, 0x7D, 0x7D, 0x7D, 0x7D, 0x7D, 0x7D, 0x00, 0x01, 0x00, 0x00,
  0x00, 0x7D, 0x03, 0x6B, 0x02, 0xEE, 0x00, 0x0B, 0x00, 0x2B, 0x40, 0x28, 0x00, 0x03, 0x00, 0x00,
  0x05, 0x03, 0x00, 0x65, 0x00, 0x01, 0x01, 0x02, 0x5D, 0x04, 0x01, 0x02, 0x02, 0x1D, 0x4B, 0x06,
  0x01, 0x05, 0x05, 0x1C, 0x05, 0x4C, 0x00, 0x00, 0x00, 0x0B, 0x00, 0x0B, 0x11, 0x11, 0x11, 0x11,
  0x11, 0x07, 0x07, 0x19, 0x2B, 0x25, 0x35, 0x21, 0x35, 0x23, 0x35, 0x33, 0x15, 0x21, 0x35, 0x33,
  0x11, 0x02, 0x71, 0xFE, 0x0C, 0x7D, 0xFA, 0x01, 0x77, 0xFA, 0x7D, 0xFA, 0x7D, 0xFA, 0xFA, 0xFA,
  0xFD, 0x8F, 0x00, 0x00, 0x00, 0x01, 0x00, 0x00, 0x00, 0x00, 0x03, 0x6B, 0x02, 0xEE, 0x00, 0x0B,
  0x00, 0x2F, 0x40, 0x2C, 0x03, 0x01, 0x01, 0x01, 0x1D, 0x4B, 0x04, 0x01, 0x02, 0x02, 0x00, 0x5E,
  0x00, 0x00, 0x00, 0x1C, 0x4B, 0x04, 0x01, 0x02, 0x02, 0x05, 0x5E, 0x06, 0x01, 0x05, 0x05, 0x1F,
  0x05, 0x4C, 0x00, 0x00, 0x00, 0x0B, 0x00, 0x0B, 0x11, 0x11, 0x11, 0x11, 0x11, 0x07, 0x07, 0x19,
  0x2B, 0x21, 0x35, 0x21, 0x11, 0x33, 0x11, 0x33, 0x11, 0x33, 0x11, 0x33, 0x15, 0x02, 0x71, 0xFD,
  0x8F, 0xFA, 0xFA, 0xFA, 0x7D, 0x7D, 0x02, 0x71, 0xFE, 0x0C, 0x01, 0xF4, 0xFE, 0x0C, 0xFA, 0x00,
  0x00, 0x01, 0x00, 0x00, 0x00, 0x7D, 0x03, 0x6B, 0x02, 0xEE, 0x00, 0x0B, 0x00, 0x25, 0x40, 0x22,
  0x04, 0x02, 0x02, 0x00, 0x00, 0x1D, 0x4B, 0x03, 0x01, 0x01, 0x01, 0x05, 0x5E, 0x06, 0x01, 0x05,
  0x05, 0x1C, 0x05, 0x4C, 0x00, 0x00, 0x00, 0x0B, 0x00, 0x0B, 0x11, 0x11, 0x11, 0x11, 0x11, 0x07,
  0x07, 0x19, 0x2B, 0x35, 0x11, 0x33, 0x11, 0x33, 0x11, 0x33, 0x11, 0x33, 0x11, 0x33, 0x11, 0xFA,
  0x7D, 0x7D, 0x7D, 0xFA, 0x7D, 0x02, 0x71, 0xFE, 0x0C, 0x01, 0xF4, 0xFE, 0x0C, 0x01, 0xF4, 0xFD,
  0x8F, 0x00, 0x00, 0x00, 0x00, 0x01, 0x00, 0x00, 0x00, 0x00, 0x03, 0xE8, 0x02, 0xEE, 0x00, 0x0F,
  0x00, 0x34, 0x40, 0x31, 0x05, 0x03, 0x02, 0x01, 0x01, 0x1D, 0x4B, 0x06, 0x04, 0x02, 0x02, 0x02,
  0x00, 0x5E, 0x00, 0x00, 0x00, 0x1C, 0x4B, 0x06, 0x04, 0x02, 0x02, 0x02, 0x07, 0x5E, 0x08, 0x01,
  0x07, 0x07, 0x1F, 0x07, 0x4C, 0x00, 0x00, 0x00, 0x0F, 0x00, 0x0F, 0x11, 0x11, 0x11, 0x11, 0x11,
  0x11, 0x11, 0x09, 0x07, 0x1B, 0x2B, 0x21, 0x35, 0x21, 0x11, 0x33, 0x11, 0x33, 0x11, 0x33, 0x11,
  0x33, 0x11, 0x33, 0x11, 0x33, 0x15, 0x02, 0xEE, 0xFD, 0x12, 0xFA, 0x7D, 0x7D, 0x7D, 0xFA, 0x7D,
  0x7D, 0x02, 0x71, 0xFE, 0x0C, 0x01, 0xF4, 0xFE, 0x0C, 0x01, 0xF4, 0xFE, 0x0C, 0xFA, 0x00, 0x00,
  0x00, 0x01, 0x00, 0x00, 0x00, 0x00, 0x03, 0x6B, 0x02, 0xEE, 0x00, 0x0B, 0x00, 0x29, 0x40, 0x26,
  0x03, 0x01, 0x01, 0x01, 0x1D, 0x4B, 0x00, 0x02, 0x02, 0x00, 0x5E, 0x04, 0x01, 0x00, 0x00, 0x1C,
  0x4B, 0x06, 0x01, 0x05, 0x05, 0x1F, 0x05, 0x4C, 0x00, 0x00, 0x00, 0x0B, 0x00, 0x0B, 0x11, 0x11,
  0x11, 0x11, 0x11, 0x07, 0x07, 0x19, 0x2B, 0x21, 0x35, 0x21, 0x11, 0x33, 0x11, 0x21, 0x11, 0x33,
  0x11, 0x21, 0x15, 0x01, 0x77, 0xFE, 0x89, 0xFA, 0x01, 0x77, 0xFA, 0xFE, 0x89, 0x7D, 0x02, 0x71,
  0xFE, 0x0C, 0x01, 0xF4, 0xFD, 0x8F, 0x7D, 0x00, 0x00, 0x02, 0x00, 0x00, 0x00, 0x7D, 0x03, 0x6B,
  0x02, 0xEE, 0x00, 0x09, 0x00, 0x0D, 0x00, 0x35, 0x40, 0x32, 0x00, 0x01, 0x00, 0x06, 0x02, 0x01,
  0x06, 0x65, 0x00, 0x02, 0x00, 0x03, 0x05, 0x02, 0x03, 0x65, 0x00, 0x00, 0x00, 0x1D, 0x4B, 0x00,
  0x05, 0x05, 0x04, 0x5E, 0x07, 0x01, 0x04, 0x04, 0x1C, 0x04, 0x4C, 0x00, 0x00, 0x0D, 0x0C, 0x0B,
  0x0A, 0x00, 0x09, 0x00, 0x09, 0x11, 0x11, 0x11, 0x11, 0x08, 0x07, 0x18, 0x2B, 0x35, 0x11, 0x33,
  0x15, 0x21, 0x15, 0x33, 0x15, 0x23, 0x15, 0x25, 0x21, 0x35, 0x21, 0xFA, 0x01, 0xF4, 0x7D, 0x7D,
  0xFE, 0x0C, 0x01, 0x77, 0xFE, 0x89, 0x7D, 0x02, 0x71, 0xFA, 0x7D, 0x7D, 0x7D, 0x7D, 0x7D, 0x00,
  0x00, 0x02, 0x00, 0x00, 0x00, 0x7D, 0x03, 0x6B, 0x02, 0xEE, 0x00, 0x0B, 0x00, 0x0F, 0x00, 0x3B,
  0x40, 0x38, 0x00, 0x02, 0x00, 0x07, 0x03, 0x02, 0x07, 0x65, 0x00, 0x03, 0x00, 0x04, 0x06, 0x03,
  0x04, 0x65, 0x00, 0x00, 0x00, 0x01, 0x5D, 0x00, 0x01, 0x01, 0x1D, 0x4B, 0x00, 0x06, 0x06, 0x05,
  0x5D, 0x08, 0x01, 0x05, 0x05, 0x1C, 0x05, 0x4C, 0x00, 0x00, 0x0F, 0x0E, 0x0D, 0x0C, 0x00, 0x0B,
  0x00, 0x0B, 0x11, 0x11, 0x11, 0x11, 0x11, 0x09, 0x07, 0x19, 0x2B, 0x37, 0x11, 0x23, 0x35, 0x21,
  0x15, 0x21, 0x15, 0x33, 0x15, 0x23, 0x15, 0x25, 0x33, 0x35, 0x23, 0x7D, 0x7D, 0x01, 0x77, 0x01,
  0x77, 0x7D, 0x7D, 0xFE, 0x89, 0xFA, 0xFA, 0x7D, 0x01, 0xF4, 0x7D, 0xFA, 0x7D, 0x7D, 0x7D, 0x7D,
  0x7D, 0x00, 0x00, 0x00, 0x00, 0x03, 0x00, 0x00, 0x00, 0x7D, 0x03, 0x6B, 0x02, 0xEE, 0x00, 0x05,
  0x00, 0x09, 0x00, 0x0D, 0x00, 0x36, 0x40, 0x33, 0x00, 0x01, 0x00, 0x06, 0x05, 0x01, 0x06, 0x65,
  0x03, 0x01, 0x00, 0x00, 0x1D, 0x4B, 0x00, 0x05, 0x05, 0x02, 0x5E, 0x08, 0x04, 0x07, 0x03, 0x02,
  0x02, 0x1C, 0x02, 0x4C, 0x06, 0x06, 0x00, 0x00, 0x0D, 0x0C, 0x0B, 0x0A, 0x06, 0x09, 0x06, 0x09,
  0x08, 0x07, 0x00, 0x05, 0x00, 0x05, 0x11, 0x11, 0x09, 0x07, 0x16, 0x2B, 0x35, 0x11, 0x33, 0x15,
  0x33, 0x11, 0x33, 0x11, 0x33, 0x11, 0x25, 0x33, 0x35, 0x23, 0xFA, 0xFA, 0x7D, 0xFA, 0xFD, 0x8F,
  0x7D, 0x7D, 0x7D, 0x02, 0x71, 0xFA, 0xFE, 0x89, 0x02, 0x71, 0xFD, 0x8F, 0x7D, 0x7D, 0x00, 0x00,
  0x00, 0x02, 0x00, 0x00, 0x00, 0x7D, 0x03, 0x6B, 0x02, 0xEE, 0x00, 0x0B, 0x00, 0x0F, 0x00, 0x40,
  0x40, 0x3D, 0x00, 0x02, 0x00, 0x07, 0x00, 0x02, 0x07, 0x65, 0x00, 0x04, 0x04, 0x01, 0x5D, 0x00,
  0x01, 0x01, 0x1D, 0x4B, 0x00, 0x00, 0x00, 0x03, 0x5D, 0x08, 0x05, 0x02, 0x03, 0x03, 0x1C, 0x4B,
  0x00, 0x06, 0x06, 0x03, 0x5D, 0x08, 0x05, 0x02, 0x03, 0x03, 0x1C, 0x03, 0x4C, 0x00, 0x00, 0x0F,
  0x0E, 0x0D, 0x0C, 0x00, 0x0B, 0x00, 0x0B, 0x11, 0x11, 0x11, 0x11, 0x11, 0x09, 0x07, 0x19, 0x2B,
  0x35, 0x35, 0x33, 0x11, 0x21, 0x15, 0x33, 0x11, 0x21, 0x11, 0x23, 0x11, 0x25, 0x33, 0x35, 0x23,
  0x7D, 0x01, 0xF4, 0xFA, 0xFE, 0x0C, 0x7D, 0x01, 0x77, 0x7D, 0x7D, 0x7D, 0xFA, 0x01, 0x77, 0x7D,
  0xFE, 0x0C, 0x01, 0xF4, 0xFE, 0x0C, 0x7D, 0xFA, 0x00, 0x02, 0x00, 0x00, 0x00, 0x7D, 0x03, 0x6B,
  0x02, 0xEE, 0x00, 0x0D, 0x00, 0x11, 0x00, 0x39, 0x40, 0x36, 0x00, 0x03, 0x00, 0x08, 0x01, 0x03,
  0x08, 0x65, 0x00, 0x01, 0x00, 0x05, 0x07, 0x01, 0x05, 0x65, 0x02, 0x01, 0x00, 0x00, 0x1D, 0x4B,
  0x00, 0x07, 0x07, 0x04, 0x5E, 0x09, 0x06, 0x02, 0x04, 0x04, 0x1C, 0x04, 0x4C, 0x00, 0x00, 0x11,
  0x10, 0x0F, 0x0E, 0x00, 0x0D, 0x00, 0x0D, 0x11, 0x11, 0x11, 0x11, 0x11, 0x11, 0x0A, 0x07, 0x1A,
  0x2B, 0x35, 0x11, 0x33, 0x15, 0x33, 0x35, 0x33, 0x15, 0x33, 0x11, 0x21, 0x35, 0x23, 0x15, 0x25,
  0x33, 0x35, 0x23, 0xFA, 0x7D, 0xFA, 0xFA, 0xFE, 0x0C, 0x7D, 0x01, 0x77, 0x7D, 0x7D, 0x7D, 0x02,
  0x71, 0xFA, 0xFA, 0x7D, 0xFE, 0x0C, 0xFA, 0xFA, 0x7D, 0xFA, 0x00, 0x00, 0x00, 0x01, 0x00, 0x00,
  0x00, 0x7D, 0x03, 0x6B, 0x02, 0xEE, 0x00, 0x13, 0x00, 0x43, 0x40, 0x40, 0x00, 0x03, 0x00, 0x02,
  0x06, 0x03, 0x02, 0x65, 0x00, 0x06, 0x00, 0x01, 0x07, 0x06, 0x01, 0x65, 0x00, 0x07, 0x00, 0x08,
  0x00, 0x07, 0x08, 0x65, 0x00, 0x05, 0x05, 0x04, 0x5D, 0x00, 0x04, 0x04, 0x1D, 0x4B, 0x00, 0x00,
  0x00, 0x09, 0x5D, 0x0A, 0x01, 0x09, 0x09, 0x1C, 0x09, 0x4C, 0x00, 0x00, 0x00, 0x13, 0x00, 0x13,
  0x11, 0x11, 0x11, 0x11, 0x11, 0x11, 0x11, 0x11, 0x11, 0x0B, 0x07, 0x1D, 0x2B, 0x35, 0x35, 0x21,
  0x35, 0x21, 0x35, 0x23, 0x35, 0x33, 0x35, 0x21, 0x15, 0x21, 0x15, 0x21, 0x15, 0x33, 0x15, 0x23,
  0x15, 0x02, 0x71, 0xFE, 0x0C, 0x7D, 0x7D, 0x02, 0x71, 0xFE, 0x0C, 0x01, 0xF4, 0x7D, 0x7D, 0x7D,
  0x7D, 0x7D, 0x7D, 0x7D, 0x7D, 0x7D, 0x7D, 0x7D, 0x7D, 0x7D, 0x00, 0x00, 0x00, 0x01, 0x00, 0x00,
  0x00, 0x7D, 0x03, 0x6B, 0x02, 0xEE, 0x00, 0x17, 0x00, 0x49, 0x40, 0x46, 0x03, 0x01, 0x01, 0x00,
  0x04, 0x06, 0x01, 0x04, 0x65, 0x00, 0x06, 0x00, 0x07, 0x09, 0x06, 0x07, 0x65, 0x00, 0x09, 0x0A,
  0x01, 0x00, 0x08, 0x09, 0x00, 0x65, 0x00, 0x05, 0x05, 0x02, 0x5D, 0x00, 0x02, 0x02, 0x1D, 0x4B,
  0x00, 0x08, 0x08, 0x0B, 0x5D, 0x0C, 0x01, 0x0B, 0x0B, 0x1C, 0x0B, 0x4C, 0x00, 0x00, 0x00, 0x17,
  0x00, 0x17, 0x16, 0x15, 0x14, 0x13, 0x11, 0x11, 0x11, 0x11, 0x11, 0x11, 0x11, 0x11, 0x11, 0x0D,
  0x07, 0x1D, 0x2B, 0x37, 0x35, 0x23, 0x11, 0x33, 0x35, 0x21, 0x15, 0x33, 0x15, 0x23, 0x35, 0x21,
  0x15, 0x33, 0x15, 0x23, 0x15, 0x21, 0x35, 0x33, 0x15, 0x23, 0x15, 0x7D, 0x7D, 0x7D, 0x02, 0x71,
  0x7D, 0xFA, 0xFE, 0x89, 0xFA, 0xFA, 0x01, 0x77, 0xFA, 0x7D, 0x7D, 0x7D, 0x01, 0x77, 0x7D, 0x7D,
  0x7D, 0x7D, 0x7D, 0x7D, 0x7D, 0x7D, 0x7D, 0x7D, 0x00, 0x01, 0x00, 0x00, 0x00, 0x7D, 0x03, 0x6B,
  0x02, 0xEE, 0x00, 0x17, 0x00, 0x49, 0x40, 0x46, 0x09, 0x01, 0x07, 0x00, 0x06, 0x04, 0x07, 0x06,
  0x65, 0x00, 0x04, 0x00, 0x03, 0x01, 0x04, 0x03, 0x65, 0x00, 0x01, 0x0A, 0x01, 0x00, 0x02, 0x01,
  0x00, 0x65, 0x00, 0x05, 0x05, 0x08, 0x5D, 0x00, 0x08, 0x08, 0x1D, 0x4B, 0x00, 0x02, 0x02, 0x0B,
  0x5D, 0x0C, 0x01, 0x0B, 0x0B, 0x1C, 0x0B, 0x4C, 0x00, 0x00, 0x00, 0x17, 0x00, 0x17, 0x16, 0x15,
  0x14, 0x13, 0x11, 0x11, 0x11, 0x11, 0x11, 0x11, 0x11, 0x11, 0x11, 0x0D, 0x07, 0x1D, 0x2B, 0x37,
  0x35, 0x23, 0x35, 0x33, 0x15, 0x21, 0x35, 0x23, 0x35, 0x33, 0x35, 0x21, 0x15, 0x23, 0x35, 0x33,
  0x35, 0x21, 0x15, 0x33, 0x11, 0x23, 0x15, 0x7D, 0x7D, 0xFA, 0x01, 0x77, 0xFA, 0xFA, 0xFE, 0x89,
  0xFA, 0x7D, 0x02, 0x71, 0x7D, 0x7D, 0x7D, 0x7D, 0x7D, 0x7D, 0x7D, 0x7D, 0x7D, 0x7D, 0x7D, 0x7D,
  0x7D, 0xFE, 0x89, 0x7D, 0x00, 0x02, 0x00, 0x7D, 0x00, 0x7D, 0x03, 0x6B, 0x03, 0xE8, 0x00, 0x03,
  0x00, 0x0D, 0x00, 0x3D, 0x40, 0x3A, 0x07, 0x01, 0x01, 0x01, 0x00, 0x5D, 0x00, 0x00, 0x00, 0x1B,
  0x4B, 0x00, 0x03, 0x03, 0x04, 0x5D, 0x00, 0x04, 0x04, 0x1D, 0x4B, 0x05, 0x01, 0x02, 0x02, 0x06,
  0x5D, 0x08, 0x01, 0x06, 0x06, 0x1C, 0x06, 0x4C, 0x04, 0x04, 0x00, 0x00, 0x04, 0x0D, 0x04, 0x0D,
  0x0C, 0x0B, 0x0A, 0x09, 0x08, 0x07, 0x06, 0x05, 0x00, 0x03, 0x00, 0x03, 0x11, 0x09, 0x07, 0x15,
  0x2B, 0x01, 0x35, 0x33, 0x15, 0x01, 0x35, 0x33, 0x11, 0x23, 0x35, 0x21, 0x11, 0x33, 0x15, 0x01,
  0x77, 0xFA, 0xFE, 0x0C, 0xFA, 0x7D, 0x01, 0x77, 0xFA, 0x03, 0x6B, 0x7D, 0x7D, 0xFD, 0x12, 0x7D,
  0x01, 0x77, 0x7D, 0xFE, 0x0C, 0x7D, 0x00, 0x00, 0x00, 0x03, 0x00, 0x7D, 0x00, 0x7D, 0x03, 0x6B,
  0x03, 0xE8, 0x00, 0x03, 0x00, 0x07, 0x00, 0x11, 0x00, 0x48, 0x40, 0x45, 0x0A, 0x03, 0x09, 0x03,
  0x01, 0x01, 0x00, 0x5D, 0x02, 0x01, 0x00, 0x00, 0x1B, 0x4B, 0x00, 0x05, 0x05, 0x06, 0x5D, 0x00,
  0x06, 0x06, 0x1D, 0x4B, 0x07, 0x01, 0x04, 0x04, 0x08, 0x5D, 0x0B, 0x01, 0x08, 0x08, 0x1C, 0x08,
  0x4C, 0x08, 0x08, 0x04, 0x04, 0x00, 0x00, 0x08, 0x11, 0x08, 0x11, 0x10, 0x0F, 0x0E, 0x0D, 0x0C,
  0x0B, 0x0A, 0x09, 0x04, 0x07, 0x04, 0x07, 0x06, 0x05, 0x00, 0x03, 0x00, 0x03, 0x11, 0x0C, 0x07,
  0x15, 0x2B, 0x13, 0x35, 0x33, 0x15, 0x33, 0x35, 0x33, 0x15, 0x01, 0x35, 0x33, 0x11, 0x23, 0x35,
  0x21, 0x11, 0x33, 0x15, 0x7D, 0xFA, 0x7D, 0xFA, 0xFD, 0x8F, 0xFA, 0x7D, 0x01, 0x77, 0xFA, 0x03,
  0x6B, 0x7D, 0x7D, 0x7D, 0x7D, 0xFD, 0x12, 0x7D, 0x01, 0x77, 0x7D, 0xFE, 0x0C, 0x7D, 0x00, 0x00,
  0x00, 0x02, 0x00, 0x7D, 0x00, 0x00, 0x02, 0xEE, 0x03, 0xE8, 0x00, 0x03, 0x00, 0x0D, 0x00, 0x41,
  0x40, 0x3E, 0x07, 0x01, 0x01, 0x01, 0x00, 0x5D, 0x00, 0x00, 0x00, 0x1B, 0x4B, 0x00, 0x03, 0x03,
  0x04, 0x5D, 0x00, 0x04, 0x04, 0x1D, 0x4B, 0x00, 0x05, 0x05, 0x1C, 0x4B, 0x00, 0x02, 0x02, 0x06,
  0x5D, 0x08, 0x01, 0x06, 0x06, 0x1F, 0x06, 0x4C, 0x04, 0x04, 0x00, 0x00, 0x04, 0x0D, 0x04, 0x0D,
  0x0C, 0x0B, 0x0A, 0x09, 0x08, 0x07, 0x06, 0x05, 0x00, 0x03, 0x00, 0x03, 0x11, 0x09, 0x07, 0x15,
  0x2B, 0x01, 0x35, 0x33, 0x15, 0x01, 0x35, 0x21, 0x11, 0x23, 0x35, 0x21, 0x11, 0x23, 0x15, 0x01,
  0xF4, 0xFA, 0xFD, 0x8F, 0x01, 0x77, 0x7D, 0x01, 0x77, 0x7D, 0x03, 0x6B, 0x7D, 0x7D, 0xFC, 0x95,
  0x7D, 0x01, 0xF4, 0x7D, 0xFD, 0x8F, 0x7D, 0x00, 0x00, 0x01, 0x00, 0x00, 0x00, 0x7D, 0x03, 0x6B,
  0x03, 0xE8, 0x00, 0x13, 0x00, 0x39, 0x40, 0x36, 0x03, 0x01, 0x01, 0x04, 0x01, 0x00, 0x05, 0x01,
  0x00, 0x65, 0x00, 0x05, 0x00, 0x08, 0x06, 0x05, 0x08, 0x65, 0x00, 0x02, 0x02, 0x1B, 0x4B, 0x00,
  0x06, 0x06, 0x07, 0x5D, 0x0A, 0x09, 0x02, 0x07, 0x07, 0x1C, 0x07, 0x4C, 0x00, 0x00, 0x00, 0x13,
  0x00, 0x13, 0x11, 0x11, 0x11, 0x11, 0x11, 0x11, 0x11, 0x11, 0x11, 0x0B, 0x07, 0x1D, 0x2B, 0x37,
  0x11, 0x23, 0x35, 0x33, 0x35, 0x33, 0x15, 0x33, 0x15, 0x23, 0x15, 0x21, 0x15, 0x33, 0x11, 0x23,
  0x11, 0x23, 0x11, 0x7D, 0x7D, 0x7D, 0xFA, 0xFA, 0xFA, 0x01, 0x77, 0x7D, 0xFA, 0xFA, 0x7D, 0x02,
  0x71, 0x7D, 0x7D, 0x7D, 0x7D, 0x7D, 0x7D, 0xFE, 0x89, 0x01, 0x77, 0xFE, 0x89, 0x00, 0x00, 0x00,
  0x00, 0x02, 0x00, 0x00, 0x00, 0x7D, 0x03, 0x6B, 0x02, 0xEE, 0x00, 0x13, 0x00, 0x17, 0x00, 0x43,
  0x40, 0x40, 0x00, 0x01, 0x00, 0x08, 0x05, 0x01, 0x08, 0x65, 0x04, 0x01, 0x02, 0x07, 0x01, 0x05,
  0x0A, 0x02, 0x05, 0x65, 0x00, 0x0B, 0x0B, 0x00, 0x5D, 0x03, 0x01, 0x00, 0x00, 0x1D, 0x4B, 0x00,
  0x0A, 0x0A, 0x06, 0x5D, 0x0C, 0x09, 0x02, 0x06, 0x06, 0x1C, 0x06, 0x4C, 0x00, 0x00, 0x17, 0x16,
  0x15, 0x14, 0x00, 0x13, 0x00, 0x13, 0x11, 0x11, 0x11, 0x11, 0x11, 0x11, 0x11, 0x11, 0x11, 0x0D,
  0x07, 0x1D, 0x2B, 0x35, 0x11, 0x33, 0x15, 0x33, 0x35, 0x33, 0x35, 0x21, 0x15, 0x33, 0x11, 0x23,
  0x15, 0x21, 0x35, 0x23, 0x35, 0x23, 0x15, 0x25, 0x33, 0x11, 0x23, 0x7D, 0x7D, 0x7D, 0x01, 0x77,
  0x7D, 0x7D, 0xFE, 0x89, 0x7D, 0x7D, 0x01, 0x77, 0x7D, 0x7D, 0x7D, 0x02, 0x71, 0xFA, 0x7D, 0x7D,
  0x7D, 0xFE, 0x89, 0x7D, 0x7D, 0x7D, 0xFA, 0x7D, 0x01, 0x77, 0x00, 0x00, 0x00, 0x02, 0x00, 0x00,
  0x00, 0x7D, 0x03, 0x6B, 0x02, 0xEE, 0x00, 0x0D, 0x00, 0x11, 0x00, 0x3D, 0x40, 0x3A, 0x00, 0x02,
  0x00, 0x01, 0x07, 0x02, 0x01, 0x65, 0x00, 0x07, 0x00, 0x05, 0x00, 0x07, 0x05, 0x65, 0x00, 0x08,
  0x08, 0x03, 0x5D, 0x00, 0x03, 0x03, 0x1D, 0x4B, 0x00, 0x00, 0x00, 0x04, 0x5D, 0x09, 0x06, 0x02,
  0x04, 0x04, 0x1C, 0x04, 0x4C, 0x00, 0x00, 0x11, 0x10, 0x0F, 0x0E, 0x00, 0x0D, 0x00, 0x0D, 0x11,
  0x11, 0x11, 0x11, 0x11, 0x11, 0x0A, 0x07, 0x1A, 0x2B, 0x35, 0x35, 0x33, 0x35, 0x23, 0x35, 0x33,
  0x35, 0x21, 0x11, 0x23, 0x35, 0x21, 0x15, 0x11, 0x21, 0x35, 0x21, 0x7D, 0x7D, 0x7D, 0x02, 0xEE,
  0xFA, 0xFE, 0x89, 0x01, 0x77, 0xFE, 0x89, 0x7D, 0xFA, 0x7D, 0x7D, 0x7D, 0xFD, 0x8F, 0xFA, 0xFA,
  0x01, 0x77, 0x7D, 0x00, 0x00, 0x01, 0x00, 0x00, 0x00, 0x00, 0x03, 0x6B, 0x03, 0xE8, 0x00, 0x17,
  0x00, 0x47, 0x40, 0x44, 0x06, 0x01, 0x04, 0x07, 0x01, 0x03, 0x08, 0x04, 0x03, 0x65, 0x00, 0x08,
  0x00, 0x01, 0x09, 0x08, 0x01, 0x65, 0x00, 0x05, 0x05, 0x1B, 0x4B, 0x00, 0x09, 0x09, 0x02, 0x5D,
  0x0A, 0x01, 0x02, 0x02, 0x1C, 0x4B, 0x00, 0x00, 0x00, 0x0B, 0x5D, 0x0C, 0x01, 0x0B, 0x0B, 0x1F,
  0x0B, 0x4C, 0x00, 0x00, 0x00, 0x17, 0x00, 0x17, 0x16, 0x15, 0x14, 0x13, 0x11, 0x11, 0x11, 0x11,
  0x11, 0x11, 0x11, 0x11, 0x11, 0x0D, 0x07, 0x1D, 0x2B, 0x21, 0x35, 0x33, 0x11, 0x23, 0x11, 0x23,
  0x11, 0x23, 0x35, 0x33, 0x35, 0x33, 0x15, 0x33, 0x15, 0x23, 0x15, 0x21, 0x15, 0x33, 0x11, 0x23,
  0x15, 0x01, 0xF4, 0x7D, 0xFA, 0xFA, 0x7D, 0x7D, 0xFA, 0xFA, 0xFA, 0x01, 0x77, 0x7D, 0x7D, 0x7D,
  0x01, 0x77, 0xFE, 0x89, 0x02, 0x71, 0x7D, 0x7D, 0x7D, 0x7D, 0x7D, 0x7D, 0xFE, 0x89, 0x7D, 0x00,
  0x00, 0x02, 0x00, 0x00, 0x00, 0x7D, 0x03, 0x6B, 0x03, 0xE8, 0x00, 0x11, 0x00, 0x15, 0x00, 0x45,
  0x40, 0x42, 0x00, 0x07, 0x00, 0x09, 0x08, 0x07, 0x09, 0x65, 0x0B, 0x01, 0x08, 0x00, 0x00, 0x0A,
  0x08, 0x00, 0x65, 0x00, 0x04, 0x04, 0x1B, 0x4B, 0x06, 0x01, 0x02, 0x02, 0x03, 0x5D, 0x05, 0x01,
  0x03, 0x03, 0x1D, 0x4B, 0x00, 0x0A, 0x0A, 0x01, 0x5E, 0x00, 0x01, 0x01, 0x1C, 0x01, 0x4C, 0x00,
  0x00, 0x15, 0x14, 0x13, 0x12, 0x00, 0x11, 0x00, 0x11, 0x11, 0x11, 0x11, 0x11, 0x11, 0x11, 0x11,
  0x11, 0x0C, 0x07, 0x1C, 0x2B, 0x01, 0x15, 0x23, 0x15, 0x21, 0x11, 0x23, 0x35, 0x33, 0x35, 0x33,
  0x15, 0x33, 0x15, 0x23, 0x15, 0x21, 0x15, 0x23, 0x23, 0x15, 0x33, 0x03, 0x6B, 0x7D, 0xFD, 0x8F,
  0x7D, 0x7D, 0xFA, 0xFA, 0xFA, 0x01, 0x77, 0x7D, 0xFA, 0xFA, 0x01, 0x77, 0x7D, 0x7D, 0x01, 0xF4,
  0x7D, 0xFA, 0xFA, 0x7D, 0x7D, 0x7D, 0x7D, 0x00, 0x00, 0x04, 0x00, 0x00, 0x00, 0x7D, 0x03, 0x6B,
  0x02, 0xEE, 0x00, 0x0B, 0x00, 0x13, 0x00, 0x17, 0x00, 0x1B, 0x00, 0x81, 0x4B, 0xB0, 0x0A, 0x50,
  0x58, 0x40, 0x2C, 0x05, 0x01, 0x01, 0x00, 0x06, 0x00, 0x01, 0x70, 0x00, 0x06, 0x09, 0x01, 0x07,
  0x0A, 0x06, 0x07, 0x65, 0x04, 0x02, 0x02, 0x00, 0x00, 0x03, 0x5D, 0x00, 0x03, 0x03, 0x1D, 0x4B,
  0x0D, 0x01, 0x0A, 0x0A, 0x08, 0x5D, 0x0C, 0x0E, 0x0B, 0x03, 0x08, 0x08, 0x1C, 0x08, 0x4C, 0x1B,
  0x40, 0x2D, 0x05, 0x01, 0x01, 0x00, 0x06, 0x00, 0x01, 0x06, 0x7E, 0x00, 0x06, 0x09, 0x01, 0x07,
  0x0A, 0x06, 0x07, 0x65, 0x04, 0x02, 0x02, 0x00, 0x00, 0x03, 0x5D, 0x00, 0x03, 0x03, 0x1D, 0x4B,
  0x0D, 0x01, 0x0A, 0x0A, 0x08, 0x5D, 0x0C, 0x0E, 0x0B, 0x03, 0x08, 0x08, 0x1C, 0x08, 0x4C, 0x59,
  0x40, 0x1A, 0x14, 0x14, 0x1B, 0x1A, 0x19, 0x18, 0x14, 0x17, 0x14, 0x17, 0x16, 0x15, 0x13, 0x12,
  0x11, 0x11, 0x11, 0x11, 0x11, 0x11, 0x11, 0x11, 0x10, 0x0F, 0x07, 0x1D, 0x2B, 0x01, 0x21, 0x15,
  0x23, 0x35, 0x23, 0x35, 0x21, 0x15, 0x23, 0x15, 0x23, 0x21, 0x21, 0x15, 0x23, 0x15, 0x23, 0x35,
  0x23, 0x07, 0x35, 0x33, 0x15, 0x21, 0x23, 0x35, 0x33, 0x02, 0x71, 0xFE, 0x89, 0x7D, 0x7D, 0x03,
  0x6B, 0x7D, 0x7D, 0xFE, 0x89, 0x01, 0x77, 0x7D, 0x7D, 0x7D, 0xFA, 0xFA, 0x02, 0x71, 0xFA, 0xFA,
  0x02, 0x71, 0x7D, 0x7D, 0x7D, 0x7D, 0x7D, 0x7D, 0xFA, 0xFA, 0xFA, 0xFA, 0xFA, 0xFA, 0x00, 0x00,
  0x00, 0x03, 0x00, 0x00, 0x00, 0x7D, 0x03, 0x6B, 0x02, 0xEE, 0x00, 0x0B, 0x00, 0x0F, 0x00, 0x13,
  0x00, 0x80, 0x4B, 0xB0, 0x0A, 0x50, 0x58, 0x40, 0x2D, 0x00, 0x09, 0x01, 0x08, 0x07, 0x09, 0x70,
  0x00, 0x08, 0x00, 0x06, 0x08, 0x6E, 0x03, 0x01, 0x01, 0x04, 0x01, 0x00, 0x06, 0x01, 0x00, 0x65,
  0x00, 0x07, 0x07, 0x02, 0x5D, 0x00, 0x02, 0x02, 0x1D, 0x4B, 0x00, 0x06, 0x06, 0x05, 0x5E, 0x0A,
  0x01, 0x05, 0x05, 0x1C, 0x05, 0x4C, 0x1B, 0x40, 0x2F, 0x00, 0x09, 0x01, 0x08, 0x01, 0x09, 0x08,
  0x7E, 0x00, 0x08, 0x00, 0x01, 0x08, 0x00, 0x7C, 0x03, 0x01, 0x01, 0x04, 0x01, 0x00, 0x06, 0x01,
  0x00, 0x65, 0x00, 0x07, 0x07, 0x02, 0x5D, 0x00, 0x02, 0x02, 0x1D, 0x4B, 0x00, 0x06, 0x06, 0x05,
  0x5E, 0x0A, 0x01, 0x05, 0x05, 0x1C, 0x05, 0x4C, 0x59, 0x40, 0x16, 0x00, 0x00, 0x13, 0x12, 0x11,
  0x10, 0x0F, 0x0E, 0x0D, 0x0C, 0x00, 0x0B, 0x00, 0x0B, 0x11, 0x11, 0x11, 0x11, 0x11, 0x0B, 0x07,
  0x19, 0x2B, 0x37, 0x35, 0x23, 0x11, 0x33, 0x35, 0x21, 0x15, 0x33, 0x11, 0x23, 0x15, 0x25, 0x21,
  0x11, 0x21, 0x07, 0x21, 0x35, 0x21, 0x7D, 0x7D, 0x7D, 0x02, 0x71, 0x7D, 0x7D, 0xFE, 0x0C, 0x01,
  0x77, 0xFE, 0x89, 0x7D, 0x02, 0x71, 0xFD, 0x8F, 0x7D, 0x7D, 0x01, 0x77, 0x7D, 0x7D, 0xFE, 0x89,
  0x7D, 0x7D, 0x01, 0x77, 0xFA, 0x7D, 0x00, 0x00, 0x00, 0x01, 0x00, 0x7D, 0x00, 0x7D, 0x03, 0x6B,
  0x02, 0xEE, 0x00, 0x0F, 0x00, 0x73, 0x4B, 0xB0, 0x0A, 0x50, 0x58, 0x40, 0x2A, 0x06, 0x01, 0x00,
  0x03, 0x07, 0x01, 0x00, 0x70, 0x00, 0x05, 0x05, 0x02, 0x5D, 0x04, 0x01, 0x02, 0x02, 0x1D, 0x4B,
  0x00, 0x01, 0x01, 0x02, 0x5D, 0x04, 0x01, 0x02, 0x02, 0x1D, 0x4B, 0x00, 0x03, 0x03, 0x07, 0x5D,
  0x08, 0x01, 0x07, 0x07, 0x1C, 0x07, 0x4C, 0x1B, 0x40, 0x2B, 0x06, 0x01, 0x00, 0x03, 0x07, 0x03,
  0x00, 0x07, 0x7E, 0x00, 0x05, 0x05, 0x02, 0x5D, 0x04, 0x01, 0x02, 0x02, 0x1D, 0x4B, 0x00, 0x01,
  0x01, 0x02, 0x5D, 0x04, 0x01, 0x02, 0x02, 0x1D, 0x4B, 0x00, 0x03, 0x03, 0x07, 0x5D, 0x08, 0x01,
  0x07, 0x07, 0x1C, 0x07, 0x4C, 0x59, 0x40, 0x10, 0x00, 0x00, 0x00, 0x0F, 0x00, 0x0F, 0x11, 0x11,
  0x11, 0x11, 0x11, 0x11, 0x11, 0x09, 0x07, 0x1B, 0x2B, 0x25, 0x35, 0x23, 0x35, 0x23, 0x11, 0x33,
  0x11, 0x33, 0x11, 0x33, 0x15, 0x23, 0x11, 0x23, 0x15, 0x01, 0x77, 0x7D, 0x7D, 0xFA, 0xFA, 0xFA,
  0x7D, 0x7D, 0x7D, 0x7D, 0x7D, 0x01, 0x77, 0xFE, 0x89, 0x01, 0x77, 0x7D, 0xFE, 0x89, 0x7D, 0x00,
  0x00, 0x01, 0x00, 0x00, 0x00, 0x7D, 0x03, 0x6B, 0x02, 0xEE, 0x00, 0x0F, 0x00, 0x63, 0x4B, 0xB0,
  0x0A, 0x50, 0x58, 0x40, 0x22, 0x00, 0x00, 0x01, 0x02, 0x01, 0x00, 0x70, 0x06, 0x01, 0x02, 0x05,
  0x01, 0x03, 0x04, 0x02, 0x03, 0x65, 0x00, 0x01, 0x01, 0x07, 0x5D, 0x08, 0x01, 0x07, 0x07, 0x1D,
  0x4B, 0x00, 0x04, 0x04, 0x1C, 0x04, 0x4C, 0x1B, 0x40, 0x23, 0x00, 0x00, 0x01, 0x02, 0x01, 0x00,
  0x02, 0x7E, 0x06, 0x01, 0x02, 0x05, 0x01, 0x03, 0x04, 0x02, 0x03, 0x65, 0x00, 0x01, 0x01, 0x07,
  0x5D, 0x08, 0x01, 0x07, 0x07, 0x1D, 0x4B, 0x00, 0x04, 0x04, 0x1C, 0x04, 0x4C, 0x59, 0x40, 0x10,
  0x00, 0x00, 0x00, 0x0F, 0x00, 0x0F, 0x11, 0x11, 0x11, 0x11, 0x11, 0x11, 0x11, 0x09, 0x07, 0x1B,
  0x2B, 0x01, 0x15, 0x23, 0x35, 0x21, 0x15, 0x33, 0x15, 0x23, 0x15, 0x23, 0x35, 0x23, 0x35, 0x33,
  0x35, 0x03, 0x6B, 0x7D, 0xFE, 0x89, 0xFA, 0xFA, 0xFA, 0x7D, 0x7D, 0x02, 0xEE, 0xFA, 0x7D, 0x7D,
  0x7D, 0xFA, 0xFA, 0x7D, 0xFA, 0x00, 0x00, 0x00, 0x00, 0x01, 0x00, 0x7D, 0x00, 0x00, 0x03, 0x6B,
  0x02, 0xEE, 0x00, 0x11, 0x00, 0x3D, 0x40, 0x3A, 0x00, 0x00, 0x00, 0x05, 0x01, 0x00, 0x05, 0x65,
  0x09, 0x01, 0x08, 0x08, 0x07, 0x5D, 0x00, 0x07, 0x07, 0x1D, 0x4B, 0x00, 0x01, 0x01, 0x02, 0x5D,
  0x06, 0x01, 0x02, 0x02, 0x1C, 0x4B, 0x00, 0x04, 0x04, 0x03, 0x5D, 0x00, 0x03, 0x03, 0x1F, 0x03,
  0x4C, 0x00, 0x00, 0x00, 0x11, 0x00, 0x11, 0x11, 0x11, 0x11, 0x11, 0x11, 0x11, 0x11, 0x11, 0x0A,
  0x07, 0x1C, 0x2B, 0x01, 0x15, 0x21, 0x15, 0x33, 0x15, 0x23, 0x15, 0x23, 0x35, 0x33, 0x35, 0x23,
  0x15, 0x23, 0x11, 0x21, 0x15, 0x01, 0x77, 0x01, 0x77, 0x7D, 0x7D, 0xFA, 0x7D, 0xFA, 0xFA, 0x02,
  0xEE, 0x02, 0x71, 0x7D, 0x7D, 0xFA, 0x7D, 0x7D, 0xFA, 0xFA, 0x02, 0x71, 0x7D, 0x00, 0x00, 0x00,
  0x00, 0x01, 0x00, 0x00, 0x00, 0x00, 0x03, 0xE8, 0x02, 0xEE, 0x00, 0x1F, 0x00, 0x4C, 0x40, 0x49,
  0x0C, 0x01, 0x0A, 0x05, 0x01, 0x03, 0x07, 0x0A, 0x03, 0x65, 0x0E, 0x01, 0x08, 0x08, 0x09, 0x5D,
  0x0D, 0x0B, 0x02, 0x09, 0x09, 0x1D, 0x4B, 0x0F, 0x01, 0x07, 0x07, 0x02, 0x5D, 0x06, 0x04, 0x02,
  0x02, 0x02, 0x1C, 0x4B, 0x00, 0x00, 0x00, 0x01, 0x5E, 0x00, 0x01, 0x01, 0x1F, 0x01, 0x4C, 0x1F,
  0x1E, 0x1D, 0x1C, 0x1B, 0x1A, 0x19, 0x18, 0x17, 0x16, 0x15, 0x14, 0x13, 0x12, 0x11, 0x11, 0x11,
  0x11, 0x11, 0x11, 0x11, 0x11, 0x10, 0x10, 0x07, 0x1D, 0x2B, 0x25, 0x33, 0x15, 0x23, 0x35, 0x23,
  0x35, 0x23, 0x15, 0x23, 0x35, 0x23, 0x15, 0x23, 0x35, 0x33, 0x35, 0x23, 0x35, 0x33, 0x15, 0x33,
  0x35, 0x33, 0x15, 0x33, 0x35, 0x33, 0x15, 0x23, 0x15, 0x33, 0x03, 0x6B, 0x7D, 0xFA, 0x7D, 0x7D,
  0x7D, 0x7D, 0xFA, 0x7D, 0x7D, 0xFA, 0x7D, 0x7D, 0x7D, 0xFA, 0x7D, 0x7D, 0xFA, 0xFA, 0x7D, 0xFA,
  0xFA, 0xFA, 0xFA, 0xFA, 0x7D, 0xFA, 0xFA, 0xFA, 0xFA, 0xFA, 0xFA, 0x7D, 0x00, 0x01, 0x00, 0x00,
  0x00, 0x00, 0x03, 0x6B, 0x02, 0xEE, 0x00, 0x1F, 0x00, 0x54, 0x40, 0x51, 0x0F, 0x01, 0x0D, 0x0C,
  0x01, 0x00, 0x0A, 0x0D, 0x00, 0x65, 0x00, 0x0A, 0x00, 0x09, 0x01, 0x0A, 0x09, 0x65, 0x07, 0x01,
  0x01, 0x06, 0x01, 0x02, 0x08, 0x01, 0x02, 0x65, 0x00, 0x0B, 0x0B, 0x0E, 0x5D, 0x00, 0x0E, 0x0E,
  0x1D, 0x4B, 0x00, 0x08, 0x08, 0x03, 0x5D, 0x05, 0x01, 0x03, 0x03, 0x1C, 0x4B, 0x00, 0x04, 0x04,
  0x1F, 0x04, 0x4C, 0x1F, 0x1E, 0x1D, 0x1C, 0x1B, 0x1A, 0x19, 0x18, 0x17, 0x16, 0x15, 0x14, 0x13,
  0x12, 0x11, 0x11, 0x11, 0x11, 0x11, 0x11, 0x11, 0x11, 0x10, 0x10, 0x07, 0x1D, 0x2B, 0x01, 0x23,
  0x15, 0x33, 0x15, 0x23, 0x15, 0x23, 0x15, 0x23, 0x35, 0x23, 0x35, 0x23, 0x35, 0x33, 0x15, 0x21,
  0x35, 0x23, 0x35, 0x33, 0x35, 0x21, 0x15, 0x23, 0x35, 0x33, 0x35, 0x21, 0x15, 0x33, 0x03, 0x6B,
  0x7D, 0x7D, 0x7D, 0xFA, 0x7D, 0xFA, 0x7D, 0xFA, 0x01, 0x77, 0xFA, 0xFA, 0xFE, 0x89, 0xFA, 0x7D,
  0x02, 0x71, 0x7D, 0x01, 0xF4, 0x7D, 0x7D, 0x7D, 0x7D, 0x7D, 0x7D, 0x7D, 0x7D, 0x7D, 0x7D, 0x7D,
  0x7D, 0x7D, 0x7D, 0x7D, 0x00, 0x02, 0x00, 0x00, 0x00, 0x00, 0x03, 0xE8, 0x02, 0xEE, 0x00, 0x13,
  0x00, 0x17, 0x00, 0x94, 0x4B, 0xB0, 0x0A, 0x50, 0x58, 0x40, 0x37, 0x00, 0x07, 0x0A, 0x06, 0x06,
  0x07, 0x70, 0x00, 0x09, 0x03, 0x00, 0x00, 0x09, 0x70, 0x00, 0x03, 0x09, 0x06, 0x03, 0x56, 0x00,
  0x0A, 0x0A, 0x05, 0x5D, 0x0C, 0x0B, 0x02, 0x05, 0x05, 0x1D, 0x4B, 0x08, 0x01, 0x06, 0x06, 0x02,
  0x5E, 0x04, 0x01, 0x02, 0x02, 0x1C, 0x4B, 0x00, 0x00, 0x00, 0x01, 0x5E, 0x00, 0x01, 0x01, 0x1F,
  0x01, 0x4C, 0x1B, 0x40, 0x39, 0x00, 0x07, 0x0A, 0x06, 0x0A, 0x07, 0x06, 0x7E, 0x00, 0x09, 0x03,
  0x00, 0x03, 0x09, 0x00, 0x7E, 0x00, 0x03, 0x09, 0x06, 0x03, 0x56, 0x00, 0x0A, 0x0A, 0x05, 0x5D,
  0x0C, 0x0B, 0x02, 0x05, 0x05, 0x1D, 0x4B, 0x08, 0x01, 0x06, 0x06, 0x02, 0x5E, 0x04, 0x01, 0x02,
  0x02, 0x1C, 0x4B, 0x00, 0x00, 0x00, 0x01, 0x5E, 0x00, 0x01, 0x01, 0x1F, 0x01, 0x4C, 0x59, 0x40,
  0x16, 0x14, 0x14, 0x14, 0x17, 0x14, 0x17, 0x16, 0x15, 0x13, 0x12, 0x11, 0x11, 0x11, 0x11, 0x11,
  0x11, 0x11, 0x11, 0x10, 0x0D, 0x07, 0x1D, 0x2B, 0x25, 0x33, 0x15, 0x23, 0x35, 0x23, 0x35, 0x21,
  0x15, 0x23, 0x11, 0x33, 0x15, 0x33, 0x35, 0x33, 0x15, 0x33, 0x15, 0x33, 0x11, 0x15, 0x23, 0x35,
  0x03, 0x6B, 0x7D, 0xFA, 0x7D, 0xFE, 0x89, 0xFA, 0xFA, 0xFA, 0x7D, 0x7D, 0x7D, 0xFA, 0xFA, 0xFA,
  0x7D, 0xFA, 0xFA, 0x02, 0x71, 0xFA, 0x7D, 0x7D, 0x7D, 0x01, 0x77, 0x7D, 0x7D, 0x00, 0x00, 0x00,
  0x00, 0x03, 0x00, 0x00, 0x00, 0x7D, 0x03, 0x6B, 0x02, 0xEE, 0x00, 0x0F, 0x00, 0x15, 0x00, 0x19,
  0x00, 0x89, 0x4B, 0xB0, 0x0A, 0x50, 0x58, 0x40, 0x31, 0x00, 0x08, 0x07, 0x00, 0x0A, 0x08, 0x70,
  0x06, 0x01, 0x00, 0x03, 0x01, 0x01, 0x0C, 0x00, 0x01, 0x65, 0x00, 0x07, 0x00, 0x02, 0x04, 0x07,
  0x02, 0x65, 0x0D, 0x01, 0x0A, 0x0A, 0x05, 0x5D, 0x09, 0x01, 0x05, 0x05, 0x1D, 0x4B, 0x00, 0x0C,
  0x0C, 0x04, 0x5D, 0x0B, 0x01, 0x04, 0x04, 0x1C, 0x04, 0x4C, 0x1B, 0x40, 0x32, 0x00, 0x08, 0x07,
  0x00, 0x07, 0x08, 0x00, 0x7E, 0x06, 0x01, 0x00, 0x03, 0x01, 0x01, 0x0C, 0x00, 0x01, 0x65, 0x00,
  0x07, 0x00, 0x02, 0x04, 0x07, 0x02, 0x65, 0x0D, 0x01, 0x0A, 0x0A, 0x05, 0x5D, 0x09, 0x01, 0x05,
  0x05, 0x1D, 0x4B, 0x00, 0x0C, 0x0C, 0x04, 0x5D, 0x0B, 0x01, 0x04, 0x04, 0x1C, 0x04, 0x4C, 0x59,
  0x40, 0x18, 0x10, 0x10, 0x19, 0x18, 0x17, 0x16, 0x10, 0x15, 0x10, 0x15, 0x14, 0x13, 0x12, 0x11,
  0x11, 0x11, 0x11, 0x11, 0x11, 0x11, 0x10, 0x0E, 0x07, 0x1D, 0x2B, 0x01, 0x33, 0x15, 0x23, 0x15,
  0x23, 0x35, 0x23, 0x15, 0x23, 0x11, 0x33, 0x15, 0x33, 0x35, 0x33, 0x33, 0x15, 0x23, 0x35, 0x33,
  0x15, 0x11, 0x23, 0x35, 0x33, 0x01, 0xF4, 0x7D, 0x7D, 0x7D, 0x7D, 0xFA, 0xFA, 0x7D, 0x7D, 0xFA,
  0x7D, 0xFA, 0xFA, 0xFA, 0x01, 0xF4, 0x7D, 0x7D, 0x7D, 0xFA, 0x02, 0x71, 0xFA, 0x7D, 0x7D, 0xFA,
  0x7D, 0xFE, 0x0C, 0xFA, 0x00, 0x02, 0x00, 0x00, 0x00, 0x7D, 0x03, 0x6B, 0x02, 0xEE, 0x00, 0x11,
  0x00, 0x15, 0x00, 0x75, 0x4B, 0xB0, 0x0A, 0x50, 0x58, 0x40, 0x29, 0x00, 0x00, 0x06, 0x01, 0x01,
  0x00, 0x70, 0x08, 0x01, 0x01, 0x00, 0x04, 0x02, 0x01, 0x04, 0x66, 0x09, 0x01, 0x06, 0x06, 0x07,
  0x5D, 0x0B, 0x0A, 0x02, 0x07, 0x07, 0x1D, 0x4B, 0x00, 0x02, 0x02, 0x03, 0x5E, 0x05, 0x01, 0x03,
  0x03, 0x1C, 0x03, 0x4C, 0x1B, 0x40, 0x2A, 0x00, 0x00, 0x06, 0x01, 0x06, 0x00, 0x01, 0x7E, 0x08,
  0x01, 0x01, 0x00, 0x04, 0x02, 0x01, 0x04, 0x66, 0x09, 0x01, 0x06, 0x06, 0x07, 0x5D, 0x0B, 0x0A,
  0x02, 0x07, 0x07, 0x1D, 0x4B, 0x00, 0x02, 0x02, 0x03, 0x5E, 0x05, 0x01, 0x03, 0x03, 0x1C, 0x03,
  0x4C, 0x59, 0x40, 0x14, 0x12, 0x12, 0x12, 0x15, 0x12, 0x15, 0x14, 0x13, 0x11, 0x11, 0x11, 0x11,
  0x11, 0x11, 0x11, 0x11, 0x10, 0x0C, 0x07, 0x1D, 0x2B, 0x01, 0x33, 0x15, 0x33, 0x15, 0x33, 0x15,
  0x23, 0x35, 0x23, 0x15, 0x23, 0x11, 0x23, 0x35, 0x21, 0x15, 0x33, 0x25, 0x15, 0x23, 0x35, 0x01,
  0xF4, 0x7D, 0x7D, 0x7D, 0xFA, 0xFA, 0xFA, 0x7D, 0x01, 0x77, 0x7D, 0x01, 0x77, 0xFA, 0x02, 0x71,
  0x7D, 0x7D, 0xFA, 0xFA, 0xFA, 0x01, 0xF4, 0x7D, 0xFA, 0xFA, 0x7D, 0x7D, 0x00, 0x01, 0x00, 0x00,
  0x00, 0x00, 0x03, 0xE8, 0x02, 0xEE, 0x00, 0x0F, 0x00, 0x2D, 0x40, 0x2A, 0x00, 0x06, 0x00, 0x03,
  0x00, 0x06, 0x03, 0x65, 0x07, 0x01, 0x05, 0x05, 0x1D, 0x4B, 0x04, 0x01, 0x02, 0x02, 0x1C, 0x4B,
  0x00, 0x00, 0x00, 0x01, 0x5D, 0x00, 0x01, 0x01, 0x1F, 0x01, 0x4C, 0x11, 0x11, 0x11, 0x11, 0x11,
  0x11, 0x11, 0x10, 0x08, 0x07, 0x1C, 0x2B, 0x25, 0x33, 0x15, 0x23, 0x35, 0x23, 0x35, 0x21, 0x15,
  0x23, 0x11, 0x33, 0x15, 0x21, 0x35, 0x33, 0x03, 0x6B, 0x7D, 0xFA, 0x7D, 0xFE, 0x89, 0xFA, 0xFA,
  0x01, 0x77, 0xFA, 0xFA, 0xFA, 0x7D, 0xFA, 0xFA, 0x02, 0x71, 0xFA, 0xFA, 0x00, 0x01, 0x00, 0x00,
  0x00, 0x00, 0x03, 0xE8, 0x02, 0xEE, 0x00, 0x0B, 0x00, 0x27, 0x40, 0x24, 0x00, 0x03, 0x03, 0x05,
  0x5D, 0x00, 0x05, 0x05, 0x1D, 0x4B, 0x04, 0x01, 0x02, 0x02, 0x1C, 0x4B, 0x00, 0x00, 0x00, 0x01,
  0x5D, 0x00, 0x01, 0x01, 0x1F, 0x01, 0x4C, 0x11, 0x11, 0x11, 0x11, 0x11, 0x10, 0x06, 0x07, 0x1A,
  0x2B, 0x25, 0x33, 0x15, 0x23, 0x35, 0x23, 0x11, 0x21, 0x11, 0x23, 0x11, 0x21, 0x03, 0x6B, 0x7D,
  0xFA, 0x7D, 0xFE, 0x89, 0xFA, 0x03, 0x6B, 0xFA, 0xFA, 0x7D, 0x01, 0xF4, 0xFE, 0x0C, 0x02, 0x71,
  0x00, 0x01, 0x00, 0x00, 0x00, 0x00, 0x03, 0x6B, 0x02, 0xEE, 0x00, 0x17, 0x00, 0x42, 0x40, 0x3F,
  0x0B, 0x01, 0x09, 0x00, 0x00, 0x03, 0x09, 0x00, 0x65, 0x00, 0x03, 0x08, 0x01, 0x04, 0x02, 0x03,
  0x04, 0x65, 0x00, 0x01, 0x01, 0x0A, 0x5D, 0x00, 0x0A, 0x0A, 0x1D, 0x4B, 0x00, 0x02, 0x02, 0x05,
  0x5D, 0x07, 0x01, 0x05, 0x05, 0x1C, 0x4B, 0x00, 0x06, 0x06, 0x1F, 0x06, 0x4C, 0x17, 0x16, 0x15,
  0x14, 0x13, 0x12, 0x11, 0x11, 0x11, 0x11, 0x11, 0x11, 0x11, 0x11, 0x10, 0x0C, 0x07, 0x1D, 0x2B,
  0x01, 0x23, 0x35, 0x21, 0x11, 0x21, 0x35, 0x33, 0x15, 0x23, 0x15, 0x23, 0x15, 0x23, 0x35, 0x23,
  0x35, 0x23, 0x11, 0x33, 0x35, 0x21, 0x15, 0x33, 0x03, 0x6B, 0xFA, 0xFE, 0x89, 0x01, 0x77, 0xFA,
  0x7D, 0xFA, 0x7D, 0xFA, 0x7D, 0x7D, 0x02, 0x71, 0x7D, 0x01, 0xF4, 0x7D, 0xFE, 0x89, 0x7D, 0x7D,
  0x7D, 0x7D, 0x7D, 0x7D, 0x01, 0x77, 0x7D, 0x7D, 0x00, 0x01, 0x00, 0x7D, 0x00, 0x00, 0x03, 0x6B,
  0x02, 0xEE, 0x00, 0x0B, 0x00, 0x2D, 0x40, 0x2A, 0x04, 0x01, 0x00, 0x00, 0x05, 0x5D, 0x06, 0x01,
  0x05, 0x05, 0x1D, 0x4B, 0x00, 0x03, 0x03, 0x1C, 0x4B, 0x00, 0x01, 0x01, 0x02, 0x5D, 0x00, 0x02,
  0x02, 0x1F, 0x02, 0x4C, 0x00, 0x00, 0x00, 0x0B, 0x00, 0x0B, 0x11, 0x11, 0x11, 0x11, 0x11, 0x07,
  0x07, 0x19, 0x2B, 0x01, 0x15, 0x23, 0x11, 0x33, 0x15, 0x23, 0x35, 0x23, 0x11, 0x23, 0x35, 0x03,
  0x6B, 0xFA, 0x7D, 0xFA, 0x7D, 0xFA, 0x02, 0xEE, 0x7D, 0xFE, 0x89, 0xFA, 0x7D, 0x01, 0xF4, 0x7D,
  0x00, 0x01, 0x00, 0x7D, 0x00, 0x00, 0x03, 0x6B, 0x02, 0xEE, 0x00, 0x0F, 0x00, 0x5F, 0x4B, 0xB0,
  0x0A, 0x50, 0x58, 0x40, 0x20, 0x03, 0x01, 0x01, 0x06, 0x02, 0x00, 0x01, 0x70, 0x04, 0x01, 0x00,
  0x00, 0x05, 0x5D, 0x08, 0x07, 0x02, 0x05, 0x05, 0x1D, 0x4B, 0x00, 0x06, 0x06, 0x02, 0x5D, 0x00,
  0x02, 0x02, 0x1F, 0x02, 0x4C, 0x1B, 0x40, 0x21, 0x03, 0x01, 0x01, 0x06, 0x02, 0x06, 0x01, 0x02,
  0x7E, 0x04, 0x01, 0x00, 0x00, 0x05, 0x5D, 0x08, 0x07, 0x02, 0x05, 0x05, 0x1D, 0x4B, 0x00, 0x06,
  0x06, 0x02, 0x5D, 0x00, 0x02, 0x02, 0x1F, 0x02, 0x4C, 0x59, 0x40, 0x10, 0x00, 0x00, 0x00, 0x0F,
  0x00, 0x0F, 0x11, 0x11, 0x11, 0x11, 0x11, 0x11, 0x11, 0x09, 0x07, 0x1B, 0x2B, 0x01, 0x11, 0x23,
  0x15, 0x23, 0x15, 0x23, 0x35, 0x23, 0x35, 0x23, 0x11, 0x33, 0x11, 0x33, 0x11, 0x03, 0x6B, 0x7D,
  0x7D, 0xFA, 0x7D, 0x7D, 0xFA, 0xFA, 0x02, 0xEE, 0xFE, 0x89, 0x7D, 0xFA, 0xFA, 0x7D, 0x01, 0x77,
  0xFE, 0x89, 0x01, 0x77, 0x00, 0x01, 0x00, 0x7D, 0x00, 0x00, 0x03, 0x6B, 0x02, 0xEE, 0x00, 0x17,
  0x00, 0x7D, 0x4B, 0xB0, 0x0A, 0x50, 0x58, 0x40, 0x2C, 0x07, 0x01, 0x01, 0x0A, 0x02, 0x00, 0x01,
  0x70, 0x08, 0x01, 0x00, 0x00, 0x09, 0x5D, 0x0C, 0x0B, 0x02, 0x09, 0x09, 0x1D, 0x4B, 0x06, 0x01,
  0x02, 0x02, 0x03, 0x5D, 0x05, 0x01, 0x03, 0x03, 0x1C, 0x4B, 0x00, 0x0A, 0x0A, 0x04, 0x5D, 0x00,
  0x04, 0x04, 0x1F, 0x04, 0x4C, 0x1B, 0x40, 0x2D, 0x07, 0x01, 0x01, 0x0A, 0x02, 0x0A, 0x01, 0x02,
  0x7E, 0x08, 0x01, 0x00, 0x00, 0x09, 0x5D, 0x0C, 0x0B, 0x02, 0x09, 0x09, 0x1D, 0x4B, 0x06, 0x01,
  0x02, 0x02, 0x03, 0x5D, 0x05, 0x01, 0x03, 0x03, 0x1C, 0x4B, 0x00, 0x0A, 0x0A, 0x04, 0x5D, 0x00,
  0x04, 0x04, 0x1F, 0x04, 0x4C, 0x59, 0x40, 0x16, 0x00, 0x00, 0x00, 0x17, 0x00, 0x17, 0x16, 0x15,
  0x14, 0x13, 0x11, 0x11, 0x11, 0x11, 0x11, 0x11, 0x11, 0x11, 0x11, 0x0D, 0x07, 0x1D, 0x2B, 0x01,
  0x15, 0x23, 0x15, 0x23, 0x15, 0x33, 0x15, 0x23, 0x15, 0x23, 0x35, 0x23, 0x35, 0x33, 0x35, 0x23,
  0x35, 0x23, 0x35, 0x33, 0x15, 0x33, 0x35, 0x03, 0x6B, 0x7D, 0x7D, 0x7D, 0x7D, 0xFA, 0x7D, 0x7D,
  0x7D, 0x7D, 0xFA, 0xFA, 0x02, 0xEE, 0xFA, 0x7D, 0x7D, 0x7D, 0x7D, 0x7D, 0x7D, 0x7D, 0x7D, 0xFA,
  0xFA, 0xFA, 0x00, 0x00, 0x00, 0x01, 0x00, 0x00, 0x00, 0x00, 0x03, 0xE8, 0x02, 0xEE, 0x00, 0x0F,
  0x00, 0x31, 0x40, 0x2E, 0x00, 0x06, 0x00, 0x03, 0x00, 0x06, 0x03, 0x65, 0x00, 0x04, 0x04, 0x05,
  0x5D, 0x07, 0x01, 0x05, 0x05, 0x1D, 0x4B, 0x00, 0x02, 0x02, 0x1C, 0x4B, 0x00, 0x00, 0x00, 0x01,
  0x5D, 0x00, 0x01, 0x01, 0x1F, 0x01, 0x4C, 0x11, 0x11, 0x11, 0x11, 0x11, 0x11, 0x11, 0x10, 0x08,
  0x07, 0x1C, 0x2B, 0x25, 0x33, 0x15, 0x23, 0x35, 0x23, 0x35, 0x21, 0x35, 0x23, 0x35, 0x33, 0x15,
  0x21, 0x35, 0x33, 0x03, 0x6B, 0x7D, 0xFA, 0x7D, 0xFE, 0x0C, 0x7D, 0xFA, 0x01, 0x77, 0xFA, 0xFA,
  0xFA, 0x7D, 0xFA, 0x7D, 0xFA, 0xFA, 0xFA, 0x00, 0x00, 0x01, 0x00, 0x00, 0x00, 0x7D, 0x03, 0x6B,
  0x02, 0xEE, 0x00, 0x13, 0x00, 0x39, 0x40, 0x36, 0x08, 0x01, 0x06, 0x03, 0x01, 0x01, 0x02, 0x06,
  0x01, 0x65, 0x00, 0x07, 0x00, 0x02, 0x00, 0x07, 0x02, 0x65, 0x00, 0x04, 0x04, 0x05, 0x5D, 0x0A,
  0x09, 0x02, 0x05, 0x05, 0x1D, 0x4B, 0x00, 0x00, 0x00, 0x1C, 0x00, 0x4C, 0x00, 0x00, 0x00, 0x13,
  0x00, 0x13, 0x11, 0x11, 0x11, 0x11, 0x11, 0x11, 0x11, 0x11, 0x11, 0x0B, 0x07, 0x1D, 0x2B, 0x01,
  0x11, 0x23, 0x35, 0x23, 0x15, 0x23, 0x35, 0x23, 0x35, 0x23, 0x35, 0x33, 0x15, 0x33, 0x35, 0x33,
  0x15, 0x33, 0x35, 0x03, 0x6B, 0xFA, 0x7D, 0x7D, 0xFA, 0x7D, 0xFA, 0x7D, 0x7D, 0x7D, 0x02, 0xEE,
  0xFD, 0x8F, 0xFA, 0x7D, 0x7D, 0x7D, 0xFA, 0xFA, 0x7D, 0x7D, 0xFA, 0x00, 0x00, 0x02, 0x00, 0x00,
  0x00, 0x7D, 0x03, 0x6B, 0x03, 0xE8, 0x00, 0x07, 0x00, 0x0F, 0x00, 0x36, 0x40, 0x33, 0x00, 0x01,
  0x02, 0x00, 0x01, 0x55, 0x00, 0x03, 0x03, 0x1B, 0x4B, 0x00, 0x05, 0x05, 0x06, 0x5D, 0x00, 0x06,
  0x06, 0x1D, 0x4B, 0x08, 0x07, 0x02, 0x00, 0x00, 0x02, 0x5D, 0x04, 0x01, 0x02, 0x02, 0x1C, 0x02,
  0x4C, 0x08, 0x08, 0x08, 0x0F, 0x08, 0x0F, 0x11, 0x11, 0x12, 0x11, 0x11, 0x11, 0x10, 0x09, 0x07,
  0x1B, 0x2B, 0x13, 0x33, 0x15, 0x23, 0x11, 0x23, 0x11, 0x33, 0x01, 0x11, 0x23, 0x11, 0x23, 0x35,
  0x21, 0x15, 0xFA, 0x7D, 0x7D, 0xFA, 0xFA, 0x02, 0x71, 0xFA, 0xFA, 0x01, 0x77, 0x02, 0x71, 0x7D,
  0xFE, 0x89, 0x03, 0x6B, 0xFE, 0x89, 0xFE, 0x0C, 0x01, 0xF4, 0x7D, 0x7D, 0x00, 0x01, 0x00, 0x7D,
  0x00, 0x7D, 0x03, 0x6B, 0x03, 0xE8, 0x00, 0x09, 0x00, 0x27, 0x40, 0x24, 0x00, 0x01, 0x01, 0x02,
  0x5D, 0x00, 0x02, 0x02, 0x1B, 0x4B, 0x03, 0x01, 0x00, 0x00, 0x04, 0x5D, 0x05, 0x01, 0x04, 0x04,
  0x1C, 0x04, 0x4C, 0x00, 0x00, 0x00, 0x09, 0x00, 0x09, 0x11, 0x11, 0x11, 0x11, 0x06, 0x07, 0x18,
  0x2B, 0x37, 0x35, 0x33, 0x11, 0x23, 0x35, 0x21, 0x11, 0x33, 0x15, 0x7D, 0xFA, 0x7D, 0x01, 0x77,
  0xFA, 0x7D, 0x7D, 0x02, 0x71, 0x7D, 0xFD, 0x12, 0x7D, 0x00, 0x00, 0x00, 0x00, 0x02, 0x00, 0x00,
  0x00, 0x7D, 0x03, 0x6B, 0x03, 0xE8, 0x00, 0x03, 0x00, 0x1F, 0x00, 0x5E, 0x40, 0x5B, 0x07, 0x01,
  0x05, 0x0E, 0x01, 0x0C, 0x02, 0x05, 0x0C, 0x65, 0x10, 0x01, 0x01, 0x01, 0x00, 0x5D, 0x00, 0x00,
  0x00, 0x1B, 0x4B, 0x09, 0x01, 0x03, 0x03, 0x04, 0x5D, 0x08, 0x06, 0x02, 0x04, 0x04, 0x1D, 0x4B,
  0x0A, 0x01, 0x02, 0x02, 0x0B, 0x5D, 0x11, 0x0F, 0x0D, 0x03, 0x0B, 0x0B, 0x1C, 0x0B, 0x4C, 0x04,
  0x04, 0x00, 0x00, 0x04, 0x1F, 0x04, 0x1F, 0x1E, 0x1D, 0x1C, 0x1B, 0x1A, 0x19, 0x18, 0x17, 0x16,
  0x15, 0x14, 0x13, 0x12, 0x11, 0x10, 0x0F, 0x0E, 0x0D, 0x0C, 0x0B, 0x0A, 0x09, 0x08, 0x07, 0x06,
  0x05, 0x00, 0x03, 0x00, 0x03, 0x11, 0x12, 0x07, 0x15, 0x2B, 0x13, 0x35, 0x21, 0x15, 0x01, 0x35,
  0x33, 0x35, 0x23, 0x35, 0x33, 0x15, 0x33, 0x35, 0x33, 0x15, 0x33, 0x35, 0x33, 0x15, 0x23, 0x15,
  0x33, 0x15, 0x23, 0x35, 0x23, 0x15, 0x23, 0x35, 0x23, 0x15, 0x7D, 0x02, 0x71, 0xFD, 0x12, 0x7D,
  0x7D, 0xFA, 0x7D, 0x7D, 0x7D, 0xFA, 0x7D, 0x7D, 0xFA, 0x7D, 0x7D, 0x7D, 0x03, 0x6B, 0x7D, 0x7D,
  0xFD, 0x12, 0xFA, 0x7D, 0xFA, 0xFA, 0xFA, 0xFA, 0xFA, 0xFA, 0x7D, 0xFA, 0xFA, 0xFA, 0xFA, 0xFA,
  0x00, 0x01, 0x00, 0x00, 0x00, 0x00, 0x03, 0xE8, 0x02, 0xEE, 0x00, 0x0F, 0x00, 0x31, 0x40, 0x2E,
  0x00, 0x06, 0x00, 0x03, 0x00, 0x06, 0x03, 0x65, 0x00, 0x04, 0x04, 0x05, 0x5D, 0x07, 0x01, 0x05,
  0x05, 0x1D, 0x4B, 0x00, 0x02, 0x02, 0x1C, 0x4B, 0x00, 0x00, 0x00, 0x01, 0x5D, 0x00, 0x01, 0x01,
  0x1F, 0x01, 0x4C, 0x11, 0x11, 0x11, 0x11, 0x11, 0x11, 0x11, 0x10, 0x08, 0x07, 0x1C, 0x2B, 0x25,
  0x33, 0x15, 0x23, 0x35, 0x23, 0x35, 0x21, 0x35, 0x23, 0x35, 0x33, 0x15, 0x21, 0x35, 0x33, 0x03,
  0x6B, 0x7D, 0xFA, 0x7D, 0xFE, 0x0C, 0x7D, 0xFA, 0x01, 0x77, 0xFA, 0xFA, 0xFA, 0x7D, 0xFA, 0x7D,
  0xFA, 0xFA, 0xFA, 0x00, 0x00, 0x03, 0x00, 0x00, 0x00, 0x7D, 0x03, 0x6B, 0x03, 0xE8, 0x00, 0x03,
  0x00, 0x11, 0x00, 0x15, 0x00, 0x5C, 0x40, 0x59, 0x00, 0x07, 0x05, 0x04, 0x05, 0x07, 0x04, 0x7E,
  0x00, 0x04, 0x00, 0x0A, 0x03, 0x04, 0x0A, 0x65, 0x00, 0x03, 0x00, 0x02, 0x09, 0x03, 0x02, 0x65,
  0x0B, 0x01, 0x01, 0x01, 0x00, 0x5D, 0x00, 0x00, 0x00, 0x1B, 0x4B, 0x00, 0x05, 0x05, 0x06, 0x5D,
  0x00, 0x06, 0x06, 0x1D, 0x4B, 0x00, 0x09, 0x09, 0x08, 0x5E, 0x0C, 0x01, 0x08, 0x08, 0x1C, 0x08,
  0x4C, 0x04, 0x04, 0x00, 0x00, 0x15, 0x14, 0x13, 0x12, 0x04, 0x11, 0x04, 0x11, 0x10, 0x0F, 0x0E,
  0x0D, 0x0C, 0x0B, 0x0A, 0x09, 0x08, 0x07, 0x06, 0x05, 0x00, 0x03, 0x00, 0x03, 0x11, 0x0D, 0x07,
  0x15, 0x2B, 0x13, 0x35, 0x21, 0x15, 0x01, 0x35, 0x23, 0x35, 0x33, 0x35, 0x21, 0x35, 0x21, 0x35,
  0x21, 0x15, 0x33, 0x11, 0x25, 0x21, 0x35, 0x21, 0x7D, 0x02, 0x71, 0xFD, 0x8F, 0x7D, 0x7D, 0x01,
  0xF4, 0xFE, 0x0C, 0x02, 0x71, 0x7D, 0xFD, 0x8F, 0x01, 0x77, 0xFE, 0x89, 0x03, 0x6B, 0x7D, 0x7D,
  0xFD, 0x12, 0x7D, 0x7D, 0x7D, 0x7D, 0x7D, 0x7D, 0xFE, 0x0C, 0x7D, 0x7D, 0x00, 0x04, 0x00, 0x00,
  0x00, 0x7D, 0x03, 0x6B, 0x03, 0xE8, 0x00, 0x03, 0x00, 0x07, 0x00, 0x15, 0x00, 0x19, 0x00, 0x67,
  0x40, 0x64, 0x00, 0x09, 0x07, 0x06, 0x07, 0x09, 0x06, 0x7E, 0x00, 0x06, 0x00, 0x0C, 0x05, 0x06,
  0x0C, 0x65, 0x00, 0x05, 0x00, 0x04, 0x0B, 0x05, 0x04, 0x65, 0x0E, 0x03, 0x0D, 0x03, 0x01, 0x01,
  0x00, 0x5D, 0x02, 0x01, 0x00, 0x00, 0x1B, 0x4B, 0x00, 0x07, 0x07, 0x08, 0x5D, 0x00, 0x08, 0x08,
  0x1D, 0x4B, 0x00, 0x0B, 0x0B, 0x0A, 0x5E, 0x0F, 0x01, 0x0A, 0x0A, 0x1C, 0x0A, 0x4C, 0x08, 0x08,
  0x04, 0x04, 0x00, 0x00, 0x19, 0x18, 0x17, 0x16, 0x08, 0x15, 0x08, 0x15, 0x14, 0x13, 0x12, 0x11,
  0x10, 0x0F, 0x0E, 0x0D, 0x0C, 0x0B, 0x0A, 0x09, 0x04, 0x07, 0x04, 0x07, 0x06, 0x05, 0x00, 0x03,
  0x00, 0x03, 0x11, 0x10, 0x07, 0x15, 0x2B, 0x13, 0x35, 0x33, 0x15, 0x33, 0x35, 0x33, 0x15, 0x01,
  0x35, 0x23, 0x35, 0x33, 0x35, 0x21, 0x35, 0x21, 0x35, 0x21, 0x15, 0x33, 0x11, 0x25, 0x21, 0x35,
  0x21, 0x7D, 0xFA, 0x7D, 0xFA, 0xFD, 0x8F, 0x7D, 0x7D, 0x01, 0xF4, 0xFE, 0x0C, 0x02, 0x71, 0x7D,
  0xFD, 0x8F, 0x01, 0x77, 0xFE, 0x89, 0x03, 0x6B, 0x7D, 0x7D, 0x7D, 0x7D, 0xFD, 0x12, 0x7D, 0x7D,
  0x7D, 0x7D, 0x7D, 0x7D, 0xFE, 0x0C, 0x7D, 0x7D, 0x00, 0x03, 0x00, 0x00, 0x00, 0x7D, 0x03, 0x6B,
  0x03, 0xE8, 0x00, 0x03, 0x00, 0x11, 0x00, 0x15, 0x00, 0x55, 0x40, 0x52, 0x00, 0x09, 0x00, 0x06,
  0x02, 0x09, 0x06, 0x66, 0x05, 0x01, 0x03, 0x00, 0x02, 0x07, 0x03, 0x02, 0x65, 0x0B, 0x01, 0x01,
  0x01, 0x00, 0x5D, 0x00, 0x00, 0x00, 0x1B, 0x4B, 0x00, 0x0A, 0x0A, 0x04, 0x5D, 0x00, 0x04, 0x04,
  0x1D, 0x4B, 0x00, 0x07, 0x07, 0x08, 0x5D, 0x0C, 0x01, 0x08, 0x08, 0x1C, 0x08, 0x4C, 0x04, 0x04,
  0x00, 0x00, 0x15, 0x14, 0x13, 0x12, 0x04, 0x11, 0x04, 0x11, 0x10, 0x0F, 0x0E, 0x0D, 0x0C, 0x0B,
  0x0A, 0x09, 0x08, 0x07, 0x06, 0x05, 0x00, 0x03, 0x00, 0x03, 0x11, 0x0D, 0x07, 0x15, 0x2B, 0x13,
  0x35, 0x21, 0x15, 0x01, 0x35, 0x23, 0x11, 0x33, 0x35, 0x21, 0x15, 0x33, 0x15, 0x21, 0x15, 0x21,
  0x15, 0x01, 0x21, 0x35, 0x21, 0x7D, 0x02, 0x71, 0xFD, 0x8F, 0x7D, 0x7D, 0x02, 0x71, 0x7D, 0xFD,
  0x8F, 0x01, 0xF4, 0xFE, 0x0C, 0x01, 0x77, 0xFE, 0x89, 0x03, 0x6B, 0x7D, 0x7D, 0xFD, 0x12, 0x7D,
  0x01, 0x77, 0x7D, 0x7D, 0xFA, 0x7D, 0x7D, 0x01, 0x77, 0x7D, 0x00, 0x00, 0x00, 0x02, 0x00, 0x00,
  0x00, 0x7D, 0x03, 0x6B, 0x02, 0xEE, 0x00, 0x0D, 0x00, 0x11, 0x00, 0x3D, 0x40, 0x3A, 0x00, 0x01,
  0x00, 0x08, 0x00, 0x01, 0x08, 0x65, 0x00, 0x04, 0x05, 0x01, 0x00, 0x07, 0x04, 0x00, 0x65, 0x00,
  0x02, 0x02, 0x03, 0x5D, 0x00, 0x03, 0x03, 0x1D, 0x4B, 0x00, 0x07, 0x07, 0x06, 0x5D, 0x09, 0x01,
  0x06, 0x06, 0x1C, 0x06, 0x4C, 0x00, 0x00, 0x11, 0x10, 0x0F, 0x0E, 0x00, 0x0D, 0x00, 0x0D, 0x11,
  0x11, 0x11, 0x11, 0x11, 0x11, 0x0A, 0x07, 0x1A, 0x2B, 0x37, 0x35, 0x23, 0x35, 0x21, 0x35, 0x21,
  0x35, 0x21, 0x15, 0x33, 0x11, 0x23, 0x15, 0x25, 0x21, 0x35, 0x21, 0x7D, 0x7D, 0x02, 0x71, 0xFE,
  0x0C, 0x02, 0x71, 0x7D, 0x7D, 0xFE, 0x0C, 0x01, 0x77, 0xFE, 0x89, 0x7D, 0x7D, 0xFA, 0x7D, 0x7D,
  0x7D, 0xFE, 0x89, 0x7D, 0x7D, 0x7D, 0x00, 0x00, 0x00, 0x03, 0x00, 0x00, 0x00, 0x7D, 0x03, 0x6B,
  0x03, 0xE8, 0x00, 0x03, 0x00, 0x07, 0x00, 0x23, 0x00, 0x69, 0x40, 0x66, 0x09, 0x01, 0x07, 0x10,
  0x01, 0x0E, 0x04, 0x07, 0x0E, 0x65, 0x13, 0x03, 0x12, 0x03, 0x01, 0x01, 0x00, 0x5D, 0x02, 0x01,
  0x00, 0x00, 0x1B, 0x4B, 0x0B, 0x01, 0x05, 0x05, 0x06, 0x5D, 0x0A, 0x08, 0x02, 0x06, 0x06, 0x1D,
  0x4B, 0x0C, 0x01, 0x04, 0x04, 0x0D, 0x5D, 0x14, 0x11, 0x0F, 0x03, 0x0D, 0x0D, 0x1C, 0x0D, 0x4C,
  0x08, 0x08, 0x04, 0x04, 0x00, 0x00, 0x08, 0x23, 0x08, 0x23, 0x22, 0x21, 0x20, 0x1F, 0x1E, 0x1D,
  0x1C, 0x1B, 0x1A, 0x19, 0x18, 0x17, 0x16, 0x15, 0x14, 0x13, 0x12, 0x11, 0x10, 0x0F, 0x0E, 0x0D,
  0x0C, 0x0B, 0x0A, 0x09, 0x04, 0x07, 0x04, 0x07, 0x06, 0x05, 0x00, 0x03, 0x00, 0x03, 0x11, 0x15,
  0x07, 0x15, 0x2B, 0x13, 0x35, 0x33, 0x15, 0x33, 0x35, 0x33, 0x15, 0x01, 0x35, 0x33, 0x35, 0x23,
  0x35, 0x33, 0x15, 0x33, 0x35, 0x33, 0x15, 0x33, 0x35, 0x33, 0x15, 0x23, 0x15, 0x33, 0x15, 0x23,
  0x35, 0x23, 0x15, 0x23, 0x35, 0x23, 0x15, 0x7D, 0xFA, 0x7D, 0xFA, 0xFD, 0x12, 0x7D, 0x7D, 0xFA,
  0x7D, 0x7D, 0x7D, 0xFA, 0x7D, 0x7D, 0xFA, 0x7D, 0x7D, 0x7D, 0x03, 0x6B, 0x7D, 0x7D, 0x7D, 0x7D,
  0xFD, 0x12, 0xFA, 0x7D, 0xFA, 0xFA, 0xFA, 0xFA, 0xFA, 0xFA, 0x7D, 0xFA, 0xFA, 0xFA, 0xFA, 0xFA,
  0x00, 0x03, 0x00, 0x00, 0x00, 0x7D, 0x03, 0x6B, 0x03, 0xE8, 0x00, 0x03, 0x00, 0x07, 0x00, 0x23,
  0x00, 0x75, 0x40, 0x72, 0x0D, 0x01, 0x0B, 0x0E, 0x01, 0x0A, 0x08, 0x0B, 0x0A, 0x65, 0x00, 0x08,
  0x00, 0x07, 0x05, 0x08, 0x07, 0x65, 0x0F, 0x01, 0x05, 0x10, 0x01, 0x04, 0x06, 0x05, 0x04, 0x65,
  0x13, 0x03, 0x12, 0x03, 0x01, 0x01, 0x00, 0x5D, 0x02, 0x01, 0x00, 0x00, 0x1B, 0x4B, 0x00, 0x09,
  0x09, 0x0C, 0x5D, 0x00, 0x0C, 0x0C, 0x1D, 0x4B, 0x00, 0x06, 0x06, 0x11, 0x5D, 0x14, 0x01, 0x11,
  0x11, 0x1C, 0x11, 0x4C, 0x08, 0x08, 0x04, 0x04, 0x00, 0x00, 0x08, 0x23, 0x08, 0x23, 0x22, 0x21,
  0x20, 0x1F, 0x1E, 0x1D, 0x1C, 0x1B, 0x1A, 0x19, 0x18, 0x17, 0x16, 0x15, 0x14, 0x13, 0x12, 0x11,
  0x10, 0x0F, 0x0E, 0x0D, 0x0C, 0x0B, 0x0A, 0x09, 0x04, 0x07, 0x04, 0x07, 0x06, 0x05, 0x00, 0x03,
  0x00, 0x03, 0x11, 0x15, 0x07, 0x15, 0x2B, 0x13, 0x35, 0x33, 0x15, 0x33, 0x35, 0x33, 0x15, 0x01,
  0x35, 0x23, 0x35, 0x33, 0x15, 0x21, 0x35, 0x23, 0x35, 0x33, 0x35, 0x21, 0x15, 0x23, 0x35, 0x33,
  0x35, 0x21, 0x15, 0x33, 0x15, 0x23, 0x15, 0x33, 0x15, 0x23, 0x15, 0x7D, 0xFA, 0x7D, 0xFA, 0xFD,
  0x8F, 0x7D, 0xFA, 0x01, 0x77, 0xFA, 0xFA, 0xFE, 0x89, 0xFA, 0x7D, 0x02, 0x71, 0x7D, 0x7D, 0x7D,
  0x7D, 0x03, 0x6B, 0x7D, 0x7D, 0x7D, 0x7D, 0xFD, 0x12, 0x7D, 0x7D, 0x7D, 0x7D, 0x7D, 0x7D, 0x7D,
  0x7D, 0x7D, 0x7D, 0x7D, 0x7D, 0x7D, 0x7D, 0x00, 0x00, 0x04, 0x00, 0x00, 0x00, 0x7D, 0x03, 0x6B,
  0x03, 0xE8, 0x00, 0x03, 0x00, 0x0B, 0x00, 0x13, 0x00, 0x17, 0x00, 0x49, 0x40, 0x46, 0x00, 0x08,
  0x00, 0x07, 0x0A, 0x08, 0x07, 0x65, 0x00, 0x0A, 0x00, 0x0B, 0x02, 0x0A, 0x0B, 0x65, 0x00, 0x02,
  0x00, 0x03, 0x04, 0x02, 0x03, 0x65, 0x00, 0x00, 0x00, 0x01, 0x5D, 0x00, 0x01, 0x01, 0x1B, 0x4B,
  0x0C, 0x09, 0x02, 0x05, 0x05, 0x1D, 0x4B, 0x06, 0x01, 0x04, 0x04, 0x1C, 0x04, 0x4C, 0x0C, 0x0C,
  0x17, 0x16, 0x15, 0x14, 0x0C, 0x13, 0x0C, 0x13, 0x11, 0x11, 0x12, 0x11, 0x11, 0x11, 0x11, 0x11,
  0x10, 0x0D, 0x07, 0x1D, 0x2B, 0x01, 0x21, 0x35, 0x21, 0x01, 0x33, 0x15, 0x23, 0x15, 0x23, 0x11,
  0x33, 0x21, 0x11, 0x23, 0x11, 0x23, 0x35, 0x33, 0x35, 0x07, 0x33, 0x15, 0x23, 0x02, 0xEE, 0xFD,
  0x8F, 0x02, 0x71, 0xFE, 0x0C, 0x7D, 0x7D, 0xFA, 0xFA, 0x02, 0x71, 0xFA, 0x7D, 0x7D, 0xFA, 0x7D,
  0x7D, 0x03, 0x6B, 0x7D, 0xFD, 0x8F, 0x7D, 0x7D, 0x02, 0x71, 0xFD, 0x8F, 0x01, 0x77, 0x7D, 0x7D,
  0xFA, 0x7D, 0x00, 0x00, 0x00, 0x05, 0x00, 0x00, 0x00, 0x7D, 0x03, 0x6B, 0x03, 0xE8, 0x00, 0x03,
  0x00, 0x07, 0x00, 0x0F, 0x00, 0x17, 0x00, 0x1B, 0x00, 0x4F, 0x40, 0x4C, 0x00, 0x0A, 0x00, 0x09,
  0x0C, 0x0A, 0x09, 0x65, 0x00, 0x0C, 0x00, 0x0D, 0x04, 0x0C, 0x0D, 0x65, 0x00, 0x04, 0x00, 0x05,
  0x06, 0x04, 0x05, 0x65, 0x02, 0x01, 0x00, 0x00, 0x01, 0x5D, 0x03, 0x01, 0x01, 0x01, 0x1B, 0x4B,
  0x0E, 0x0B, 0x02, 0x07, 0x07, 0x1D, 0x4B, 0x08, 0x01, 0x06, 0x06, 0x1C, 0x06, 0x4C, 0x10, 0x10,
  0x1B, 0x1A, 0x19, 0x18, 0x10, 0x17, 0x10, 0x17, 0x16, 0x15, 0x14, 0x13, 0x12, 0x11, 0x11, 0x11,
  0x11, 0x11, 0x11, 0x11, 0x10, 0x0F, 0x07, 0x1D, 0x2B, 0x01, 0x23, 0x35, 0x33, 0x05, 0x23, 0x35,
  0x33, 0x01, 0x33, 0x15, 0x23, 0x15, 0x23, 0x11, 0x33, 0x21, 0x11, 0x23, 0x11, 0x23, 0x35, 0x33,
  0x35, 0x07, 0x33, 0x15, 0x23, 0x01, 0x77, 0xFA, 0xFA, 0x01, 0x77, 0xFA, 0xFA, 0xFE, 0x0C, 0x7D,
  0x7D, 0xFA, 0xFA, 0x02, 0x71, 0xFA, 0x7D, 0x7D, 0xFA, 0x7D, 0x7D, 0x03, 0x6B, 0x7D, 0x7D, 0x7D,
  0xFD, 0x8F, 0x7D, 0x7D, 0x02, 0x71, 0xFD, 0x8F, 0x01, 0x77, 0x7D, 0x7D, 0xFA, 0x7D, 0x00, 0x00,
  0x00, 0x04, 0x00, 0x00, 0x00, 0x7D, 0x03, 0x6B, 0x03, 0xE8, 0x00, 0x03, 0x00, 0x07, 0x00, 0x13,
  0x00, 0x17, 0x00, 0x57, 0x40, 0x54, 0x07, 0x01, 0x05, 0x08, 0x01, 0x04, 0x0A, 0x05, 0x04, 0x65,
  0x0D, 0x03, 0x0C, 0x03, 0x01, 0x01, 0x00, 0x5D, 0x02, 0x01, 0x00, 0x00, 0x1B, 0x4B, 0x00, 0x0B,
  0x0B, 0x06, 0x5D, 0x00, 0x06, 0x06, 0x1D, 0x4B, 0x00, 0x0A, 0x0A, 0x09, 0x5D, 0x0E, 0x01, 0x09,
  0x09, 0x1C, 0x09, 0x4C, 0x08, 0x08, 0x04, 0x04, 0x00, 0x00, 0x17, 0x16, 0x15, 0x14, 0x08, 0x13,
  0x08, 0x13, 0x12, 0x11, 0x10, 0x0F, 0x0E, 0x0D, 0x0C, 0x0B, 0x0A, 0x09, 0x04, 0x07, 0x04, 0x07,
  0x06, 0x05, 0x00, 0x03, 0x00, 0x03, 0x11, 0x0F, 0x07, 0x15, 0x2B, 0x13, 0x35, 0x33, 0x15, 0x33,
  0x35, 0x33, 0x15, 0x01, 0x35, 0x23, 0x11, 0x33, 0x35, 0x21, 0x15, 0x33, 0x11, 0x23, 0x15, 0x25,
  0x21, 0x11, 0x21, 0x7D, 0xFA, 0x7D, 0xFA, 0xFD, 0x8F, 0x7D, 0x7D, 0x02, 0x71, 0x7D, 0x7D, 0xFE,
  0x0C, 0x01, 0x77, 0xFE, 0x89, 0x03, 0x6B, 0x7D, 0x7D, 0x7D, 0x7D, 0xFD, 0x12, 0x7D, 0x01, 0x77,
  0x7D, 0x7D, 0xFE, 0x89, 0x7D, 0x7D, 0x01, 0x77, 0x00, 0x03, 0x00, 0x00, 0x00, 0x7D, 0x03, 0x6B,
  0x02, 0xEE, 0x00, 0x0B, 0x00, 0x0F, 0x00, 0x13, 0x00, 0x80, 0x4B, 0xB0, 0x0A, 0x50, 0x58, 0x40,
  0x2D, 0x00, 0x09, 0x01, 0x08, 0x07, 0x09, 0x70, 0x00, 0x08, 0x00, 0x06, 0x08, 0x6E, 0x03, 0x01,
  0x01, 0x04, 0x01, 0x00, 0x06, 0x01, 0x00, 0x65, 0x00, 0x07, 0x07, 0x02, 0x5D, 0x00, 0x02, 0x02,
  0x1D, 0x4B, 0x00, 0x06, 0x06, 0x05, 0x5E, 0x0A, 0x01, 0x05, 0x05, 0x1C, 0x05, 0x4C, 0x1B, 0x40,
  0x2F, 0x00, 0x09, 0x01, 0x08, 0x01, 0x09, 0x08, 0x7E, 0x00, 0x08, 0x00, 0x01, 0x08, 0x00, 0x7C,
  0x03, 0x01, 0x01, 0x04, 0x01, 0x00, 0x06, 0x01, 0x00, 0x65, 0x00, 0x07, 0x07, 0x02, 0x5D, 0x00,
  0x02, 0x02, 0x1D, 0x4B, 0x00, 0x06, 0x06, 0x05, 0x5E, 0x0A, 0x01, 0x05, 0x05, 0x1C, 0x05, 0x4C,
  0x59, 0x40, 0x16, 0x00, 0x00, 0x13, 0x12, 0x11, 0x10, 0x0F, 0x0E, 0x0D, 0x0C, 0x00, 0x0B, 0x00,
  0x0B, 0x11, 0x11, 0x11, 0x11, 0x11, 0x0B, 0x07, 0x19, 0x2B, 0x37, 0x35, 0x23, 0x11, 0x33, 0x35,
  0x21, 0x15, 0x33, 0x11, 0x23, 0x15, 0x25, 0x21, 0x11, 0x21, 0x07, 0x21, 0x35, 0x21, 0x7D, 0x7D,
  0x7D, 0x02, 0x71, 0x7D, 0x7D, 0xFE, 0x0C, 0x01, 0x77, 0xFE, 0x89, 0x7D, 0x02, 0x71, 0xFD, 0x8F,
  0x7D, 0x7D, 0x01, 0x77, 0x7D, 0x7D, 0xFE, 0x89, 0x7D, 0x7D, 0x01, 0x77, 0xFA, 0x7D, 0x00, 0x00,
  0x00, 0x02, 0x00, 0x00, 0x00, 0x00, 0x03, 0x6B, 0x03, 0xE8, 0x00, 0x03, 0x00, 0x13, 0x00, 0x50,
  0x40, 0x4D, 0x00, 0x06, 0x00, 0x03, 0x08, 0x06, 0x03, 0x65, 0x0A, 0x01, 0x01, 0x01, 0x00, 0x5D,
  0x00, 0x00, 0x00, 0x1B, 0x4B, 0x00, 0x04, 0x04, 0x05, 0x5D, 0x07, 0x01, 0x05, 0x05, 0x1D, 0x4B,
  0x00, 0x08, 0x08, 0x1C, 0x4B, 0x00, 0x02, 0x02, 0x09, 0x5D, 0x0B, 0x01, 0x09, 0x09, 0x1F, 0x09,
  0x4C, 0x04, 0x04, 0x00, 0x00, 0x04, 0x13, 0x04, 0x13, 0x12, 0x11, 0x10, 0x0F, 0x0E, 0x0D, 0x0C,
  0x0B, 0x0A, 0x09, 0x08, 0x07, 0x06, 0x05, 0x00, 0x03, 0x00, 0x03, 0x11, 0x0C, 0x07, 0x15, 0x2B,
  0x13, 0x35, 0x21, 0x15, 0x01, 0x35, 0x21, 0x35, 0x21, 0x35, 0x23, 0x11, 0x33, 0x11, 0x21, 0x11,
  0x33, 0x11, 0x23, 0x15, 0x7D, 0x02, 0x71, 0xFD, 0x8F, 0x01, 0xF4, 0xFE, 0x0C, 0x7D, 0xFA, 0x01,
  0x77, 0xFA, 0x7D, 0x03, 0x6B, 0x7D, 0x7D, 0xFC, 0x95, 0x7D, 0x7D, 0x7D, 0x01, 0x77, 0xFE, 0x89,
  0x01, 0x77, 0xFD, 0x8F, 0x7D, 0x00, 0x00, 0x00, 0x00, 0x03, 0x00, 0x00, 0x00, 0x00, 0x03, 0x6B,
  0x03, 0xE8, 0x00, 0x03, 0x00, 0x07, 0x00, 0x17, 0x00, 0x5B, 0x40, 0x58, 0x00, 0x08, 0x00, 0x05,
  0x0A, 0x08, 0x05, 0x65, 0x0D, 0x03, 0x0C, 0x03, 0x01, 0x01, 0x00, 0x5D, 0x02, 0x01, 0x00, 0x00,
  0x1B, 0x4B, 0x00, 0x06, 0x06, 0x07, 0x5D, 0x09, 0x01, 0x07, 0x07, 0x1D, 0x4B, 0x00, 0x0A, 0x0A,
  0x1C, 0x4B, 0x00, 0x04, 0x04, 0x0B, 0x5D, 0x0E, 0x01, 0x0B, 0x0B, 0x1F, 0x0B, 0x4C, 0x08, 0x08,
  0x04, 0x04, 0x00, 0x00, 0x08, 0x17, 0x08, 0x17, 0x16, 0x15, 0x14, 0x13, 0x12, 0x11, 0x10, 0x0F,
  0x0E, 0x0D, 0x0C, 0x0B, 0x0A, 0x09, 0x04, 0x07, 0x04, 0x07, 0x06, 0x05, 0x00, 0x03, 0x00, 0x03,
  0x11, 0x0F, 0x07, 0x15, 0x2B, 0x13, 0x35, 0x33, 0x15, 0x33, 0x35, 0x33, 0x15, 0x01, 0x35, 0x21,
  0x35, 0x21, 0x35, 0x23, 0x11, 0x33, 0x11, 0x21, 0x11, 0x33, 0x11, 0x23, 0x15, 0x7D, 0xFA, 0x7D,
  0xFA, 0xFD, 0x8F, 0x01, 0xF4, 0xFE, 0x0C, 0x7D, 0xFA, 0x01, 0x77, 0xFA, 0x7D, 0x03, 0x6B, 0x7D,
  0x7D, 0x7D, 0x7D, 0xFC, 0x95, 0x7D, 0x7D, 0x7D, 0x01, 0x77, 0xFE, 0x89, 0x01, 0x77, 0xFD, 0x8F,
  0x7D, 0x00, 0x00, 0x00, 0x00, 0x04, 0x00, 0x00, 0x00, 0x00, 0x03, 0x6B, 0x03, 0xE8, 0x00, 0x03,
  0x00, 0x07, 0x00, 0x19, 0x00, 0x1D, 0x00, 0x5D, 0x40, 0x5A, 0x10, 0x0E, 0x02, 0x0A, 0x00, 0x0D,
  0x09, 0x0A, 0x0D, 0x65, 0x00, 0x0B, 0x00, 0x07, 0x04, 0x0B, 0x07, 0x66, 0x02, 0x01, 0x00, 0x00,
  0x01, 0x5D, 0x03, 0x01, 0x01, 0x01, 0x1B, 0x4B, 0x00, 0x08, 0x08, 0x09, 0x5D, 0x0F, 0x0C, 0x02,
  0x09, 0x09, 0x1D, 0x4B, 0x00, 0x04, 0x04, 0x1C, 0x4B, 0x00, 0x06, 0x06, 0x05, 0x5D, 0x00, 0x05,
  0x05, 0x1F, 0x05, 0x4C, 0x1A, 0x1A, 0x08, 0x08, 0x1A, 0x1D, 0x1A, 0x1D, 0x1C, 0x1B, 0x08, 0x19,
  0x08, 0x19, 0x18, 0x17, 0x16, 0x15, 0x14, 0x13, 0x11, 0x11, 0x11, 0x11, 0x12, 0x11, 0x11, 0x11,
  0x10, 0x11, 0x07, 0x1D, 0x2B, 0x01, 0x23, 0x35, 0x33, 0x05, 0x23, 0x35, 0x33, 0x17, 0x11, 0x23,
  0x15, 0x21, 0x35, 0x21, 0x35, 0x21, 0x35, 0x23, 0x11, 0x33, 0x35, 0x33, 0x11, 0x21, 0x11, 0x35,
  0x15, 0x23, 0x35, 0x01, 0x77, 0x7D, 0x7D, 0x01, 0x77, 0x7D, 0x7D, 0x7D, 0x7D, 0xFD, 0x8F, 0x01,
  0xF4, 0xFE, 0x0C, 0x7D, 0x7D, 0x7D, 0x01, 0x77, 0x7D, 0x03, 0x6B, 0x7D, 0x7D, 0x7D, 0xFA, 0xFD,
  0x8F, 0x7D, 0x7D, 0x7D, 0x7D, 0x01, 0x77, 0x7D, 0xFE, 0x0C, 0x01, 0x77, 0x7D, 0x7D, 0x7D, 0x00,
  0x00, 0x03, 0x00, 0x00, 0x00, 0x7D, 0x03, 0x6B, 0x03, 0xE8, 0x00, 0x03, 0x00, 0x07, 0x00, 0x13,
  0x00, 0x4D, 0x40, 0x4A, 0x00, 0x07, 0x00, 0x04, 0x09, 0x07, 0x04, 0x65, 0x0B, 0x03, 0x0A, 0x03,
  0x01, 0x01, 0x00, 0x5D, 0x02, 0x01, 0x00, 0x00, 0x1B, 0x4B, 0x00, 0x05, 0x05, 0x06, 0x5D, 0x08,
  0x01, 0x06, 0x06, 0x1D, 0x4B, 0x0C, 0x01, 0x09, 0x09, 0x1C, 0x09, 0x4C, 0x08, 0x08, 0x04, 0x04,
  0x00, 0x00, 0x08, 0x13, 0x08, 0x13, 0x12, 0x11, 0x10, 0x0F, 0x0E, 0x0D, 0x0C, 0x0B, 0x0A, 0x09,
  0x04, 0x07, 0x04, 0x07, 0x06, 0x05, 0x00, 0x03, 0x00, 0x03, 0x11, 0x0D, 0x07, 0x15, 0x2B, 0x13,
  0x35, 0x33, 0x15, 0x33, 0x35, 0x33, 0x15, 0x03, 0x35, 0x21, 0x35, 0x23, 0x35, 0x33, 0x15, 0x21,
  0x35, 0x33, 0x11, 0x7D, 0xFA, 0x7D, 0xFA, 0x7D, 0xFE, 0x0C, 0x7D, 0xFA, 0x01, 0x77, 0xFA, 0x03,
  0x6B, 0x7D, 0x7D, 0x7D, 0x7D, 0xFD, 0x12, 0xFA, 0x7D, 0xFA, 0xFA, 0xFA, 0xFD, 0x8F, 0x00, 0x00,
  0x00, 0x01, 0x00, 0x7D, 0x00, 0x00, 0x03, 0x6B, 0x02, 0xEE, 0x00, 0x0B, 0x00, 0x61, 0x4B, 0xB0,
  0x0A, 0x50, 0x58, 0x40, 0x22, 0x00, 0x00, 0x01, 0x02, 0x01, 0x00, 0x70, 0x00, 0x01, 0x01, 0x05,
  0x5D, 0x06, 0x01, 0x05, 0x05, 0x1D, 0x4B, 0x00, 0x04, 0x04, 0x1C, 0x4B, 0x00, 0x02, 0x02, 0x03,
  0x5D, 0x00, 0x03, 0x03, 0x1F, 0x03, 0x4C, 0x1B, 0x40, 0x23, 0x00, 0x00, 0x01, 0x02, 0x01, 0x00,
  0x02, 0x7E, 0x00, 0x01, 0x01, 0x05, 0x5D, 0x06, 0x01, 0x05, 0x05, 0x1D, 0x4B, 0x00, 0x04, 0x04,
  0x1C, 0x4B, 0x00, 0x02, 0x02, 0x03, 0x5D, 0x00, 0x03, 0x03, 0x1F, 0x03, 0x4C, 0x59, 0x40, 0x0E,
  0x00, 0x00, 0x00, 0x0B, 0x00, 0x0B, 0x11, 0x11, 0x11, 0x11, 0x11, 0x07, 0x07, 0x19, 0x2B, 0x01,
  0x15, 0x23, 0x35, 0x21, 0x11, 0x33, 0x15, 0x23, 0x35, 0x23, 0x11, 0x03, 0x6B, 0x7D, 0xFE, 0x89,
  0x7D, 0xFA, 0x7D, 0x02, 0xEE, 0xFA, 0x7D, 0xFE, 0x89, 0xFA, 0x7D, 0x02, 0x71, 0x00, 0x00, 0x00,
  0x00, 0x05, 0x00, 0x00, 0x00, 0x7D, 0x03, 0x6B, 0x03, 0xE8, 0x00, 0x03, 0x00, 0x07, 0x00, 0x0D,
  0x00, 0x11, 0x00, 0x15, 0x00, 0x55, 0x40, 0x52, 0x00, 0x05, 0x00, 0x0A, 0x09, 0x05, 0x0A, 0x65,
  0x0C, 0x03, 0x0B, 0x03, 0x01, 0x01, 0x00, 0x5D, 0x02, 0x01, 0x00, 0x00, 0x1B, 0x4B, 0x07, 0x01,
  0x04, 0x04, 0x1D, 0x4B, 0x00, 0x09, 0x09, 0x06, 0x5E, 0x0E, 0x08, 0x0D, 0x03, 0x06, 0x06, 0x1C,
  0x06, 0x4C, 0x0E, 0x0E, 0x08, 0x08, 0x04, 0x04, 0x00, 0x00, 0x15, 0x14, 0x13, 0x12, 0x0E, 0x11,
  0x0E, 0x11, 0x10, 0x0F, 0x08, 0x0D, 0x08, 0x0D, 0x0C, 0x0B, 0x0A, 0x09, 0x04, 0x07, 0x04, 0x07,
  0x06, 0x05, 0x00, 0x03, 0x00, 0x03, 0x11, 0x0F, 0x07, 0x15, 0x2B, 0x13, 0x35, 0x33, 0x15, 0x33,
  0x35, 0x33, 0x15, 0x01, 0x11, 0x33, 0x15, 0x33, 0x11, 0x33, 0x11, 0x33, 0x11, 0x25, 0x33, 0x35,
  0x23, 0x7D, 0xFA, 0x7D, 0xFA, 0xFD, 0x12, 0xFA, 0xFA, 0x7D, 0xFA, 0xFD, 0x8F, 0x7D, 0x7D, 0x03,
  0x6B, 0x7D, 0x7D, 0x7D, 0x7D, 0xFD, 0x12, 0x02, 0x71, 0xFA, 0xFE, 0x89, 0x02, 0x71, 0xFD, 0x8F,
  0x7D, 0x7D, 0x00, 0x00, 0x00, 0x02, 0x00, 0x00, 0x00, 0x00, 0x03, 0x6B, 0x02, 0xEE, 0x00, 0x09,
  0x00, 0x0D, 0x00, 0x35, 0x40, 0x32, 0x00, 0x02, 0x00, 0x01, 0x05, 0x02, 0x01, 0x65, 0x00, 0x05,
  0x00, 0x00, 0x04, 0x05, 0x00, 0x65, 0x00, 0x06, 0x06, 0x03, 0x5D, 0x00, 0x03, 0x03, 0x1D, 0x4B,
  0x07, 0x01, 0x04, 0x04, 0x1F, 0x04, 0x4C, 0x00, 0x00, 0x0D, 0x0C, 0x0B, 0x0A, 0x00, 0x09, 0x00,
  0x09, 0x11, 0x11, 0x11, 0x11, 0x08, 0x07, 0x18, 0x2B, 0x21, 0x35, 0x21, 0x35, 0x23, 0x35, 0x33,
  0x35, 0x21, 0x11, 0x01, 0x21, 0x35, 0x21, 0x02, 0x71, 0xFE, 0x0C, 0x7D, 0x7D, 0x02, 0xEE, 0xFD,
  0x8F, 0x01, 0x77, 0xFE, 0x89, 0xFA, 0x7D, 0xFA, 0x7D, 0xFD, 0x12, 0x01, 0x77, 0xFA, 0x00, 0x00,
  0x00, 0x03, 0x00, 0x00, 0x00, 0x7D, 0x03, 0x6B, 0x02, 0xEE, 0x00, 0x07, 0x00, 0x0B, 0x00, 0x13,
  0x00, 0x3A, 0x40, 0x37, 0x06, 0x04, 0x02, 0x02, 0x02, 0x03, 0x5D, 0x0B, 0x09, 0x0A, 0x05, 0x04,
  0x03, 0x03, 0x1D, 0x4B, 0x08, 0x01, 0x00, 0x00, 0x01, 0x5D, 0x07, 0x01, 0x01, 0x01, 0x1C, 0x01,
  0x4C, 0x0C, 0x0C, 0x08, 0x08, 0x0C, 0x13, 0x0C, 0x13, 0x12, 0x11, 0x10, 0x0F, 0x0E, 0x0D, 0x08,
  0x0B, 0x08, 0x0B, 0x12, 0x11, 0x11, 0x11, 0x10, 0x0C, 0x07, 0x19, 0x2B, 0x37, 0x33, 0x15, 0x23,
  0x35, 0x23, 0x11, 0x33, 0x33, 0x11, 0x23, 0x11, 0x21, 0x11, 0x23, 0x15, 0x23, 0x35, 0x33, 0x11,
  0xFA, 0x7D, 0xFA, 0x7D, 0xFA, 0xFA, 0x7D, 0x01, 0xF4, 0x7D, 0xFA, 0x7D, 0xFA, 0x7D, 0x7D, 0x01,
  0xF4, 0xFE, 0x0C, 0x01, 0xF4, 0xFE, 0x0C, 0x7D, 0x7D, 0x01, 0xF4, 0x00, 0x00, 0x01, 0x00, 0x00,
  0x00, 0x7D, 0x03, 0x6B, 0x03, 0xE8, 0x00, 0x0F, 0x00, 0x5C, 0x4B, 0xB0, 0x0A, 0x50, 0x58, 0x40,
  0x21, 0x00, 0x01, 0x02, 0x07, 0x02, 0x01, 0x70, 0x00, 0x07, 0x00, 0x04, 0x03, 0x07, 0x04, 0x65,
  0x00, 0x02, 0x02, 0x00, 0x5D, 0x06, 0x01, 0x00, 0x00, 0x1B, 0x4B, 0x05, 0x01, 0x03, 0x03, 0x1C,
  0x03, 0x4C, 0x1B, 0x40, 0x22, 0x00, 0x01, 0x02, 0x07, 0x02, 0x01, 0x07, 0x7E, 0x00, 0x07, 0x00,
  0x04, 0x03, 0x07, 0x04, 0x65, 0x00, 0x02, 0x02, 0x00, 0x5D, 0x06, 0x01, 0x00, 0x00, 0x1B, 0x4B,
  0x05, 0x01, 0x03, 0x03, 0x1C, 0x03, 0x4C, 0x59, 0x40, 0x0B, 0x11, 0x11, 0x11, 0x11, 0x11, 0x11,
  0x11, 0x10, 0x08, 0x07, 0x1C, 0x2B, 0x01, 0x21, 0x15, 0x23, 0x35, 0x23, 0x11, 0x23, 0x11, 0x23,
  0x11, 0x23, 0x11, 0x33, 0x11, 0x33, 0x01, 0x77, 0x01, 0xF4, 0x7D, 0x7D, 0xFA, 0x7D, 0xFA, 0xFA,
  0x7D, 0x03, 0xE8, 0xFA, 0x7D, 0xFD, 0x12, 0x01, 0x77, 0xFE, 0x89, 0x03, 0x6B, 0xFE, 0x89, 0x00,
  0x00, 0x01, 0x00, 0x00, 0x00, 0x7D, 0x03, 0x6B, 0x02, 0xEE, 0x00, 0x0F, 0x00, 0x5C, 0x4B, 0xB0,
  0x0A, 0x50, 0x58, 0x40, 0x21, 0x00, 0x01, 0x02, 0x07, 0x02, 0x01, 0x70, 0x00, 0x07, 0x00, 0x04,
  0x03, 0x07, 0x04, 0x65, 0x00, 0x02, 0x02, 0x00, 0x5D, 0x06, 0x01, 0x00, 0x00, 0x1D, 0x4B, 0x05,
  0x01, 0x03, 0x03, 0x1C, 0x03, 0x4C, 0x1B, 0x40, 0x22, 0x00, 0x01, 0x02, 0x07, 0x02, 0x01, 0x07,
  0x7E, 0x00, 0x07, 0x00, 0x04, 0x03, 0x07, 0x04, 0x65, 0x00, 0x02, 0x02, 0x00, 0x5D, 0x06, 0x01,
  0x00, 0x00, 0x1D, 0x4B, 0x05, 0x01, 0x03, 0x03, 0x1C, 0x03, 0x4C, 0x59, 0x40, 0x0B, 0x11, 0x11,
  0x11, 0x11, 0x11, 0x11, 0x11, 0x10, 0x08, 0x07, 0x1C, 0x2B, 0x01, 0x21, 0x15, 0x23, 0x35, 0x23,
  0x11, 0x23, 0x35, 0x23, 0x15, 0x23, 0x11, 0x33, 0x15, 0x33, 0x01, 0x77, 0x01, 0xF4, 0x7D, 0x7D,
  0xFA, 0x7D, 0xFA, 0xFA, 0x7D, 0x02, 0xEE, 0xFA, 0x7D, 0xFE, 0x0C, 0xFA, 0xFA, 0x02, 0x71, 0xFA,
  0x00, 0x02, 0x00, 0x00, 0x00, 0x7D, 0x03, 0x6B, 0x03, 0xE8, 0x00, 0x13, 0x00, 0x17, 0x00, 0x98,
  0x4B, 0xB0, 0x0A, 0x50, 0x58, 0x40, 0x39, 0x00, 0x01, 0x03, 0x0B, 0x00, 0x01, 0x70, 0x00, 0x0B,
  0x00, 0x03, 0x0B, 0x6E, 0x00, 0x04, 0x00, 0x05, 0x0A, 0x04, 0x05, 0x65, 0x00, 0x0A, 0x00, 0x08,
  0x06, 0x0A, 0x08, 0x65, 0x00, 0x03, 0x03, 0x02, 0x5D, 0x00, 0x02, 0x02, 0x1B, 0x4B, 0x00, 0x00,
  0x00, 0x1D, 0x4B, 0x00, 0x06, 0x06, 0x07, 0x5D, 0x0C, 0x09, 0x02, 0x07, 0x07, 0x1C, 0x07, 0x4C,
  0x1B, 0x40, 0x3B, 0x00, 0x01, 0x03, 0x0B, 0x03, 0x01, 0x0B, 0x7E, 0x00, 0x0B, 0x00, 0x03, 0x0B,
  0x00, 0x7C, 0x00, 0x04, 0x00, 0x05, 0x0A, 0x04, 0x05, 0x65, 0x00, 0x0A, 0x00, 0x08, 0x06, 0x0A,
  0x08, 0x65, 0x00, 0x03, 0x03, 0x02, 0x5D, 0x00, 0x02, 0x02, 0x1B, 0x4B, 0x00, 0x00, 0x00, 0x1D,
  0x4B, 0x00, 0x06, 0x06, 0x07, 0x5D, 0x0C, 0x09, 0x02, 0x07, 0x07, 0x1C, 0x07, 0x4C, 0x59, 0x40,
  0x16, 0x00, 0x00, 0x17, 0x16, 0x15, 0x14, 0x00, 0x13, 0x00, 0x13, 0x11, 0x11, 0x11, 0x11, 0x11,
  0x11, 0x11, 0x11, 0x11, 0x0D, 0x07, 0x1D, 0x2B, 0x35, 0x11, 0x33, 0x35, 0x33, 0x35, 0x21, 0x15,
  0x23, 0x15, 0x33, 0x15, 0x23, 0x15, 0x33, 0x15, 0x21, 0x35, 0x23, 0x15, 0x11, 0x33, 0x35, 0x23,
  0x7D, 0x7D, 0x02, 0x71, 0xFA, 0xFA, 0xFA, 0xFA, 0xFE, 0x0C, 0x7D, 0x7D, 0x7D, 0x7D, 0x02, 0x71,
  0x7D, 0x7D, 0x7D, 0xFA, 0x7D, 0xFA, 0x7D, 0xFA, 0xFA, 0x01, 0x77, 0xFA, 0x00, 0x03, 0x00, 0x00,
  0x00, 0x7D, 0x03, 0x6B, 0x02, 0xEE, 0x00, 0x13, 0x00, 0x17, 0x00, 0x1B, 0x00, 0x4F, 0x40, 0x4C,
  0x00, 0x05, 0x00, 0x06, 0x02, 0x05, 0x06, 0x65, 0x0A, 0x01, 0x02, 0x0D, 0x01, 0x07, 0x01, 0x02,
  0x07, 0x65, 0x00, 0x01, 0x00, 0x00, 0x08, 0x01, 0x00, 0x65, 0x0B, 0x01, 0x03, 0x03, 0x04, 0x5D,
  0x00, 0x04, 0x04, 0x1D, 0x4B, 0x0C, 0x01, 0x08, 0x08, 0x09, 0x5D, 0x0E, 0x01, 0x09, 0x09, 0x1C,
  0x09, 0x4C, 0x00, 0x00, 0x1B, 0x1A, 0x19, 0x18, 0x17, 0x16, 0x15, 0x14, 0x00, 0x13, 0x00, 0x13,
  0x11, 0x11, 0x11, 0x11, 0x11, 0x11, 0x11, 0x11, 0x11, 0x0F, 0x07, 0x1D, 0x2B, 0x37, 0x35, 0x23,
  0x35, 0x33, 0x35, 0x33, 0x35, 0x23, 0x35, 0x21, 0x15, 0x33, 0x15, 0x23, 0x15, 0x23, 0x15, 0x33,
  0x15, 0x03, 0x33, 0x35, 0x23, 0x03, 0x33, 0x35, 0x23, 0x7D, 0x7D, 0x7D, 0xFA, 0xFA, 0x02, 0x71,
  0x7D, 0x7D, 0xFA, 0xFA, 0xFA, 0x7D, 0x7D, 0xFA, 0x7D, 0x7D, 0x7D, 0x7D, 0x7D, 0x7D, 0x7D, 0x7D,
  0x7D, 0x7D, 0x7D, 0x7D, 0x7D, 0x01, 0x77, 0x7D, 0xFE, 0x89, 0x7D, 0x00, 0x00, 0x02, 0x00, 0x00,
  0x00, 0x7D, 0x03, 0x6B, 0x03, 0xE8, 0x00, 0x0F, 0x00, 0x17, 0x00, 0x86, 0x4B, 0xB0, 0x0A, 0x50,
  0x58, 0x40, 0x2F, 0x03, 0x01, 0x01, 0x0A, 0x09, 0x00, 0x01, 0x70, 0x0B, 0x01, 0x09, 0x00, 0x0A,
  0x09, 0x6E, 0x00, 0x08, 0x00, 0x06, 0x05, 0x08, 0x06, 0x65, 0x00, 0x0A, 0x0A, 0x02, 0x5D, 0x00,
  0x02, 0x02, 0x31, 0x4B, 0x04, 0x01, 0x00, 0x00, 0x34, 0x4B, 0x0C, 0x07, 0x02, 0x05, 0x05, 0x32,
  0x05, 0x4C, 0x1B, 0x40, 0x31, 0x03, 0x01, 0x01, 0x0A, 0x09, 0x0A, 0x01, 0x09, 0x7E, 0x0B, 0x01,
  0x09, 0x00, 0x0A, 0x09, 0x00, 0x7C, 0x00, 0x08, 0x00, 0x06, 0x05, 0x08, 0x06, 0x65, 0x00, 0x0A,
  0x0A, 0x02, 0x5D, 0x00, 0x02, 0x02, 0x31, 0x4B, 0x04, 0x01, 0x00, 0x00, 0x34, 0x4B, 0x0C, 0x07,
  0x02, 0x05, 0x05, 0x32, 0x05, 0x4C, 0x59, 0x40, 0x18, 0x00, 0x00, 0x17, 0x16, 0x15, 0x14, 0x13,
  0x12, 0x11, 0x10, 0x00, 0x0F, 0x00, 0x0F, 0x11, 0x11, 0x11, 0x11, 0x11, 0x11, 0x11, 0x0D, 0x08,
  0x1B, 0x2B, 0x35, 0x11, 0x33, 0x35, 0x33, 0x35, 0x21, 0x15, 0x33, 0x15, 0x33, 0x11, 0x23, 0x35,
  0x21, 0x15, 0x11, 0x21, 0x35, 0x23, 0x35, 0x23, 0x15, 0x23, 0x7D, 0x7D, 0x01, 0x77, 0x7D, 0x7D,
  0xFA, 0xFE, 0x89, 0x01, 0x77, 0x7D, 0x7D, 0x7D, 0x7D, 0x02, 0x71, 0x7D, 0x7D, 0x7D, 0x7D, 0xFD,
  0x8F, 0xFA, 0xFA, 0x01, 0x77, 0xFA, 0x7D, 0x7D, 0x00, 0x03, 0x00, 0x00, 0x00, 0x7D, 0x03, 0x6B,
  0x03, 0xE8, 0x00, 0x0B, 0x00, 0x0F, 0x00, 0x13, 0x00, 0x47, 0x40, 0x44, 0x00, 0x01, 0x00, 0x02,
  0x06, 0x01, 0x02, 0x65, 0x00, 0x06, 0x00, 0x09, 0x03, 0x06, 0x09, 0x65, 0x00, 0x03, 0x00, 0x04,
  0x08, 0x03, 0x04, 0x65, 0x00, 0x07, 0x07, 0x00, 0x5D, 0x00, 0x00, 0x00, 0x31, 0x4B, 0x00, 0x08,
  0x08, 0x05, 0x5D, 0x0A, 0x01, 0x05, 0x05, 0x32, 0x05, 0x4C, 0x00, 0x00, 0x13, 0x12, 0x11, 0x10,
  0x0F, 0x0E, 0x0D, 0x0C, 0x00, 0x0B, 0x00, 0x0B, 0x11, 0x11, 0x11, 0x11, 0x11, 0x0B, 0x08, 0x19,
  0x2B, 0x35, 0x11, 0x21, 0x15, 0x33, 0x15, 0x23, 0x15, 0x33, 0x15, 0x23, 0x15, 0x01, 0x21, 0x35,
  0x21, 0x11, 0x21, 0x35, 0x21, 0x02, 0xEE, 0x7D, 0x7D, 0x7D, 0x7D, 0xFE, 0x0C, 0x01, 0x77, 0xFE,
  0x89, 0x01, 0x77, 0xFE, 0x89, 0x7D, 0x03, 0x6B, 0x7D, 0xFA, 0x7D, 0xFA, 0x7D, 0x01, 0xF4, 0xFA,
  0xFD, 0x8F, 0xFA, 0x00, 0x00, 0x01, 0x00, 0x7D, 0x00, 0x7D, 0x03, 0x6B, 0x03, 0xE8, 0x00, 0x05,
  0x00, 0x1F, 0x40, 0x1C, 0x00, 0x01, 0x01, 0x00, 0x5D, 0x00, 0x00, 0x00, 0x31, 0x4B, 0x03, 0x01,
  0x02, 0x02, 0x32, 0x02, 0x4C, 0x00, 0x00, 0x00, 0x05, 0x00, 0x05, 0x11, 0x11, 0x04, 0x08, 0x16,
  0x2B, 0x37, 0x11, 0x21, 0x15, 0x21, 0x11, 0x7D, 0x02, 0xEE, 0xFE, 0x0C, 0x7D, 0x03, 0x6B, 0x7D,
  0xFD, 0x12, 0x00, 0x00, 0x00, 0x02, 0x00, 0x00, 0x00, 0x7D, 0x03, 0x6B, 0x03, 0xE8, 0x00, 0x0B,
  0x00, 0x13, 0x00, 0x7D, 0x4B, 0xB0, 0x0A, 0x50, 0x58, 0x40, 0x2C, 0x03, 0x01, 0x01, 0x08, 0x07,
  0x08, 0x01, 0x07, 0x7E, 0x09, 0x01, 0x07, 0x00, 0x08, 0x07, 0x6E, 0x00, 0x08, 0x08, 0x02, 0x5D,
  0x00, 0x02, 0x02, 0x31, 0x4B, 0x04, 0x01, 0x00, 0x00, 0x34, 0x4B, 0x00, 0x06, 0x06, 0x05, 0x5E,
  0x0A, 0x01, 0x05, 0x05, 0x32, 0x05, 0x4C, 0x1B, 0x40, 0x2D, 0x03, 0x01, 0x01, 0x08, 0x07, 0x08,
  0x01, 0x07, 0x7E, 0x09, 0x01, 0x07, 0x00, 0x08, 0x07, 0x00, 0x7C, 0x00, 0x08, 0x08, 0x02, 0x5D,
  0x00, 0x02, 0x02, 0x31, 0x4B, 0x04, 0x01, 0x00, 0x00, 0x34, 0x4B, 0x00, 0x06, 0x06, 0x05, 0x5E,
  0x0A, 0x01, 0x05, 0x05, 0x32, 0x05, 0x4C, 0x59, 0x40, 0x16, 0x00, 0x00, 0x13, 0x12, 0x11, 0x10,
  0x0F, 0x0E, 0x0D, 0x0C, 0x00, 0x0B, 0x00, 0x0B, 0x11, 0x11, 0x11, 0x11, 0x11, 0x0B, 0x08, 0x19,
  0x2B, 0x35, 0x11, 0x33, 0x35, 0x33, 0x35, 0x21, 0x15, 0x33, 0x15, 0x33, 0x11, 0x25, 0x21, 0x11,
  0x23, 0x35, 0x23, 0x15, 0x23, 0x7D, 0x7D, 0x01, 0x77, 0x7D, 0x7D, 0xFD, 0x8F, 0x01, 0x77, 0x7D,
  0x7D, 0x7D, 0x7D, 0x02, 0x71, 0x7D, 0x7D, 0x7D, 0x7D, 0xFD, 0x8F, 0x7D, 0x01, 0xF4, 0x7D, 0x7D,
  0x00, 0x01, 0x00, 0x00, 0x00, 0x7D, 0x03, 0x6B, 0x03, 0xE8, 0x00, 0x0B, 0x00, 0x2F, 0x40, 0x2C,
  0x00, 0x02, 0x00, 0x03, 0x04, 0x02, 0x03, 0x65, 0x00, 0x01, 0x01, 0x00, 0x5D, 0x00, 0x00, 0x00,
  0x31, 0x4B, 0x00, 0x04, 0x04, 0x05, 0x5D, 0x06, 0x01, 0x05, 0x05, 0x32, 0x05, 0x4C, 0x00, 0x00,
  0x00, 0x0B, 0x00, 0x0B, 0x11, 0x11, 0x11, 0x11, 0x11, 0x07, 0x08, 0x19, 0x2B, 0x35, 0x11, 0x21,
  0x15, 0x21, 0x15, 0x21, 0x15, 0x21, 0x15, 0x21, 0x15, 0x03, 0x6B, 0xFD, 0x8F, 0x01, 0xF4, 0xFE,
  0x0C, 0x02, 0x71, 0x7D, 0x03, 0x6B, 0x7D, 0xFA, 0x7D, 0xFA, 0x7D, 0x00, 0xFF, 0xFF, 0x00, 0x00,
  0x00, 0x7D, 0x03, 0x6B, 0x03, 0xE8, 0x00, 0x02, 0x00, 0x77, 0x00, 0x00, 0x00, 0x01, 0x00, 0x00,
  0x00, 0x7D, 0x03, 0x6B, 0x03, 0xE8, 0x00, 0x0B, 0x00, 0x27, 0x40, 0x24, 0x00, 0x01, 0x00, 0x04,
  0x03, 0x01, 0x04, 0x65, 0x02, 0x01, 0x00, 0x00, 0x31, 0x4B, 0x06, 0x05, 0x02, 0x03, 0x03, 0x32,
  0x03, 0x4C, 0x00, 0x00, 0x00, 0x0B, 0x00, 0x0B, 0x11, 0x11, 0x11, 0x11, 0x11, 0x07, 0x08, 0x19,
  0x2B, 0x35, 0x11, 0x33, 0x11, 0x21, 0x11, 0x33, 0x11, 0x23, 0x11, 0x21, 0x11, 0xFA, 0x01, 0x77,
  0xFA, 0xFA, 0xFE, 0x89, 0x7D, 0x03, 0x6B, 0xFE, 0x89, 0x01, 0x77, 0xFC, 0x95, 0x01, 0x77, 0xFE,
  0x89, 0x00, 0x00, 0x00, 0x00, 0x03, 0x00, 0x00, 0x00, 0x7D, 0x03, 0x6B, 0x03, 0xE8, 0x00, 0x0B,
  0x00, 0x0F, 0x00, 0x13, 0x00, 0x41, 0x40, 0x3E, 0x00, 0x06, 0x00, 0x09, 0x00, 0x06, 0x09, 0x65,
  0x03, 0x01, 0x01, 0x04, 0x01, 0x00, 0x08, 0x01, 0x00, 0x65, 0x00, 0x07, 0x07, 0x02, 0x5D, 0x00,
  0x02, 0x02, 0x31, 0x4B, 0x00, 0x08, 0x08, 0x05, 0x5D, 0x0A, 0x01, 0x05, 0x05, 0x32, 0x05, 0x4C,
  0x00, 0x00, 0x13, 0x12, 0x11, 0x10, 0x0F, 0x0E, 0x0D, 0x0C, 0x00, 0x0B, 0x00, 0x0B, 0x11, 0x11,
  0x11, 0x11, 0x11, 0x0B, 0x08, 0x19, 0x2B, 0x37, 0x35, 0x23, 0x11, 0x33, 0x35, 0x21, 0x15, 0x33,
  0x11, 0x23, 0x15, 0x01, 0x21, 0x35, 0x21, 0x11, 0x21, 0x35, 0x21, 0x7D, 0x7D, 0x7D, 0x02, 0x71,
  0x7D, 0x7D, 0xFE, 0x0C, 0x01, 0x77, 0xFE, 0x89, 0x01, 0x77, 0xFE, 0x89, 0x7D, 0x7D, 0x02, 0x71,
  0x7D, 0x7D, 0xFD, 0x8F, 0x7D, 0x01, 0xF4, 0xFA, 0xFD, 0x8F, 0xFA, 0x00, 0x00, 0x01, 0x00, 0x7D,
  0x00, 0x7D, 0x03, 0x6B, 0x03, 0xE8, 0x00, 0x0B, 0x00, 0x29, 0x40, 0x26, 0x03, 0x01, 0x01, 0x01,
  0x02, 0x5D, 0x00, 0x02, 0x02, 0x31, 0x4B, 0x04, 0x01, 0x00, 0x00, 0x05, 0x5D, 0x06, 0x01, 0x05,
  0x05, 0x32, 0x05, 0x4C, 0x00, 0x00, 0x00, 0x0B, 0x00, 0x0B, 0x11, 0x11, 0x11, 0x11, 0x11, 0x07,
  0x08, 0x19, 0x2B, 0x37, 0x35, 0x33, 0x11, 0x23, 0x35, 0x21, 0x15, 0x23, 0x11, 0x33, 0x15, 0x7D,
  0xFA, 0xFA, 0x02, 0xEE, 0xFA, 0xFA, 0x7D, 0x7D, 0x02, 0x71, 0x7D, 0x7D, 0xFD, 0x8F, 0x7D, 0x00,
  0x00, 0x01, 0x00, 0x00, 0x00, 0x7D, 0x03, 0x6B, 0x03, 0xE8, 0x00, 0x1D, 0x00, 0xBC, 0x4B, 0xB0,
  0x0A, 0x50, 0x58, 0x40, 0x48, 0x00, 0x06, 0x03, 0x02, 0x05, 0x06, 0x70, 0x00, 0x08, 0x01, 0x0D,
  0x01, 0x08, 0x0D, 0x7E, 0x00, 0x09, 0x0D, 0x0C, 0x0A, 0x09, 0x70, 0x00, 0x03, 0x00, 0x07, 0x01,
  0x03, 0x07, 0x65, 0x00, 0x01, 0x00, 0x0D, 0x09, 0x01, 0x0D, 0x65, 0x00, 0x05, 0x05, 0x00, 0x5D,
  0x04, 0x01, 0x00, 0x00, 0x31, 0x4B, 0x00, 0x0C, 0x0C, 0x02, 0x5D, 0x00, 0x02, 0x02, 0x34, 0x4B,
  0x00, 0x0A, 0x0A, 0x0B, 0x5E, 0x0F, 0x0E, 0x02, 0x0B, 0x0B, 0x32, 0x0B, 0x4C, 0x1B, 0x40, 0x4A,
  0x00, 0x06, 0x03, 0x02, 0x03, 0x06, 0x02, 0x7E, 0x00, 0x08, 0x01, 0x0D, 0x01, 0x08, 0x0D, 0x7E,
  0x00, 0x09, 0x0D, 0x0C, 0x0D, 0x09, 0x0C, 0x7E, 0x00, 0x03, 0x00, 0x07, 0x01, 0x03, 0x07, 0x65,
  0x00, 0x01, 0x00, 0x0D, 0x09, 0x01, 0x0D, 0x65, 0x00, 0x05, 0x05, 0x00, 0x5D, 0x04, 0x01, 0x00,
  0x00, 0x31, 0x4B, 0x00, 0x0C, 0x0C, 0x02, 0x5D, 0x00, 0x02, 0x02, 0x34, 0x4B, 0x00, 0x0A, 0x0A,
  0x0B, 0x5E, 0x0F, 0x0E, 0x02, 0x0B, 0x0B, 0x32, 0x0B, 0x4C, 0x59, 0x40, 0x1C, 0x00, 0x00, 0x00,
  0x1D, 0x00, 0x1D, 0x1C, 0x1B, 0x1A, 0x19, 0x18, 0x17, 0x16, 0x15, 0x14, 0x13, 0x11, 0x11, 0x11,
  0x11, 0x11, 0x11, 0x11, 0x11, 0x11, 0x10, 0x08, 0x1D, 0x2B, 0x35, 0x11, 0x33, 0x11, 0x33, 0x35,
  0x33, 0x35, 0x33, 0x35, 0x33, 0x15, 0x23, 0x15, 0x23, 0x15, 0x23, 0x15, 0x33, 0x15, 0x33, 0x15,
  0x33, 0x15, 0x21, 0x35, 0x23, 0x35, 0x23, 0x15, 0xFA, 0x7D, 0x7D, 0x7D, 0xFA, 0x7D, 0x7D, 0x7D,
  0x7D, 0x7D, 0x7D, 0xFE, 0x89, 0x7D, 0x7D, 0x7D, 0x03, 0x6B, 0xFE, 0x89, 0x7D, 0x7D, 0x7D, 0x7D,
  0x7D, 0x7D, 0x7D, 0x7D, 0x7D, 0x7D, 0x7D, 0x7D, 0xFA, 0x00, 0x00, 0x00, 0x00, 0x01, 0x00, 0x00,
  0x00, 0x7D, 0x03, 0x6B, 0x03, 0xE8, 0x00, 0x13, 0x00, 0x70, 0x4B, 0xB0, 0x0A, 0x50, 0x58, 0x40,
  0x27, 0x03, 0x01, 0x01, 0x07, 0x06, 0x00, 0x01, 0x70, 0x08, 0x01, 0x06, 0x00, 0x07, 0x06, 0x6E,
  0x00, 0x07, 0x07, 0x02, 0x5D, 0x00, 0x02, 0x02, 0x31, 0x4B, 0x04, 0x01, 0x00, 0x00, 0x34, 0x4B,
  0x0A, 0x09, 0x02, 0x05, 0x05, 0x32, 0x05, 0x4C, 0x1B, 0x40, 0x29, 0x03, 0x01, 0x01, 0x07, 0x06,
  0x07, 0x01, 0x06, 0x7E, 0x08, 0x01, 0x06, 0x00, 0x07, 0x06, 0x00, 0x7C, 0x00, 0x07, 0x07, 0x02,
  0x5D, 0x00, 0x02, 0x02, 0x31, 0x4B, 0x04, 0x01, 0x00, 0x00, 0x34, 0x4B, 0x0A, 0x09, 0x02, 0x05,
  0x05, 0x32, 0x05, 0x4C, 0x59, 0x40, 0x12, 0x00, 0x00, 0x00, 0x13, 0x00, 0x13, 0x11, 0x11, 0x11,
  0x11, 0x11, 0x11, 0x11, 0x11, 0x11, 0x0B, 0x08, 0x1D, 0x2B, 0x35, 0x11, 0x33, 0x35, 0x33, 0x35,
  0x21, 0x15, 0x33, 0x15, 0x33, 0x11, 0x23, 0x11, 0x23, 0x35, 0x23, 0x15, 0x23, 0x11, 0x7D, 0x7D,
  0x01, 0x77, 0x7D, 0x7D, 0xFA, 0x7D, 0x7D, 0x7D, 0x7D, 0x02, 0x71, 0x7D, 0x7D, 0x7D, 0x7D, 0xFD,
  0x8F, 0x02, 0x71, 0x7D, 0x7D, 0xFD, 0x8F, 0x00, 0x00, 0x01, 0x00, 0x00, 0x00, 0x7D, 0x03, 0x6B,
  0x03, 0xE8, 0x00, 0x13, 0x00, 0x37, 0x40, 0x34, 0x03, 0x01, 0x01, 0x08, 0x01, 0x06, 0x07, 0x01,
  0x06, 0x65, 0x04, 0x01, 0x00, 0x00, 0x31, 0x4B, 0x00, 0x07, 0x07, 0x02, 0x5D, 0x00, 0x02, 0x02,
  0x34, 0x4B, 0x0A, 0x09, 0x02, 0x05, 0x05, 0x32, 0x05, 0x4C, 0x00, 0x00, 0x00, 0x13, 0x00, 0x13,
  0x11, 0x11, 0x11, 0x11, 0x11, 0x11, 0x11, 0x11, 0x11, 0x0B, 0x08, 0x1D, 0x2B, 0x35, 0x11, 0x33,
  0x15, 0x33, 0x15, 0x33, 0x35, 0x33, 0x35, 0x33, 0x11, 0x23, 0x11, 0x23, 0x15, 0x23, 0x35, 0x23,
  0x11, 0xFA, 0x7D, 0x7D, 0x7D, 0xFA, 0xFA, 0x7D, 0x7D, 0x7D, 0x7D, 0x03, 0x6B, 0x7D, 0x7D, 0x7D,
  0x7D, 0xFC, 0x95, 0x01, 0xF4, 0xFA, 0xFA, 0xFE, 0x0C, 0x00, 0x00, 0x00, 0xFF, 0xFF, 0x00, 0x00,
  0x00, 0x7D, 0x03, 0x6B, 0x03, 0xE8, 0x00, 0x02, 0x00, 0x43, 0x00, 0x00, 0x00, 0x03, 0x00, 0x00,
  0x00, 0x7D, 0x03, 0x6B, 0x03, 0xE8, 0x00, 0x03, 0x00, 0x07, 0x00, 0x0B, 0x00, 0x3D, 0x40, 0x3A,
  0x00, 0x02, 0x07, 0x01, 0x03, 0x04, 0x02, 0x03, 0x65, 0x06, 0x01, 0x01, 0x01, 0x00, 0x5D, 0x00,
  0x00, 0x00, 0x31, 0x4B, 0x00, 0x04, 0x04, 0x05, 0x5D, 0x08, 0x01, 0x05, 0x05, 0x32, 0x05, 0x4C,
  0x08, 0x08, 0x04, 0x04, 0x00, 0x00, 0x08, 0x0B, 0x08, 0x0B, 0x0A, 0x09, 0x04, 0x07, 0x04, 0x07,
  0x06, 0x05, 0x00, 0x03, 0x00, 0x03, 0x11, 0x09, 0x08, 0x15, 0x2B, 0x11, 0x35, 0x21, 0x15, 0x01,
  0x35, 0x21, 0x15, 0x01, 0x35, 0x21, 0x15, 0x03, 0x6B, 0xFD, 0x12, 0x02, 0x71, 0xFD, 0x12, 0x03,
  0x6B, 0x03, 0x6B, 0x7D, 0x7D, 0xFE, 0x89, 0x7D, 0x7D, 0xFE, 0x89, 0x7D, 0x7D, 0x00, 0x00, 0x00,
  0x00, 0x02, 0x00, 0x00, 0x00, 0x7D, 0x03, 0x6B, 0x03, 0xE8, 0x00, 0x0B, 0x00, 0x0F, 0x00, 0x35,
  0x40, 0x32, 0x03, 0x01, 0x01, 0x04, 0x01, 0x00, 0x06, 0x01, 0x00, 0x65, 0x00, 0x07, 0x07, 0x02,
  0x5D, 0x00, 0x02, 0x02, 0x31, 0x4B, 0x00, 0x06, 0x06, 0x05, 0x5D, 0x08, 0x01, 0x05, 0x05, 0x32,
  0x05, 0x4C, 0x00, 0x00, 0x0F, 0x0E, 0x0D, 0x0C, 0x00, 0x0B, 0x00, 0x0B, 0x11, 0x11, 0x11, 0x11,
  0x11, 0x09, 0x08, 0x19, 0x2B, 0x37, 0x35, 0x23, 0x11, 0x33, 0x35, 0x21, 0x15, 0x33, 0x11, 0x23,
  0x15, 0x25, 0x21, 0x11, 0x21, 0x7D, 0x7D, 0x7D, 0x02, 0x71, 0x7D, 0x7D, 0xFE, 0x0C, 0x01, 0x77,
  0xFE, 0x89, 0x7D, 0x7D, 0x02, 0x71, 0x7D, 0x7D, 0xFD, 0x8F, 0x7D, 0x7D, 0x02, 0x71, 0x00, 0x00,
  0x00, 0x01, 0x00, 0x00, 0x00, 0x7D, 0x03, 0x6B, 0x03, 0xE8, 0x00, 0x07, 0x00, 0x21, 0x40, 0x1E,
  0x00, 0x02, 0x02, 0x00, 0x5D, 0x00, 0x00, 0x00, 0x31, 0x4B, 0x04, 0x03, 0x02, 0x01, 0x01, 0x32,
  0x01, 0x4C, 0x00, 0x00, 0x00, 0x07, 0x00, 0x07, 0x11, 0x11, 0x11, 0x05, 0x08, 0x17, 0x2B, 0x35,
  0x11, 0x21, 0x11, 0x23, 0x11, 0x21, 0x11, 0x03, 0x6B, 0xFA, 0xFE, 0x89, 0x7D, 0x03, 0x6B, 0xFC,
  0x95, 0x02, 0xEE, 0xFD, 0x12, 0x00, 0x00, 0x00, 0x00, 0x02, 0x00, 0x00, 0x00, 0x7D, 0x03, 0x6B,
  0x03, 0xE8, 0x00, 0x09, 0x00, 0x0D, 0x00, 0x35, 0x40, 0x32, 0x00, 0x01, 0x00, 0x02, 0x05, 0x01,
  0x02, 0x65, 0x00, 0x05, 0x00, 0x03, 0x04, 0x05, 0x03, 0x65, 0x00, 0x06, 0x06, 0x00, 0x5D, 0x00,
  0x00, 0x00, 0x31, 0x4B, 0x07, 0x01, 0x04, 0x04, 0x32, 0x04, 0x4C, 0x00, 0x00, 0x0D, 0x0C, 0x0B,
  0x0A, 0x00, 0x09, 0x00, 0x09, 0x11, 0x11, 0x11, 0x11, 0x08, 0x08, 0x18, 0x2B, 0x35, 0x11, 0x21,
  0x15, 0x33, 0x11, 0x23, 0x15, 0x21, 0x15, 0x11, 0x21, 0x11, 0x21, 0x02, 0xEE, 0x7D, 0x7D, 0xFE,
  0x0C, 0x01, 0x77, 0xFE, 0x89, 0x7D, 0x03, 0x6B, 0x7D, 0xFE, 0x89, 0x7D, 0xFA, 0x01, 0x77, 0x01,
  0x77, 0x00, 0x00, 0x00, 0x00, 0x01, 0x00, 0x00, 0x00, 0x7D, 0x03, 0x6B, 0x03, 0xE8, 0x00, 0x1F,
  0x00, 0xC2, 0x4B, 0xB0, 0x0A, 0x50, 0x58, 0x40, 0x4A, 0x07, 0x01, 0x04, 0x05, 0x09, 0x05, 0x04,
  0x70, 0x00, 0x03, 0x09, 0x0A, 0x09, 0x03, 0x0A, 0x7E, 0x00, 0x02, 0x0B, 0x0C, 0x0B, 0x02, 0x0C,
  0x7E, 0x0E, 0x01, 0x01, 0x0C, 0x00, 0x00, 0x01, 0x70, 0x00, 0x0A, 0x00, 0x0B, 0x02, 0x0A, 0x0B,
  0x65, 0x08, 0x01, 0x05, 0x05, 0x06, 0x5D, 0x00, 0x06, 0x06, 0x31, 0x4B, 0x00, 0x0C, 0x0C, 0x09,
  0x5D, 0x00, 0x09, 0x09, 0x34, 0x4B, 0x0D, 0x01, 0x00, 0x00, 0x0F, 0x5E, 0x10, 0x01, 0x0F, 0x0F,
  0x32, 0x0F, 0x4C, 0x1B, 0x40, 0x4C, 0x07, 0x01, 0x04, 0x05, 0x09, 0x05, 0x04, 0x09, 0x7E, 0x00,
  0x03, 0x09, 0x0A, 0x09, 0x03, 0x0A, 0x7E, 0x00, 0x02, 0x0B, 0x0C, 0x0B, 0x02, 0x0C, 0x7E, 0x0E,
  0x01, 0x01, 0x0C, 0x00, 0x0C, 0x01, 0x00, 0x7E, 0x00, 0x0A, 0x00, 0x0B, 0x02, 0x0A, 0x0B, 0x65,
  0x08, 0x01, 0x05, 0x05, 0x06, 0x5D, 0x00, 0x06, 0x06, 0x31, 0x4B, 0x00, 0x0C, 0x0C, 0x09, 0x5D,
  0x00, 0x09, 0x09, 0x34, 0x4B, 0x0D, 0x01, 0x00, 0x00, 0x0F, 0x5E, 0x10, 0x01, 0x0F, 0x0F, 0x32,
  0x0F, 0x4C, 0x59, 0x40, 0x1E, 0x00, 0x00, 0x00, 0x1F, 0x00, 0x1F, 0x1E, 0x1D, 0x1C, 0x1B, 0x1A,
  0x19, 0x18, 0x17, 0x16, 0x15, 0x14, 0x13, 0x11, 0x11, 0x11, 0x11, 0x11, 0x11, 0x11, 0x11, 0x11,
  0x11, 0x08, 0x1D, 0x2B, 0x35, 0x35, 0x33, 0x35, 0x33, 0x35, 0x33, 0x35, 0x23, 0x35, 0x23, 0x35,
  0x23, 0x35, 0x21, 0x15, 0x23, 0x35, 0x23, 0x15, 0x33, 0x15, 0x33, 0x15, 0x23, 0x15, 0x23, 0x15,
  0x33, 0x35, 0x33, 0x15, 0x7D, 0x7D, 0x7D, 0x7D, 0x7D, 0x7D, 0x03, 0x6B, 0xFA, 0xFA, 0x7D, 0xFA,
  0xFA, 0x7D, 0xFA, 0xFA, 0x7D, 0x7D, 0x7D, 0x7D, 0x7D, 0x7D, 0x7D, 0x7D, 0xFA, 0x7D, 0x7D, 0x7D,
  0x7D, 0x7D, 0x7D, 0x7D, 0xFA, 0x00, 0x00, 0x00, 0x00, 0x01, 0x00, 0x7D, 0x00, 0x7D, 0x03, 0x6B,
  0x03, 0xE8, 0x00, 0x07, 0x00, 0x21, 0x40, 0x1E, 0x02, 0x01, 0x00, 0x00, 0x01, 0x5D, 0x00, 0x01,
  0x01, 0x31, 0x4B, 0x04, 0x01, 0x03, 0x03, 0x32, 0x03, 0x4C, 0x00, 0x00, 0x00, 0x07, 0x00, 0x07,
  0x11, 0x11, 0x11, 0x05, 0x08, 0x17, 0x2B, 0x25, 0x11, 0x23, 0x35, 0x21, 0x15, 0x23, 0x11, 0x01,
  0x77, 0xFA, 0x02, 0xEE, 0xFA, 0x7D, 0x02, 0xEE, 0x7D, 0x7D, 0xFD, 0x12, 0x00, 0x01, 0x00, 0x7D,
  0x00, 0x7D, 0x03, 0x6B, 0x03, 0xE8, 0x00, 0x0F, 0x00, 0x5F, 0x4B, 0xB0, 0x0A, 0x50, 0x58, 0x40,
  0x20, 0x06, 0x01, 0x00, 0x03, 0x07, 0x01, 0x00, 0x70, 0x05, 0x01, 0x01, 0x01, 0x02, 0x5D, 0x04,
  0x01, 0x02, 0x02, 0x31, 0x4B, 0x00, 0x03, 0x03, 0x07, 0x5D, 0x08, 0x01, 0x07, 0x07, 0x32, 0x07,
  0x4C, 0x1B, 0x40, 0x21, 0x06, 0x01, 0x00, 0x03, 0x07, 0x03, 0x00, 0x07, 0x7E, 0x05, 0x01, 0x01,
  0x01, 0x02, 0x5D, 0x04, 0x01, 0x02, 0x02, 0x31, 0x4B, 0x00, 0x03, 0x03, 0x07, 0x5D, 0x08, 0x01,
  0x07, 0x07, 0x32, 0x07, 0x4C, 0x59, 0x40, 0x10, 0x00, 0x00, 0x00, 0x0F, 0x00, 0x0F, 0x11, 0x11,
  0x11, 0x11, 0x11, 0x11, 0x11, 0x09, 0x08, 0x1B, 0x2B, 0x25, 0x11, 0x23, 0x35, 0x23, 0x11, 0x33,
  0x11, 0x33, 0x11, 0x33, 0x11, 0x23, 0x15, 0x23, 0x11, 0x01, 0x77, 0x7D, 0x7D, 0xFA, 0xFA, 0xFA,
  0x7D, 0x7D, 0x7D, 0x01, 0x77, 0x7D, 0x01, 0x77, 0xFE, 0x89, 0x01, 0x77, 0xFE, 0x89, 0x7D, 0xFE,
  0x89, 0x00, 0x00, 0x00, 0x00, 0x03, 0x00, 0x00, 0x00, 0x7D, 0x03, 0x6B, 0x03, 0xE8, 0x00, 0x13,
  0x00, 0x17, 0x00, 0x1B, 0x00, 0x49, 0x40, 0x46, 0x05, 0x01, 0x03, 0x0D, 0x01, 0x0B, 0x02, 0x03,
  0x0B, 0x65, 0x0C, 0x01, 0x0A, 0x08, 0x01, 0x00, 0x09, 0x0A, 0x00, 0x65, 0x00, 0x04, 0x04, 0x31,
  0x4B, 0x07, 0x01, 0x01, 0x01, 0x02, 0x5D, 0x06, 0x01, 0x02, 0x02, 0x34, 0x4B, 0x0E, 0x01, 0x09,
  0x09, 0x32, 0x09, 0x4C, 0x00, 0x00, 0x1B, 0x1A, 0x19, 0x18, 0x17, 0x16, 0x15, 0x14, 0x00, 0x13,
  0x00, 0x13, 0x11, 0x11, 0x11, 0x11, 0x11, 0x11, 0x11, 0x11, 0x11, 0x0F, 0x08, 0x1D, 0x2B, 0x25,
  0x35, 0x23, 0x35, 0x23, 0x11, 0x33, 0x35, 0x33, 0x35, 0x33, 0x15, 0x33, 0x15, 0x33, 0x11, 0x23,
  0x15, 0x23, 0x15, 0x27, 0x33, 0x11, 0x23, 0x13, 0x33, 0x11, 0x23, 0x01, 0x77, 0xFA, 0x7D, 0x7D,
  0xFA, 0x7D, 0xFA, 0x7D, 0x7D, 0xFA, 0xFA, 0x7D, 0x7D, 0xFA, 0x7D, 0x7D, 0x7D, 0x7D, 0x7D, 0x01,
  0x77, 0x7D, 0x7D, 0x7D, 0x7D, 0xFE, 0x89, 0x7D, 0x7D, 0xFA, 0x01, 0x77, 0xFE, 0x89, 0x01, 0x77,
  0xFF, 0xFF, 0x00, 0x00, 0x00, 0x7D, 0x03, 0x6B, 0x03, 0xE8, 0x00, 0x02, 0x00, 0x72, 0x00, 0x00,
  0x00, 0x01, 0x00, 0x00, 0x00, 0x7D, 0x03, 0xE8, 0x03, 0xE8, 0x00, 0x17, 0x00, 0x3D, 0x40, 0x3A,
  0x06, 0x01, 0x04, 0x09, 0x01, 0x01, 0x00, 0x04, 0x01, 0x65, 0x08, 0x01, 0x02, 0x02, 0x03, 0x5D,
  0x07, 0x05, 0x02, 0x03, 0x03, 0x31, 0x4B, 0x0A, 0x01, 0x00, 0x00, 0x0B, 0x5E, 0x0C, 0x01, 0x0B,
  0x0B, 0x32, 0x0B, 0x4C, 0x00, 0x00, 0x00, 0x17, 0x00, 0x17, 0x16, 0x15, 0x14, 0x13, 0x11, 0x11,
  0x11, 0x11, 0x11, 0x11, 0x11, 0x11, 0x11, 0x0D, 0x08, 0x1D, 0x2B, 0x37, 0x35, 0x33, 0x35, 0x23,
  0x35, 0x23, 0x11, 0x33, 0x11, 0x33, 0x11, 0x33, 0x11, 0x33, 0x11, 0x33, 0x11, 0x23, 0x15, 0x23,
  0x15, 0x33, 0x15, 0xFA, 0x7D, 0xFA, 0x7D, 0xFA, 0x7D, 0xFA, 0x7D, 0xFA, 0x7D, 0xFA, 0x7D, 0x7D,
  0x7D, 0xFA, 0x7D, 0x01, 0x77, 0xFE, 0x89, 0x01, 0x77, 0xFE, 0x89, 0x01, 0x77, 0xFE, 0x89, 0x7D,
  0xFA, 0x7D, 0x00, 0x00, 0x00, 0x01, 0x00, 0x00, 0x00, 0x7D, 0x03, 0x6B, 0x03, 0xE8, 0x00, 0x1F,
  0x00, 0xA6, 0x4B, 0xB0, 0x0A, 0x50, 0x58, 0x40, 0x3C, 0x05, 0x01, 0x03, 0x0C, 0x0B, 0x0C, 0x03,
  0x0B, 0x7E, 0x0D, 0x01, 0x0B, 0x02, 0x0C, 0x0B, 0x6E, 0x0E, 0x01, 0x0A, 0x01, 0x00, 0x00, 0x0A,
  0x70, 0x00, 0x0C, 0x0C, 0x04, 0x5D, 0x00, 0x04, 0x04, 0x31, 0x4B, 0x07, 0x01, 0x01, 0x01, 0x02,
  0x5D, 0x06, 0x01, 0x02, 0x02, 0x34, 0x4B, 0x08, 0x01, 0x00, 0x00, 0x09, 0x5E, 0x10, 0x0F, 0x02,
  0x09, 0x09, 0x32, 0x09, 0x4C, 0x1B, 0x40, 0x3E, 0x05, 0x01, 0x03, 0x0C, 0x0B, 0x0C, 0x03, 0x0B,
  0x7E, 0x0D, 0x01, 0x0B, 0x02, 0x0C, 0x0B, 0x02, 0x7C, 0x0E, 0x01, 0x0A, 0x01, 0x00, 0x01, 0x0A,
  0x00, 0x7E, 0x00, 0x0C, 0x0C, 0x04, 0x5D, 0x00, 0x04, 0x04, 0x31, 0x4B, 0x07, 0x01, 0x01, 0x01,
  0x02, 0x5D, 0x06, 0x01, 0x02, 0x02, 0x34, 0x4B, 0x08, 0x01, 0x00, 0x00, 0x09, 0x5E, 0x10, 0x0F,
  0x02, 0x09, 0x09, 0x32, 0x09, 0x4C, 0x59, 0x40, 0x1E, 0x00, 0x00, 0x00, 0x1F, 0x00, 0x1F, 0x1E,
  0x1D, 0x1C, 0x1B, 0x1A, 0x19, 0x18, 0x17, 0x16, 0x15, 0x14, 0x13, 0x11, 0x11, 0x11, 0x11, 0x11,
  0x11, 0x11, 0x11, 0x11, 0x11, 0x08, 0x1D, 0x2B, 0x35, 0x35, 0x33, 0x35, 0x23, 0x11, 0x33, 0x35,
  0x33, 0x35, 0x21, 0x15, 0x33, 0x15, 0x33, 0x11, 0x23, 0x15, 0x33, 0x15, 0x21, 0x35, 0x33, 0x11,
  0x23, 0x35, 0x23, 0x15, 0x23, 0x11, 0x33, 0x15, 0x7D, 0x7D, 0x7D, 0x7D, 0x01, 0x77, 0x7D, 0x7D,
  0x7D, 0x7D, 0xFE, 0x89, 0x7D, 0x7D, 0x7D, 0x7D, 0x7D, 0x7D, 0x7D, 0x7D, 0x01, 0x77, 0x7D, 0x7D,
  0x7D, 0x7D, 0xFE, 0x89, 0x7D, 0x7D, 0xFA, 0x01, 0x77, 0x7D, 0x7D, 0xFE, 0x89, 0xFA, 0x00, 0x00,
  0x00, 0x04, 0x00, 0x00, 0x00, 0x7D, 0x03, 0x6B, 0x03, 0xE8, 0x00, 0x0F, 0x00, 0x13, 0x00, 0x17,
  0x00, 0x1B, 0x00, 0x50, 0x40, 0x4D, 0x0F, 0x0B, 0x06, 0x03, 0x04, 0x0C, 0x01, 0x0A, 0x03, 0x04,
  0x0A, 0x65, 0x00, 0x0D, 0x00, 0x01, 0x00, 0x0D, 0x01, 0x65, 0x00, 0x08, 0x08, 0x05, 0x5D, 0x09,
  0x01, 0x05, 0x05, 0x31, 0x4B, 0x0E, 0x07, 0x02, 0x03, 0x03, 0x34, 0x4B, 0x02, 0x01, 0x00, 0x00,
  0x32, 0x00, 0x4C, 0x14, 0x14, 0x00, 0x00, 0x1B, 0x1A, 0x19, 0x18, 0x14, 0x17, 0x14, 0x17, 0x16,
  0x15, 0x13, 0x12, 0x11, 0x10, 0x00, 0x0F, 0x00, 0x0F, 0x11, 0x11, 0x11, 0x11, 0x11, 0x11, 0x11,
  0x10, 0x08, 0x1B, 0x2B, 0x01, 0x11, 0x23, 0x35, 0x23, 0x15, 0x23, 0x11, 0x33, 0x35, 0x33, 0x35,
  0x33, 0x15, 0x33, 0x15, 0x25, 0x23, 0x35, 0x33, 0x07, 0x15, 0x23, 0x35, 0x05, 0x23, 0x15, 0x33,
  0x03, 0x6B, 0xFA, 0xFA, 0xFA, 0x7D, 0x7D, 0xFA, 0x7D, 0xFE, 0x0C, 0x7D, 0x7D, 0x7D, 0x7D, 0x02,
  0x71, 0xFA, 0xFA, 0x02, 0xEE, 0xFD, 0x8F, 0xFA, 0xFA, 0x02, 0x71, 0x7D, 0x7D, 0x7D, 0x7D, 0x7D,
  0x7D, 0x7D, 0x7D, 0x7D, 0x7D, 0xFA, 0x00, 0x00, 0x00, 0x02, 0x00, 0x00, 0x00, 0x7D, 0x03, 0xE8,
  0x03, 0xE8, 0x00, 0x0D, 0x00, 0x11, 0x00, 0x3D, 0x40, 0x3A, 0x00, 0x07, 0x00, 0x08, 0x01, 0x07,
  0x08, 0x65, 0x00, 0x01, 0x00, 0x02, 0x03, 0x01, 0x02, 0x65, 0x05, 0x01, 0x00, 0x00, 0x06, 0x5D,
  0x09, 0x01, 0x06, 0x06, 0x31, 0x4B, 0x00, 0x03, 0x03, 0x04, 0x5D, 0x00, 0x04, 0x04, 0x32, 0x04,
  0x4C, 0x00, 0x00, 0x11, 0x10, 0x0F, 0x0E, 0x00, 0x0D, 0x00, 0x0D, 0x11, 0x11, 0x11, 0x11, 0x11,
  0x11, 0x0A, 0x08, 0x1A, 0x2B, 0x01, 0x15, 0x21, 0x15, 0x33, 0x15, 0x23, 0x15, 0x21, 0x15, 0x21,
  0x11, 0x23, 0x35, 0x07, 0x33, 0x15, 0x23, 0x03, 0xE8, 0xFE, 0x0C, 0xFA, 0xFA, 0x01, 0xF4, 0xFD,
  0x12, 0x7D, 0x7D, 0x7D, 0x7D, 0x03, 0xE8, 0x7D, 0xFA, 0x7D, 0xFA, 0x7D, 0x02, 0xEE, 0x7D, 0x7D,
  0x7D, 0x00, 0x00, 0x00, 0x00, 0x02, 0x00, 0x00, 0x00, 0x7D, 0x03, 0xE8, 0x03, 0xE8, 0x00, 0x0D,
  0x00, 0x11, 0x00, 0x39, 0x40, 0x36, 0x00, 0x07, 0x00, 0x08, 0x05, 0x07, 0x08, 0x65, 0x00, 0x05,
  0x00, 0x01, 0x00, 0x05, 0x01, 0x65, 0x00, 0x03, 0x03, 0x04, 0x5D, 0x09, 0x06, 0x02, 0x04, 0x04,
  0x31, 0x4B, 0x02, 0x01, 0x00, 0x00, 0x32, 0x00, 0x4C, 0x00, 0x00, 0x11, 0x10, 0x0F, 0x0E, 0x00,
  0x0D, 0x00, 0x0D, 0x11, 0x11, 0x11, 0x11, 0x11, 0x11, 0x0A, 0x08, 0x1A, 0x2B, 0x01, 0x11, 0x23,
  0x11, 0x23, 0x11, 0x23, 0x11, 0x23, 0x35, 0x21, 0x11, 0x33, 0x11, 0x05, 0x33, 0x15, 0x23, 0x03,
  0xE8, 0xFA, 0xFA, 0xFA, 0x7D, 0x01, 0x77, 0xFA, 0xFD, 0x12, 0x7D, 0x7D, 0x03, 0xE8, 0xFC, 0x95,
  0x01, 0x77, 0xFE, 0x89, 0x02, 0xEE, 0x7D, 0xFE, 0x89, 0x01, 0x77, 0x7D, 0x7D, 0x00, 0x00, 0x00,
  0x00, 0x03, 0x00, 0x00, 0x00, 0x7D, 0x03, 0x6B, 0x03, 0xE8, 0x00, 0x03, 0x00, 0x0F, 0x00, 0x13,
  0x00, 0x39, 0x40, 0x36, 0x00, 0x08, 0x00, 0x09, 0x03, 0x08, 0x09, 0x65, 0x06, 0x02, 0x02, 0x01,
  0x01, 0x00, 0x5D, 0x0A, 0x07, 0x02, 0x00, 0x00, 0x31, 0x4B, 0x05, 0x01, 0x03, 0x03, 0x04, 0x5D,
  0x00, 0x04, 0x04, 0x32, 0x04, 0x4C, 0x04, 0x04, 0x13, 0x12, 0x11, 0x10, 0x04, 0x0F, 0x04, 0x0F,
  0x11, 0x11, 0x11, 0x11, 0x12, 0x11, 0x10, 0x0B, 0x08, 0x1B, 0x2B, 0x13, 0x33, 0x15, 0x23, 0x25,
  0x15, 0x23, 0x11, 0x33, 0x15, 0x21, 0x35, 0x33, 0x11, 0x23, 0x35, 0x05, 0x33, 0x15, 0x23, 0x7D,
  0x7D, 0x7D, 0x02, 0xEE, 0x7D, 0x7D, 0xFE, 0x0C, 0x7D, 0x7D, 0xFE, 0x89, 0x7D, 0x7D, 0x03, 0xE8,
  0x7D, 0x7D, 0x7D, 0xFD, 0x8F, 0x7D, 0x7D, 0x02, 0x71, 0x7D, 0x7D, 0x7D, 0x00, 0x04, 0x00, 0x00,
  0x00, 0x7D, 0x03, 0xE8, 0x03, 0xE8, 0x00, 0x03, 0x00, 0x0F, 0x00, 0x13, 0x00, 0x17, 0x00, 0x4F,
  0x40, 0x4C, 0x00, 0x09, 0x02, 0x05, 0x09, 0x55, 0x08, 0x0D, 0x07, 0x03, 0x05, 0x04, 0x01, 0x02,
  0x0B, 0x05, 0x02, 0x65, 0x0A, 0x01, 0x00, 0x00, 0x01, 0x5D, 0x06, 0x0C, 0x02, 0x01, 0x01, 0x31,
  0x4B, 0x00, 0x0B, 0x0B, 0x03, 0x5D, 0x00, 0x03, 0x03, 0x32, 0x03, 0x4C, 0x04, 0x04, 0x00, 0x00,
  0x17, 0x16, 0x15, 0x14, 0x13, 0x12, 0x11, 0x10, 0x04, 0x0F, 0x04, 0x0F, 0x0E, 0x0D, 0x0C, 0x0B,
  0x0A, 0x09, 0x08, 0x07, 0x06, 0x05, 0x00, 0x03, 0x00, 0x03, 0x11, 0x0E, 0x08, 0x15, 0x2B, 0x13,
  0x15, 0x23, 0x35, 0x05, 0x11, 0x23, 0x15, 0x21, 0x35, 0x23, 0x11, 0x33, 0x35, 0x21, 0x15, 0x21,
  0x33, 0x15, 0x23, 0x25, 0x23, 0x11, 0x33, 0xFA, 0x7D, 0x03, 0x6B, 0x7D, 0xFE, 0x0C, 0x7D, 0x7D,
  0x01, 0xF4, 0xFC, 0x95, 0x7D, 0x7D, 0x02, 0xEE, 0xFA, 0xFA, 0x03, 0xE8, 0x7D, 0x7D, 0x7D, 0xFD,
  0x8F, 0x7D, 0x7D, 0x02, 0x71, 0x7D, 0x7D, 0x7D, 0x7D, 0xFD, 0x8F, 0x00, 0x00, 0x02, 0x00, 0x00,
  0x00, 0x7D, 0x03, 0xE8, 0x03, 0xE8, 0x00, 0x11, 0x00, 0x15, 0x00, 0x8C, 0x4B, 0xB0, 0x0A, 0x50,
  0x58, 0x40, 0x34, 0x03, 0x01, 0x01, 0x07, 0x02, 0x00, 0x01, 0x70, 0x00, 0x09, 0x00, 0x0A, 0x00,
  0x09, 0x0A, 0x65, 0x00, 0x05, 0x05, 0x06, 0x5D, 0x0B, 0x08, 0x02, 0x06, 0x06, 0x31, 0x4B, 0x04,
  0x01, 0x00, 0x00, 0x06, 0x5D, 0x0B, 0x08, 0x02, 0x06, 0x06, 0x31, 0x4B, 0x00, 0x07, 0x07, 0x02,
  0x5D, 0x00, 0x02, 0x02, 0x32, 0x02, 0x4C, 0x1B, 0x40, 0x35, 0x03, 0x01, 0x01, 0x07, 0x02, 0x07,
  0x01, 0x02, 0x7E, 0x00, 0x09, 0x00, 0x0A, 0x00, 0x09, 0x0A, 0x65, 0x00, 0x05, 0x05, 0x06, 0x5D,
  0x0B, 0x08, 0x02, 0x06, 0x06, 0x31, 0x4B, 0x04, 0x01, 0x00, 0x00, 0x06, 0x5D, 0x0B, 0x08, 0x02,
  0x06, 0x06, 0x31, 0x4B, 0x00, 0x07, 0x07, 0x02, 0x5D, 0x00, 0x02, 0x02, 0x32, 0x02, 0x4C, 0x59,
  0x40, 0x15, 0x00, 0x00, 0x15, 0x14, 0x13, 0x12, 0x00, 0x11, 0x00, 0x11, 0x11, 0x11, 0x11, 0x11,
  0x11, 0x11, 0x11, 0x11, 0x0C, 0x08, 0x1C, 0x2B, 0x01, 0x11, 0x23, 0x15, 0x23, 0x11, 0x23, 0x11,
  0x23, 0x35, 0x23, 0x35, 0x23, 0x35, 0x21, 0x11, 0x33, 0x11, 0x05, 0x33, 0x15, 0x23, 0x03, 0xE8,
  0x7D, 0x7D, 0xFA, 0x7D, 0x7D, 0x7D, 0x01, 0x77, 0xFA, 0xFD, 0x12, 0x7D, 0x7D, 0x03, 0xE8, 0xFE,
  0x89, 0x7D, 0xFE, 0x89, 0x01, 0x77, 0x7D, 0xFA, 0x7D, 0xFE, 0x89, 0x01, 0x77, 0x7D, 0x7D, 0x00,
  0x00, 0x03, 0x00, 0x00, 0x00, 0x7D, 0x03, 0xE8, 0x03, 0xE8, 0x00, 0x1F, 0x00, 0x23, 0x00, 0x27,
  0x00, 0xAF, 0x4B, 0xB0, 0x0A, 0x50, 0x58, 0x40, 0x3B, 0x07, 0x01, 0x03, 0x00, 0x01, 0x01, 0x03,
  0x70, 0x15, 0x13, 0x0E, 0x03, 0x0C, 0x12, 0x06, 0x02, 0x04, 0x0B, 0x0C, 0x04, 0x65, 0x10, 0x01,
  0x05, 0x05, 0x0D, 0x5D, 0x11, 0x01, 0x0D, 0x0D, 0x31, 0x4B, 0x0A, 0x01, 0x00, 0x00, 0x0B, 0x5D,
  0x14, 0x0F, 0x02, 0x0B, 0x0B, 0x34, 0x4B, 0x09, 0x01, 0x01, 0x01, 0x02, 0x5E, 0x08, 0x01, 0x02,
  0x02, 0x32, 0x02, 0x4C, 0x1B, 0x40, 0x3C, 0x07, 0x01, 0x03, 0x00, 0x01, 0x00, 0x03, 0x01, 0x7E,
  0x15, 0x13, 0x0E, 0x03, 0x0C, 0x12, 0x06, 0x02, 0x04, 0x0B, 0x0C, 0x04, 0x65, 0x10, 0x01, 0x05,
  0x05, 0x0D, 0x5D, 0x11, 0x01, 0x0D, 0x0D, 0x31, 0x4B, 0x0A, 0x01, 0x00, 0x00, 0x0B, 0x5D, 0x14,
  0x0F, 0x02, 0x0B, 0x0B, 0x34, 0x4B, 0x09, 0x01, 0x01, 0x01, 0x02, 0x5E, 0x08, 0x01, 0x02, 0x02,
  0x32, 0x02, 0x4C, 0x59, 0x40, 0x2A, 0x24, 0x24, 0x00, 0x00, 0x24, 0x27, 0x24, 0x27, 0x26, 0x25,
  0x23, 0x22, 0x21, 0x20, 0x00, 0x1F, 0x00, 0x1F, 0x1E, 0x1D, 0x1C, 0x1B, 0x1A, 0x19, 0x18, 0x17,
  0x16, 0x15, 0x14, 0x13, 0x11, 0x11, 0x11, 0x11, 0x11, 0x11, 0x11, 0x11, 0x11, 0x16, 0x08, 0x1D,
  0x2B, 0x01, 0x11, 0x23, 0x15, 0x33, 0x15, 0x21, 0x35, 0x33, 0x11, 0x23, 0x35, 0x23, 0x15, 0x23,
  0x11, 0x33, 0x15, 0x21, 0x35, 0x33, 0x35, 0x23, 0x11, 0x33, 0x35, 0x33, 0x35, 0x21, 0x15, 0x33,
  0x15, 0x25, 0x23, 0x35, 0x33, 0x07, 0x15, 0x23, 0x35, 0x03, 0xE8, 0x7D, 0x7D, 0xFE, 0x89, 0x7D,
  0x7D, 0x7D, 0x7D, 0x7D, 0xFE, 0x89, 0x7D, 0x7D, 0x7D, 0x7D, 0x01, 0x77, 0x7D, 0xFD, 0x8F, 0x7D,
  0x7D, 0x7D, 0x7D, 0x02, 0xEE, 0xFE, 0x89, 0x7D, 0x7D, 0xFA, 0x01, 0x77, 0x7D, 0x7D, 0xFE, 0x89,
  0xFA, 0x7D, 0x7D, 0x01, 0x77, 0x7D, 0x7D, 0x7D, 0x7D, 0x7D, 0x7D, 0x7D, 0x7D, 0x7D, 0x00, 0x00,
  0x00, 0x03, 0x00, 0x7D, 0x00, 0x7D, 0x03, 0x6B, 0x03, 0xE8, 0x00, 0x03, 0x00, 0x07, 0x00, 0x13,
  0x00, 0x4B, 0x40, 0x48, 0x0B, 0x03, 0x0A, 0x03, 0x01, 0x01, 0x00, 0x5D, 0x02, 0x01, 0x00, 0x00,
  0x31, 0x4B, 0x07, 0x01, 0x05, 0x05, 0x06, 0x5D, 0x00, 0x06, 0x06, 0x34, 0x4B, 0x08, 0x01, 0x04,
  0x04, 0x09, 0x5D, 0x0C, 0x01, 0x09, 0x09, 0x32, 0x09, 0x4C, 0x08, 0x08, 0x04, 0x04, 0x00, 0x00,
  0x08, 0x13, 0x08, 0x13, 0x12, 0x11, 0x10, 0x0F, 0x0E, 0x0D, 0x0C, 0x0B, 0x0A, 0x09, 0x04, 0x07,
  0x04, 0x07, 0x06, 0x05, 0x00, 0x03, 0x00, 0x03, 0x11, 0x0D, 0x08, 0x15, 0x2B, 0x13, 0x35, 0x33,
  0x15, 0x33, 0x35, 0x33, 0x15, 0x01, 0x35, 0x33, 0x11, 0x23, 0x35, 0x21, 0x15, 0x23, 0x11, 0x33,
  0x15, 0x7D, 0xFA, 0xFA, 0xFA, 0xFD, 0x12, 0xFA, 0xFA, 0x02, 0xEE, 0xFA, 0xFA, 0x03, 0x6B, 0x7D,
  0x7D, 0x7D, 0x7D, 0xFD, 0x12, 0x7D, 0x01, 0x77, 0x7D, 0x7D, 0xFE, 0x89, 0x7D, 0x00, 0x00, 0x00,
  0x00, 0x03, 0x00, 0x7D, 0x00, 0x7D, 0x03, 0x6B, 0x03, 0xE8, 0x00, 0x03, 0x00, 0x07, 0x00, 0x17,
  0x00, 0x91, 0x4B, 0xB0, 0x0A, 0x50, 0x58, 0x40, 0x2E, 0x0A, 0x01, 0x04, 0x07, 0x0B, 0x05, 0x04,
  0x70, 0x0D, 0x03, 0x0C, 0x03, 0x01, 0x01, 0x00, 0x5D, 0x02, 0x01, 0x00, 0x00, 0x31, 0x4B, 0x09,
  0x01, 0x05, 0x05, 0x06, 0x5D, 0x08, 0x01, 0x06, 0x06, 0x34, 0x4B, 0x00, 0x07, 0x07, 0x0B, 0x5D,
  0x0E, 0x01, 0x0B, 0x0B, 0x32, 0x0B, 0x4C, 0x1B, 0x40, 0x2F, 0x0A, 0x01, 0x04, 0x07, 0x0B, 0x07,
  0x04, 0x0B, 0x7E, 0x0D, 0x03, 0x0C, 0x03, 0x01, 0x01, 0x00, 0x5D, 0x02, 0x01, 0x00, 0x00, 0x31,
  0x4B, 0x09, 0x01, 0x05, 0x05, 0x06, 0x5D, 0x08, 0x01, 0x06, 0x06, 0x34, 0x4B, 0x00, 0x07, 0x07,
  0x0B, 0x5D, 0x0E, 0x01, 0x0B, 0x0B, 0x32, 0x0B, 0x4C, 0x59, 0x40, 0x26, 0x08, 0x08, 0x04, 0x04,
  0x00, 0x00, 0x08, 0x17, 0x08, 0x17, 0x16, 0x15, 0x14, 0x13, 0x12, 0x11, 0x10, 0x0F, 0x0E, 0x0D,
  0x0C, 0x0B, 0x0A, 0x09, 0x04, 0x07, 0x04, 0x07, 0x06, 0x05, 0x00, 0x03, 0x00, 0x03, 0x11, 0x0F,
  0x08, 0x15, 0x2B, 0x13, 0x35, 0x33, 0x15, 0x33, 0x35, 0x33, 0x15, 0x01, 0x35, 0x23, 0x35, 0x23,
  0x35, 0x33, 0x15, 0x33, 0x35, 0x33, 0x15, 0x23, 0x15, 0x23, 0x15, 0x7D, 0xFA, 0xFA, 0xFA, 0xFE,
  0x0C, 0x7D, 0x7D, 0xFA, 0xFA, 0xFA, 0x7D, 0x7D, 0x03, 0x6B, 0x7D, 0x7D, 0x7D, 0x7D, 0xFD, 0x12,
  0xFA, 0x7D, 0xFA, 0xFA, 0xFA, 0xFA, 0x7D, 0xFA, 0x00, 0x02, 0x00, 0x00, 0x00, 0x7D, 0x03, 0x6B,
  0x02, 0xEE, 0x00, 0x07, 0x00, 0x0B, 0x00, 0x31, 0x40, 0x2E, 0x00, 0x01, 0x00, 0x00, 0x04, 0x01,
  0x00, 0x65, 0x00, 0x05, 0x05, 0x02, 0x5D, 0x00, 0x02, 0x02, 0x34, 0x4B, 0x00, 0x04, 0x04, 0x03,
  0x5D, 0x06, 0x01, 0x03, 0x03, 0x32, 0x03, 0x4C, 0x00, 0x00, 0x0B, 0x0A, 0x09, 0x08, 0x00, 0x07,
  0x00, 0x07, 0x11, 0x11, 0x11, 0x07, 0x08, 0x17, 0x2B, 0x37, 0x35, 0x23, 0x11, 0x33, 0x35, 0x21,
  0x11, 0x25, 0x21, 0x11, 0x21, 0x7D, 0x7D, 0x7D, 0x02, 0xEE, 0xFD, 0x8F, 0x01, 0x77, 0xFE, 0x89,
  0x7D, 0x7D, 0x01, 0x77, 0x7D, 0xFD, 0x8F, 0x7D, 0x01, 0x77, 0x00, 0x00, 0x00, 0x03, 0x00, 0x00,
  0x00, 0x00, 0x03, 0x6B, 0x03, 0xE8, 0x00, 0x0F, 0x00, 0x13, 0x00, 0x17, 0x00, 0x52, 0x40, 0x4F,
  0x00, 0x03, 0x08, 0x00, 0x03, 0x55, 0x00, 0x08, 0x00, 0x0B, 0x04, 0x08, 0x0B, 0x65, 0x00, 0x04,
  0x00, 0x05, 0x0A, 0x04, 0x05, 0x65, 0x00, 0x09, 0x09, 0x01, 0x5D, 0x00, 0x01, 0x01, 0x31, 0x4B,
  0x00, 0x0A, 0x0A, 0x06, 0x5D, 0x00, 0x06, 0x06, 0x32, 0x4B, 0x02, 0x01, 0x00, 0x00, 0x07, 0x5D,
  0x0C, 0x01, 0x07, 0x07, 0x36, 0x07, 0x4C, 0x00, 0x00, 0x17, 0x16, 0x15, 0x14, 0x13, 0x12, 0x11,
  0x10, 0x00, 0x0F, 0x00, 0x0F, 0x11, 0x11, 0x11, 0x11, 0x11, 0x11, 0x11, 0x0D, 0x08, 0x1B, 0x2B,
  0x31, 0x11, 0x33, 0x35, 0x21, 0x15, 0x33, 0x15, 0x23, 0x15, 0x33, 0x15, 0x23, 0x15, 0x21, 0x15,
  0x11, 0x21, 0x35, 0x21, 0x11, 0x21, 0x35, 0x21, 0x7D, 0x02, 0x71, 0x7D, 0x7D, 0x7D, 0x7D, 0xFE,
  0x0C, 0x01, 0x77, 0xFE, 0x89, 0x01, 0x77, 0xFE, 0x89, 0x03, 0x6B, 0x7D, 0x7D, 0xFA, 0x7D, 0xFA,
  0x7D, 0x7D, 0x02, 0x71, 0xFA, 0xFD, 0x8F, 0xFA, 0x00, 0x01, 0x00, 0x00, 0x00, 0x00, 0x03, 0x6B,
  0x02, 0xEE, 0x00, 0x13, 0x00, 0x41, 0x40, 0x3E, 0x00, 0x04, 0x08, 0x01, 0x00, 0x09, 0x04, 0x00,
  0x65, 0x00, 0x02, 0x02, 0x03, 0x5D, 0x06, 0x01, 0x03, 0x03, 0x34, 0x4B, 0x07, 0x01, 0x01, 0x01,
  0x03, 0x5D, 0x06, 0x01, 0x03, 0x03, 0x34, 0x4B, 0x00, 0x05, 0x05, 0x09, 0x5D, 0x0A, 0x01, 0x09,
  0x09, 0x36, 0x09, 0x4C, 0x00, 0x00, 0x00, 0x13, 0x00, 0x13, 0x11, 0x11, 0x11, 0x11, 0x11, 0x11,
  0x11, 0x11, 0x11, 0x0B, 0x08, 0x1D, 0x2B, 0x21, 0x35, 0x23, 0x35, 0x23, 0x35, 0x23, 0x35, 0x33,
  0x15, 0x33, 0x15, 0x33, 0x11, 0x33, 0x11, 0x23, 0x15, 0x23, 0x15, 0x01, 0x77, 0x7D, 0x7D, 0x7D,
  0xFA, 0x7D, 0xFA, 0xFA, 0x7D, 0x7D, 0xFA, 0x7D, 0xFA, 0x7D, 0x7D, 0xFA, 0x01, 0x77, 0xFE, 0x89,
  0x7D, 0xFA, 0x00, 0x00, 0x00, 0x02, 0x00, 0x00, 0x00, 0x7D, 0x03, 0x6B, 0x03, 0xE8, 0x00, 0x15,
  0x00, 0x19, 0x00, 0x50, 0x40, 0x4D, 0x00, 0x04, 0x00, 0x03, 0x07, 0x04, 0x03, 0x65, 0x08, 0x01,
  0x02, 0x00, 0x0C, 0x01, 0x02, 0x0C, 0x65, 0x00, 0x01, 0x09, 0x01, 0x00, 0x0B, 0x01, 0x00, 0x65,
  0x00, 0x06, 0x06, 0x05, 0x5D, 0x00, 0x05, 0x05, 0x31, 0x4B, 0x00, 0x07, 0x07, 0x34, 0x4B, 0x00,
  0x0B, 0x0B, 0x0A, 0x5E, 0x0D, 0x01, 0x0A, 0x0A, 0x32, 0x0A, 0x4C, 0x00, 0x00, 0x19, 0x18, 0x17,
  0x16, 0x00, 0x15, 0x00, 0x15, 0x14, 0x13, 0x11, 0x11, 0x11, 0x11, 0x11, 0x11, 0x11, 0x11, 0x11,
  0x0E, 0x08, 0x1D, 0x2B, 0x37, 0x35, 0x23, 0x35, 0x33, 0x35, 0x21, 0x35, 0x23, 0x35, 0x33, 0x35,
  0x21, 0x15, 0x23, 0x15, 0x33, 0x15, 0x33, 0x11, 0x23, 0x15, 0x25, 0x21, 0x35, 0x21, 0x7D, 0x7D,
  0x7D, 0x01, 0x77, 0x7D, 0x7D, 0x01, 0x77, 0xFA, 0x7D, 0x7D, 0x7D, 0xFE, 0x0C, 0x01, 0x77, 0xFE,
  0x89, 0x7D, 0x7D, 0xFA, 0x7D, 0x7D, 0x7D, 0x7D, 0x7D, 0x7D, 0x7D, 0xFE, 0x89, 0x7D, 0x7D, 0xFA,
  0x00, 0x01, 0x00, 0x00, 0x00, 0x7D, 0x03, 0x6B, 0x02, 0xEE, 0x00, 0x13, 0x00, 0x43, 0x40, 0x40,
  0x00, 0x03, 0x00, 0x02, 0x06, 0x03, 0x02, 0x65, 0x00, 0x06, 0x00, 0x07, 0x01, 0x06, 0x07, 0x65,
  0x00, 0x01, 0x00, 0x00, 0x08, 0x01, 0x00, 0x65, 0x00, 0x05, 0x05, 0x04, 0x5D, 0x00, 0x04, 0x04,
  0x34, 0x4B, 0x00, 0x08, 0x08, 0x09, 0x5D, 0x0A, 0x01, 0x09, 0x09, 0x32, 0x09, 0x4C, 0x00, 0x00,
  0x00, 0x13, 0x00, 0x13, 0x11, 0x11, 0x11, 0x11, 0x11, 0x11, 0x11, 0x11, 0x11, 0x0B, 0x08, 0x1D,
  0x2B, 0x37, 0x35, 0x23, 0x35, 0x33, 0x35, 0x23, 0x35, 0x33, 0x35, 0x21, 0x15, 0x21, 0x15, 0x21,
  0x15, 0x21, 0x15, 0x21, 0x15, 0x7D, 0x7D, 0x7D, 0x7D, 0x7D, 0x02, 0xEE, 0xFD, 0x8F, 0x01, 0xF4,
  0xFE, 0x0C, 0x02, 0x71, 0x7D, 0x7D, 0x7D, 0x7D, 0x7D, 0x7D, 0x7D, 0x7D, 0x7D, 0x7D, 0x7D, 0x00,
  0x00, 0x01, 0x00, 0x00, 0x00, 0x00, 0x03, 0x6B, 0x03, 0xE8, 0x00, 0x1B, 0x00, 0xB3, 0x4B, 0xB0,
  0x0A, 0x50, 0x58, 0x40, 0x45, 0x00, 0x08, 0x05, 0x04, 0x05, 0x08, 0x70, 0x00, 0x09, 0x04, 0x03,
  0x04, 0x09, 0x03, 0x7E, 0x00, 0x03, 0x00, 0x02, 0x0A, 0x03, 0x02, 0x65, 0x00, 0x0A, 0x00, 0x01,
  0x0B, 0x0A, 0x01, 0x66, 0x07, 0x01, 0x05, 0x05, 0x06, 0x5D, 0x00, 0x06, 0x06, 0x31, 0x4B, 0x00,
  0x04, 0x04, 0x34, 0x4B, 0x00, 0x0B, 0x0B, 0x0C, 0x5D, 0x00, 0x0C, 0x0C, 0x32, 0x4B, 0x00, 0x00,
  0x00, 0x0D, 0x5D, 0x0E, 0x01, 0x0D, 0x0D, 0x36, 0x0D, 0x4C, 0x1B, 0x40, 0x46, 0x00, 0x08, 0x05,
  0x04, 0x05, 0x08, 0x04, 0x7E, 0x00, 0x09, 0x04, 0x03, 0x04, 0x09, 0x03, 0x7E, 0x00, 0x03, 0x00,
  0x02, 0x0A, 0x03, 0x02, 0x65, 0x00, 0x0A, 0x00, 0x01, 0x0B, 0x0A, 0x01, 0x66, 0x07, 0x01, 0x05,
  0x05, 0x06, 0x5D, 0x00, 0x06, 0x06, 0x31, 0x4B, 0x00, 0x04, 0x04, 0x34, 0x4B, 0x00, 0x0B, 0x0B,
  0x0C, 0x5D, 0x00, 0x0C, 0x0C, 0x32, 0x4B, 0x00, 0x00, 0x00, 0x0D, 0x5D, 0x0E, 0x01, 0x0D, 0x0D,
  0x36, 0x0D, 0x4C, 0x59, 0x40, 0x1A, 0x00, 0x00, 0x00, 0x1B, 0x00, 0x1B, 0x1A, 0x19, 0x18, 0x17,
  0x16, 0x15, 0x14, 0x13, 0x11, 0x11, 0x11, 0x11, 0x11, 0x11, 0x11, 0x11, 0x11, 0x0F, 0x08, 0x1D,
  0x2B, 0x21, 0x35, 0x33, 0x35, 0x21, 0x35, 0x23, 0x35, 0x33, 0x35, 0x33, 0x35, 0x23, 0x35, 0x21,
  0x15, 0x23, 0x15, 0x23, 0x15, 0x23, 0x15, 0x21, 0x15, 0x33, 0x15, 0x23, 0x15, 0x01, 0xF4, 0x7D,
  0xFE, 0x0C, 0x7D, 0x7D, 0x7D, 0x7D, 0x02, 0x71, 0xFA, 0x7D, 0x7D, 0x01, 0xF4, 0x7D, 0x7D, 0x7D,
  0x7D, 0x7D, 0xFA, 0x7D, 0x7D, 0x7D, 0x7D, 0x7D, 0x7D, 0xFA, 0x7D, 0x7D, 0x7D, 0x00, 0x00, 0x00,
  0x00, 0x02, 0x00, 0x00, 0x00, 0x00, 0x03, 0x6B, 0x02, 0xEE, 0x00, 0x07, 0x00, 0x0F, 0x00, 0x38,
  0x40, 0x35, 0x05, 0x01, 0x02, 0x02, 0x03, 0x5D, 0x06, 0x01, 0x03, 0x03, 0x34, 0x4B, 0x08, 0x07,
  0x02, 0x00, 0x00, 0x01, 0x5D, 0x00, 0x01, 0x01, 0x32, 0x4B, 0x08, 0x07, 0x02, 0x00, 0x00, 0x04,
  0x5D, 0x00, 0x04, 0x04, 0x36, 0x04, 0x4C, 0x08, 0x08, 0x08, 0x0F, 0x08, 0x0F, 0x11, 0x11, 0x12,
  0x11, 0x11, 0x11, 0x10, 0x09, 0x08, 0x1B, 0x2B, 0x13, 0x33, 0x11, 0x23, 0x11, 0x23, 0x35, 0x33,
  0x05, 0x11, 0x23, 0x11, 0x23, 0x35, 0x21, 0x15, 0xFA, 0x7D, 0xFA, 0x7D, 0xFA, 0x02, 0x71, 0xFA,
  0xFA, 0x01, 0x77, 0x02, 0x71, 0xFE, 0x0C, 0x01, 0xF4, 0x7D, 0x7D, 0xFD, 0x8F, 0x02, 0x71, 0x7D,
  0x7D, 0x00, 0x00, 0x00, 0x00, 0x03, 0x00, 0x00, 0x00, 0x7D, 0x03, 0x6B, 0x03, 0xE8, 0x00, 0x13,
  0x00, 0x1B, 0x00, 0x23, 0x00, 0xBA, 0x4B, 0xB0, 0x0A, 0x50, 0x58, 0x40, 0x44, 0x0D, 0x01, 0x0B,
  0x03, 0x02, 0x0C, 0x0B, 0x70, 0x11, 0x01, 0x0F, 0x01, 0x00, 0x0E, 0x0F, 0x70, 0x00, 0x0A, 0x00,
  0x10, 0x01, 0x0A, 0x10, 0x65, 0x05, 0x01, 0x03, 0x08, 0x01, 0x00, 0x0E, 0x03, 0x00, 0x65, 0x00,
  0x0C, 0x0C, 0x04, 0x5D, 0x00, 0x04, 0x04, 0x31, 0x4B, 0x07, 0x01, 0x01, 0x01, 0x02, 0x5D, 0x06,
  0x01, 0x02, 0x02, 0x34, 0x4B, 0x00, 0x0E, 0x0E, 0x09, 0x5E, 0x12, 0x01, 0x09, 0x09, 0x32, 0x09,
  0x4C, 0x1B, 0x40, 0x46, 0x0D, 0x01, 0x0B, 0x03, 0x02, 0x03, 0x0B, 0x02, 0x7E, 0x11, 0x01, 0x0F,
  0x01, 0x00, 0x01, 0x0F, 0x00, 0x7E, 0x00, 0x0A, 0x00, 0x10, 0x01, 0x0A, 0x10, 0x65, 0x05, 0x01,
  0x03, 0x08, 0x01, 0x00, 0x0E, 0x03, 0x00, 0x65, 0x00, 0x0C, 0x0C, 0x04, 0x5D, 0x00, 0x04, 0x04,
  0x31, 0x4B, 0x07, 0x01, 0x01, 0x01, 0x02, 0x5D, 0x06, 0x01, 0x02, 0x02, 0x34, 0x4B, 0x00, 0x0E,
  0x0E, 0x09, 0x5E, 0x12, 0x01, 0x09, 0x09, 0x32, 0x09, 0x4C, 0x59, 0x40, 0x22, 0x00, 0x00, 0x23,
  0x22, 0x21, 0x20, 0x1F, 0x1E, 0x1D, 0x1C, 0x1B, 0x1A, 0x19, 0x18, 0x17, 0x16, 0x15, 0x14, 0x00,
  0x13, 0x00, 0x13, 0x11, 0x11, 0x11, 0x11, 0x11, 0x11, 0x11, 0x11, 0x11, 0x13, 0x08, 0x1D, 0x2B,
  0x37, 0x35, 0x23, 0x35, 0x23, 0x11, 0x33, 0x35, 0x33, 0x35, 0x21, 0x15, 0x33, 0x15, 0x33, 0x11,
  0x23, 0x15, 0x23, 0x15, 0x01, 0x21, 0x35, 0x23, 0x35, 0x23, 0x15, 0x23, 0x13, 0x33, 0x35, 0x33,
  0x35, 0x21, 0x15, 0x33, 0xFA, 0x7D, 0x7D, 0x7D, 0x7D, 0x01, 0x77, 0x7D, 0x7D, 0x7D, 0x7D, 0xFE,
  0x89, 0x01, 0x77, 0x7D, 0x7D, 0x7D, 0x7D, 0x7D, 0x7D, 0xFE, 0x89, 0x7D, 0x7D, 0x7D, 0x7D, 0x01,
  0x77, 0x7D, 0x7D, 0x7D, 0x7D, 0xFE, 0x89, 0x7D, 0x7D, 0x01, 0xF4, 0x7D, 0x7D, 0x7D, 0xFE, 0x0C,
  0x7D, 0x7D, 0x7D, 0x00, 0x00, 0x01, 0x00, 0x7D, 0x00, 0x7D, 0x02, 0xEE, 0x02, 0xEE, 0x00, 0x09,
  0x00, 0x2E, 0x40, 0x2B, 0x00, 0x00, 0x01, 0x03, 0x01, 0x00, 0x03, 0x7E, 0x00, 0x01, 0x01, 0x02,
  0x5D, 0x00, 0x02, 0x02, 0x34, 0x4B, 0x00, 0x03, 0x03, 0x04, 0x5D, 0x05, 0x01, 0x04, 0x04, 0x32,
  0x04, 0x4C, 0x00, 0x00, 0x00, 0x09, 0x00, 0x09, 0x11, 0x11, 0x11, 0x11, 0x06, 0x08, 0x18, 0x2B,
  0x25, 0x35, 0x23, 0x11, 0x23, 0x35, 0x21, 0x11, 0x33, 0x15, 0x01, 0x77, 0x7D, 0x7D, 0x01, 0x77,
  0xFA, 0x7D, 0x7D, 0x01, 0x77, 0x7D, 0xFE, 0x0C, 0x7D, 0x00, 0x00, 0x00, 0x00, 0x01, 0x00, 0x00,
  0x00, 0x7D, 0x03, 0x6B, 0x02, 0xEE, 0x00, 0x17, 0x00, 0x92, 0x4B, 0xB0, 0x0A, 0x50, 0x58, 0x40,
  0x36, 0x00, 0x05, 0x02, 0x01, 0x04, 0x05, 0x70, 0x00, 0x06, 0x0A, 0x09, 0x07, 0x06, 0x70, 0x00,
  0x01, 0x00, 0x0A, 0x06, 0x01, 0x0A, 0x65, 0x00, 0x02, 0x00, 0x09, 0x07, 0x02, 0x09, 0x65, 0x00,
  0x04, 0x04, 0x00, 0x5D, 0x03, 0x01, 0x00, 0x00, 0x34, 0x4B, 0x00, 0x07, 0x07, 0x08, 0x5E, 0x0C,
  0x0B, 0x02, 0x08, 0x08, 0x32, 0x08, 0x4C, 0x1B, 0x40, 0x38, 0x00, 0x05, 0x02, 0x01, 0x02, 0x05,
  0x01, 0x7E, 0x00, 0x06, 0x0A, 0x09, 0x0A, 0x06, 0x09, 0x7E, 0x00, 0x01, 0x00, 0x0A, 0x06, 0x01,
  0x0A, 0x65, 0x00, 0x02, 0x00, 0x09, 0x07, 0x02, 0x09, 0x65, 0x00, 0x04, 0x04, 0x00, 0x5D, 0x03,
  0x01, 0x00, 0x00, 0x34, 0x4B, 0x00, 0x07, 0x07, 0x08, 0x5E, 0x0C, 0x0B, 0x02, 0x08, 0x08, 0x32,
  0x08, 0x4C, 0x59, 0x40, 0x16, 0x00, 0x00, 0x00, 0x17, 0x00, 0x17, 0x16, 0x15, 0x14, 0x13, 0x11,
  0x11, 0x11, 0x11, 0x11, 0x11, 0x11, 0x11, 0x11, 0x0D, 0x08, 0x1D, 0x2B, 0x35, 0x11, 0x33, 0x15,
  0x33, 0x35, 0x33, 0x35, 0x33, 0x15, 0x23, 0x15, 0x23, 0x15, 0x33, 0x15, 0x33, 0x15, 0x23, 0x35,
  0x23, 0x35, 0x23, 0x15, 0xFA, 0xFA, 0x7D, 0xFA, 0x7D, 0x7D, 0x7D, 0x7D, 0xFA, 0x7D, 0xFA, 0x7D,
  0x02, 0x71, 0xFA, 0x7D, 0x7D, 0x7D, 0x7D, 0x7D, 0x7D, 0x7D, 0x7D, 0x7D, 0xFA, 0x00, 0x00, 0x00,
  0x00, 0x01, 0x00, 0x00, 0x00, 0x7D, 0x03, 0x6B, 0x03, 0xE8, 0x00, 0x1D, 0x00, 0xAC, 0x4B, 0xB0,
  0x0A, 0x50, 0x58, 0x40, 0x40, 0x00, 0x02, 0x05, 0x06, 0x03, 0x02, 0x70, 0x08, 0x01, 0x01, 0x0C,
  0x0B, 0x00, 0x01, 0x70, 0x00, 0x05, 0x02, 0x0B, 0x05, 0x55, 0x00, 0x07, 0x0D, 0x01, 0x0B, 0x00,
  0x07, 0x0B, 0x65, 0x00, 0x03, 0x03, 0x04, 0x5D, 0x00, 0x04, 0x04, 0x31, 0x4B, 0x00, 0x0C, 0x0C,
  0x06, 0x5D, 0x00, 0x06, 0x06, 0x34, 0x4B, 0x09, 0x01, 0x00, 0x00, 0x0A, 0x5E, 0x0F, 0x0E, 0x02,
  0x0A, 0x0A, 0x32, 0x0A, 0x4C, 0x1B, 0x40, 0x42, 0x00, 0x02, 0x05, 0x06, 0x05, 0x02, 0x06, 0x7E,
  0x08, 0x01, 0x01, 0x0C, 0x0B, 0x0C, 0x01, 0x0B, 0x7E, 0x00, 0x05, 0x02, 0x0B, 0x05, 0x55, 0x00,
  0x07, 0x0D, 0x01, 0x0B, 0x00, 0x07, 0x0B, 0x65, 0x00, 0x03, 0x03, 0x04, 0x5D, 0x00, 0x04, 0x04,
  0x31, 0x4B, 0x00, 0x0C, 0x0C, 0x06, 0x5D, 0x00, 0x06, 0x06, 0x34, 0x4B, 0x09, 0x01, 0x00, 0x00,
  0x0A, 0x5E, 0x0F, 0x0E, 0x02, 0x0A, 0x0A, 0x32, 0x0A, 0x4C, 0x59, 0x40, 0x1C, 0x00, 0x00, 0x00,
  0x1D, 0x00, 0x1D, 0x1C, 0x1B, 0x1A, 0x19, 0x18, 0x17, 0x16, 0x15, 0x14, 0x13, 0x11, 0x11, 0x11,
  0x11, 0x11, 0x11, 0x11, 0x11, 0x11, 0x10, 0x08, 0x1D, 0x2B, 0x35, 0x35, 0x33, 0x35, 0x33, 0x35,
  0x23, 0x35, 0x23, 0x35, 0x33, 0x15, 0x33, 0x15, 0x33, 0x15, 0x33, 0x15, 0x33, 0x15, 0x33, 0x15,
  0x23, 0x35, 0x23, 0x35, 0x23, 0x15, 0x23, 0x15, 0x7D, 0x7D, 0x7D, 0x7D, 0xFA, 0x7D, 0x7D, 0x7D,
  0x7D, 0x7D, 0xFA, 0x7D, 0x7D, 0x7D, 0x7D, 0xFA, 0x7D, 0xFA, 0x7D, 0x7D, 0x7D, 0x7D, 0x7D, 0x7D,
  0x7D, 0xFA, 0xFA, 0x7D, 0x7D, 0xFA, 0x00, 0x00, 0x00, 0x02, 0x00, 0x00, 0x00, 0x00, 0x03, 0x6B,
  0x02, 0xEE, 0x00, 0x07, 0x00, 0x0F, 0x00, 0x31, 0x40, 0x2E, 0x00, 0x05, 0x05, 0x03, 0x5D, 0x06,
  0x01, 0x03, 0x03, 0x34, 0x4B, 0x08, 0x07, 0x02, 0x00, 0x00, 0x01, 0x5D, 0x04, 0x01, 0x01, 0x01,
  0x32, 0x4B, 0x00, 0x02, 0x02, 0x36, 0x02, 0x4C, 0x08, 0x08, 0x08, 0x0F, 0x08, 0x0F, 0x11, 0x11,
  0x12, 0x11, 0x11, 0x11, 0x10, 0x09, 0x08, 0x1B, 0x2B, 0x37, 0x33, 0x15, 0x23, 0x15, 0x23, 0x11,
  0x33, 0x01, 0x15, 0x23, 0x35, 0x23, 0x11, 0x33, 0x11, 0xFA, 0xFA, 0xFA, 0xFA, 0xFA, 0x02, 0x71,
  0xFA, 0x7D, 0xFA, 0xFA, 0x7D, 0x7D, 0x02, 0xEE, 0xFE, 0x0C, 0x7D, 0x7D, 0x01, 0xF4, 0xFE, 0x0C,
  0x00, 0x01, 0x00, 0x00, 0x00, 0x7D, 0x03, 0x6B, 0x02, 0xEE, 0x00, 0x13, 0x00, 0x41, 0x40, 0x3E,
  0x00, 0x04, 0x08, 0x01, 0x00, 0x09, 0x04, 0x00, 0x65, 0x00, 0x02, 0x02, 0x03, 0x5D, 0x06, 0x01,
  0x03, 0x03, 0x34, 0x4B, 0x07, 0x01, 0x01, 0x01, 0x03, 0x5D, 0x06, 0x01, 0x03, 0x03, 0x34, 0x4B,
  0x00, 0x05, 0x05, 0x09, 0x5D, 0x0A, 0x01, 0x09, 0x09, 0x32, 0x09, 0x4C, 0x00, 0x00, 0x00, 0x13,
  0x00, 0x13, 0x11, 0x11, 0x11, 0x11, 0x11, 0x11, 0x11, 0x11, 0x11, 0x0B, 0x08, 0x1D, 0x2B, 0x25,
  0x35, 0x23, 0x35, 0x23, 0x35, 0x23, 0x35, 0x33, 0x15, 0x33, 0x15, 0x33, 0x11, 0x33, 0x11, 0x23,
  0x15, 0x23, 0x15, 0x01, 0x77, 0x7D, 0x7D, 0x7D, 0xFA, 0x7D, 0xFA, 0xFA, 0x7D, 0x7D, 0x7D, 0x7D,
  0x7D, 0xFA, 0x7D, 0x7D, 0xFA, 0x01, 0x77, 0xFE, 0x89, 0x7D, 0x7D, 0x00, 0x00, 0x01, 0x00, 0x00,
  0x00, 0x00, 0x02, 0xEE, 0x03, 0xE8, 0x00, 0x1F, 0x00, 0xCF, 0x4B, 0xB0, 0x0A, 0x50, 0x58, 0x40,
  0x51, 0x00, 0x05, 0x06, 0x09, 0x06, 0x05, 0x70, 0x00, 0x04, 0x0A, 0x0B, 0x0A, 0x04, 0x0B, 0x7E,
  0x00, 0x0B, 0x03, 0x0A, 0x0B, 0x03, 0x7C, 0x00, 0x03, 0x00, 0x02, 0x0C, 0x03, 0x02, 0x65, 0x00,
  0x0C, 0x00, 0x01, 0x0D, 0x0C, 0x01, 0x66, 0x08, 0x01, 0x06, 0x06, 0x07, 0x5D, 0x00, 0x07, 0x07,
  0x31, 0x4B, 0x00, 0x0A, 0x0A, 0x09, 0x5D, 0x00, 0x09, 0x09, 0x34, 0x4B, 0x00, 0x0D, 0x0D, 0x0E,
  0x5D, 0x00, 0x0E, 0x0E, 0x32, 0x4B, 0x00, 0x00, 0x00, 0x0F, 0x5D, 0x10, 0x01, 0x0F, 0x0F, 0x36,
  0x0F, 0x4C, 0x1B, 0x40, 0x52, 0x00, 0x05, 0x06, 0x09, 0x06, 0x05, 0x09, 0x7E, 0x00, 0x04, 0x0A,
  0x0B, 0x0A, 0x04, 0x0B, 0x7E, 0x00, 0x0B, 0x03, 0x0A, 0x0B, 0x03, 0x7C, 0x00, 0x03, 0x00, 0x02,
  0x0C, 0x03, 0x02, 0x65, 0x00, 0x0C, 0x00, 0x01, 0x0D, 0x0C, 0x01, 0x66, 0x08, 0x01, 0x06, 0x06,
  0x07, 0x5D, 0x00, 0x07, 0x07, 0x31, 0x4B, 0x00, 0x0A, 0x0A, 0x09, 0x5D, 0x00, 0x09, 0x09, 0x34,
  0x4B, 0x00, 0x0D, 0x0D, 0x0E, 0x5D, 0x00, 0x0E, 0x0E, 0x32, 0x4B, 0x00, 0x00, 0x00, 0x0F, 0x5D,
  0x10, 0x01, 0x0F, 0x0F, 0x36, 0x0F, 0x4C, 0x59, 0x40, 0x1E, 0x00, 0x00, 0x00, 0x1F, 0x00, 0x1F,
  0x1E, 0x1D, 0x1C, 0x1B, 0x1A, 0x19, 0x18, 0x17, 0x16, 0x15, 0x14, 0x13, 0x11, 0x11, 0x11, 0x11,
  0x11, 0x11, 0x11, 0x11, 0x11, 0x11, 0x08, 0x1D, 0x2B, 0x21, 0x35, 0x33, 0x35, 0x21, 0x35, 0x23,
  0x35, 0x33, 0x35, 0x33, 0x35, 0x23, 0x35, 0x23, 0x35, 0x21, 0x15, 0x21, 0x15, 0x33, 0x15, 0x23,
  0x15, 0x23, 0x15, 0x21, 0x15, 0x33, 0x15, 0x23, 0x15, 0x01, 0x77, 0x7D, 0xFE, 0x89, 0x7D, 0x7D,
  0x7D, 0x7D, 0x7D, 0x02, 0xEE, 0xFE, 0x89, 0xFA, 0xFA, 0x7D, 0x01, 0x77, 0x7D, 0x7D, 0x7D, 0x7D,
  0x7D, 0x7D, 0x7D, 0x7D, 0x7D, 0x7D, 0x7D, 0x7D, 0x7D, 0x7D, 0x7D, 0x7D, 0x7D, 0x7D, 0x00, 0x00,
  0x00, 0x02, 0x00, 0x00, 0x00, 0x7D, 0x03, 0x6B, 0x02, 0xEE, 0x00, 0x0B, 0x00, 0x0F, 0x00, 0x35,
  0x40, 0x32, 0x03, 0x01, 0x01, 0x04, 0x01, 0x00, 0x06, 0x01, 0x00, 0x65, 0x00, 0x07, 0x07, 0x02,
  0x5D, 0x00, 0x02, 0x02, 0x34, 0x4B, 0x00, 0x06, 0x06, 0x05, 0x5D, 0x08, 0x01, 0x05, 0x05, 0x32,
  0x05, 0x4C, 0x00, 0x00, 0x0F, 0x0E, 0x0D, 0x0C, 0x00, 0x0B, 0x00, 0x0B, 0x11, 0x11, 0x11, 0x11,
  0x11, 0x09, 0x08, 0x19, 0x2B, 0x37, 0x35, 0x23, 0x11, 0x33, 0x35, 0x21, 0x15, 0x33, 0x11, 0x23,
  0x15, 0x25, 0x21, 0x11, 0x21, 0x7D, 0x7D, 0x7D, 0x02, 0x71, 0x7D, 0x7D, 0xFE, 0x0C, 0x01, 0x77,
  0xFE, 0x89, 0x7D, 0x7D, 0x01, 0x77, 0x7D, 0x7D, 0xFE, 0x89, 0x7D, 0x7D, 0x01, 0x77, 0x00, 0x00,
  0x00, 0x01, 0x00, 0x00, 0x00, 0x7D, 0x03, 0x6B, 0x02, 0xEE, 0x00, 0x11, 0x00, 0x36, 0x40, 0x33,
  0x00, 0x06, 0x01, 0x00, 0x01, 0x06, 0x00, 0x7E, 0x07, 0x03, 0x02, 0x01, 0x01, 0x02, 0x5D, 0x00,
  0x02, 0x02, 0x34, 0x4B, 0x04, 0x01, 0x00, 0x00, 0x05, 0x5D, 0x09, 0x08, 0x02, 0x05, 0x05, 0x32,
  0x05, 0x4C, 0x00, 0x00, 0x00, 0x11, 0x00, 0x11, 0x11, 0x11, 0x11, 0x11, 0x11, 0x11, 0x11, 0x11,
  0x0A, 0x08, 0x1C, 0x2B, 0x35, 0x35, 0x33, 0x11, 0x23, 0x35, 0x21, 0x15, 0x23, 0x11, 0x33, 0x15,
  0x23, 0x35, 0x23, 0x11, 0x23, 0x11, 0x7D, 0x7D, 0x03, 0x6B, 0x7D, 0x7D, 0xFA, 0x7D, 0x7D, 0x7D,
  0x7D, 0x01, 0x77, 0x7D, 0x7D, 0xFE, 0x89, 0x7D, 0x7D, 0x01, 0x77, 0xFE, 0x0C, 0x00, 0x00, 0x00,
  0x00, 0x02, 0x00, 0x00, 0x00, 0x00, 0x03, 0x6B, 0x02, 0xEE, 0x00, 0x0B, 0x00, 0x0F, 0x00, 0x3A,
  0x40, 0x37, 0x00, 0x03, 0x06, 0x00, 0x03, 0x55, 0x00, 0x06, 0x00, 0x04, 0x05, 0x06, 0x04, 0x65,
  0x00, 0x07, 0x07, 0x01, 0x5D, 0x00, 0x01, 0x01, 0x34, 0x4B, 0x02, 0x01, 0x00, 0x00, 0x05, 0x5D,
  0x08, 0x01, 0x05, 0x05, 0x36, 0x05, 0x4C, 0x00, 0x00, 0x0F, 0x0E, 0x0D, 0x0C, 0x00, 0x0B, 0x00,
  0x0B, 0x11, 0x11, 0x11, 0x11, 0x11, 0x09, 0x08, 0x19, 0x2B, 0x31, 0x11, 0x33, 0x35, 0x21, 0x15,
  0x33, 0x15, 0x23, 0x15, 0x21, 0x15, 0x11, 0x21, 0x35, 0x21, 0x7D, 0x02, 0x71, 0x7D, 0x7D, 0xFE,
  0x0C, 0x01, 0x77, 0xFE, 0x89, 0x02, 0x71, 0x7D, 0x7D, 0xFA, 0x7D, 0xFA, 0x01, 0x77, 0xFA, 0x00,
  0x00, 0x01, 0x00, 0x00, 0x00, 0x00, 0x03, 0x6B, 0x02, 0xEE, 0x00, 0x13, 0x00, 0x45, 0x40, 0x42,
  0x00, 0x03, 0x00, 0x02, 0x06, 0x03, 0x02, 0x65, 0x00, 0x06, 0x00, 0x01, 0x07, 0x06, 0x01, 0x65,
  0x00, 0x05, 0x05, 0x04, 0x5D, 0x00, 0x04, 0x04, 0x34, 0x4B, 0x00, 0x07, 0x07, 0x08, 0x5D, 0x00,
  0x08, 0x08, 0x32, 0x4B, 0x00, 0x00, 0x00, 0x09, 0x5D, 0x0A, 0x01, 0x09, 0x09, 0x36, 0x09, 0x4C,
  0x00, 0x00, 0x00, 0x13, 0x00, 0x13, 0x11, 0x11, 0x11, 0x11, 0x11, 0x11, 0x11, 0x11, 0x11, 0x0B,
  0x08, 0x1D, 0x2B, 0x33, 0x35, 0x21, 0x35, 0x21, 0x35, 0x23, 0x35, 0x33, 0x35, 0x21, 0x15, 0x21,
  0x15, 0x21, 0x15, 0x33, 0x15, 0x23, 0x15, 0x7D, 0x01, 0xF4, 0xFE, 0x0C, 0x7D, 0x7D, 0x02, 0x71,
  0xFE, 0x0C, 0x01, 0xF4, 0x7D, 0x7D, 0x7D, 0x7D, 0x7D, 0xFA, 0x7D, 0x7D, 0xFA, 0x7D, 0x7D, 0x7D,
  0x00, 0x02, 0x00, 0x00, 0x00, 0x7D, 0x03, 0x6B, 0x02, 0xEE, 0x00, 0x0D, 0x00, 0x13, 0x00, 0x7E,
  0x4B, 0xB0, 0x0A, 0x50, 0x58, 0x40, 0x2D, 0x00, 0x08, 0x01, 0x04, 0x03, 0x08, 0x70, 0x00, 0x01,
  0x08, 0x00, 0x01, 0x55, 0x00, 0x04, 0x05, 0x01, 0x00, 0x07, 0x04, 0x00, 0x65, 0x09, 0x01, 0x03,
  0x03, 0x02, 0x5D, 0x00, 0x02, 0x02, 0x34, 0x4B, 0x00, 0x07, 0x07, 0x06, 0x5D, 0x0A, 0x01, 0x06,
  0x06, 0x32, 0x06, 0x4C, 0x1B, 0x40, 0x2E, 0x00, 0x08, 0x01, 0x04, 0x01, 0x08, 0x04, 0x7E, 0x00,
  0x01, 0x08, 0x00, 0x01, 0x55, 0x00, 0x04, 0x05, 0x01, 0x00, 0x07, 0x04, 0x00, 0x65, 0x09, 0x01,
  0x03, 0x03, 0x02, 0x5D, 0x00, 0x02, 0x02, 0x34, 0x4B, 0x00, 0x07, 0x07, 0x06, 0x5D, 0x0A, 0x01,
  0x06, 0x06, 0x32, 0x06, 0x4C, 0x59, 0x40, 0x15, 0x00, 0x00, 0x13, 0x12, 0x11, 0x10, 0x0F, 0x0E,
  0x00, 0x0D, 0x00, 0x0D, 0x11, 0x11, 0x11, 0x11, 0x11, 0x11, 0x0B, 0x08, 0x1A, 0x2B, 0x37, 0x35,
  0x23, 0x11, 0x33, 0x35, 0x21, 0x15, 0x23, 0x15, 0x33, 0x15, 0x23, 0x15, 0x25, 0x33, 0x35, 0x23,
  0x35, 0x23, 0x7D, 0x7D, 0x7D, 0x02, 0xEE, 0xFA, 0x7D, 0x7D, 0xFE, 0x89, 0xFA, 0x7D, 0x7D, 0x7D,
  0x7D, 0x01, 0x77, 0x7D, 0x7D, 0x7D, 0xFA, 0x7D, 0x7D, 0xFA, 0x7D, 0x00, 0x00, 0x01, 0x00, 0x7D,
  0x00, 0x7D, 0x03, 0x6B, 0x02, 0xEE, 0x00, 0x0B, 0x00, 0x30, 0x40, 0x2D, 0x00, 0x00, 0x01, 0x04,
  0x01, 0x00, 0x04, 0x7E, 0x03, 0x01, 0x01, 0x01, 0x02, 0x5D, 0x00, 0x02, 0x02, 0x34, 0x4B, 0x00,
  0x04, 0x04, 0x05, 0x5D, 0x06, 0x01, 0x05, 0x05, 0x32, 0x05, 0x4C, 0x00, 0x00, 0x00, 0x0B, 0x00,
  0x0B, 0x11, 0x11, 0x11, 0x11, 0x11, 0x07, 0x08, 0x19, 0x2B, 0x25, 0x35, 0x23, 0x11, 0x23, 0x35,
  0x21, 0x15, 0x23, 0x11, 0x33, 0x15, 0x01, 0xF4, 0x7D, 0xFA, 0x02, 0xEE, 0xFA, 0xFA, 0x7D, 0x7D,
  0x01, 0x77, 0x7D, 0x7D, 0xFE, 0x89, 0x7D, 0x00, 0x00, 0x01, 0x00, 0x00, 0x00, 0x7D, 0x03, 0x6B,
  0x02, 0xEE, 0x00, 0x13, 0x00, 0x37, 0x40, 0x34, 0x07, 0x01, 0x03, 0x08, 0x01, 0x00, 0x04, 0x03,
  0x00, 0x65, 0x05, 0x01, 0x01, 0x01, 0x02, 0x5D, 0x06, 0x01, 0x02, 0x02, 0x34, 0x4B, 0x00, 0x04,
  0x04, 0x09, 0x5E, 0x0A, 0x01, 0x09, 0x09, 0x32, 0x09, 0x4C, 0x00, 0x00, 0x00, 0x13, 0x00, 0x13,
  0x11, 0x11, 0x11, 0x11, 0x11, 0x11, 0x11, 0x11, 0x11, 0x0B, 0x08, 0x1D, 0x2B, 0x37, 0x35, 0x23,
  0x11, 0x23, 0x35, 0x33, 0x15, 0x33, 0x11, 0x33, 0x11, 0x23, 0x35, 0x33, 0x15, 0x33, 0x11, 0x23,
  0x15, 0xFA, 0x7D, 0x7D, 0xFA, 0x7D, 0xFA, 0x7D, 0xFA, 0x7D, 0x7D, 0x7D, 0x7D, 0x01, 0x77, 0x7D,
  0x7D, 0xFE, 0x89, 0x01, 0x77, 0x7D, 0x7D, 0xFE, 0x89, 0x7D, 0x00, 0x00, 0x00, 0x01, 0x00, 0x00,
  0x00, 0x00, 0x03, 0x6B, 0x02, 0xEE, 0x00, 0x19, 0x00, 0x47, 0x40, 0x44, 0x04, 0x01, 0x00, 0x07,
  0x05, 0x00, 0x55, 0x00, 0x0A, 0x0A, 0x06, 0x5D, 0x0B, 0x01, 0x06, 0x06, 0x34, 0x4B, 0x09, 0x01,
  0x07, 0x07, 0x01, 0x5E, 0x03, 0x01, 0x01, 0x01, 0x32, 0x4B, 0x0D, 0x0C, 0x08, 0x03, 0x05, 0x05,
  0x02, 0x5D, 0x00, 0x02, 0x02, 0x36, 0x02, 0x4C, 0x00, 0x00, 0x00, 0x19, 0x00, 0x19, 0x18, 0x17,
  0x16, 0x15, 0x14, 0x13, 0x11, 0x11, 0x11, 0x11, 0x11, 0x11, 0x11, 0x11, 0x11, 0x0E, 0x08, 0x1D,
  0x2B, 0x01, 0x11, 0x23, 0x15, 0x23, 0x15, 0x23, 0x35, 0x23, 0x35, 0x23, 0x11, 0x33, 0x35, 0x33,
  0x11, 0x33, 0x11, 0x33, 0x11, 0x33, 0x11, 0x23, 0x35, 0x33, 0x15, 0x03, 0x6B, 0x7D, 0xFA, 0x7D,
  0xFA, 0x7D, 0x7D, 0x7D, 0x7D, 0x7D, 0x7D, 0x7D, 0xFA, 0x02, 0x71, 0xFE, 0x89, 0x7D, 0x7D, 0x7D,
  0x7D, 0x01, 0x77, 0x7D, 0xFE, 0x0C, 0x01, 0x77, 0xFE, 0x89, 0x01, 0x77, 0x7D, 0x7D, 0x00, 0x00,
  0x00, 0x01, 0x00, 0x00, 0x00, 0x00, 0x03, 0x6B, 0x02, 0xEE, 0x00, 0x23, 0x00, 0xAA, 0x4B, 0xB0,
  0x0A, 0x50, 0x58, 0x40, 0x3C, 0x0A, 0x01, 0x02, 0x05, 0x06, 0x03, 0x02, 0x70, 0x0B, 0x01, 0x01,
  0x0F, 0x0E, 0x00, 0x01, 0x70, 0x00, 0x06, 0x00, 0x0F, 0x01, 0x06, 0x0F, 0x65, 0x07, 0x01, 0x05,
  0x10, 0x01, 0x0E, 0x00, 0x05, 0x0E, 0x65, 0x09, 0x01, 0x03, 0x03, 0x04, 0x5D, 0x08, 0x01, 0x04,
  0x04, 0x34, 0x4B, 0x0C, 0x01, 0x00, 0x00, 0x0D, 0x5E, 0x12, 0x11, 0x02, 0x0D, 0x0D, 0x36, 0x0D,
  0x4C, 0x1B, 0x40, 0x3E, 0x0A, 0x01, 0x02, 0x05, 0x06, 0x05, 0x02, 0x06, 0x7E, 0x0B, 0x01, 0x01,
  0x0F, 0x0E, 0x0F, 0x01, 0x0E, 0x7E, 0x00, 0x06, 0x00, 0x0F, 0x01, 0x06, 0x0F, 0x65, 0x07, 0x01,
  0x05, 0x10, 0x01, 0x0E, 0x00, 0x05, 0x0E, 0x65, 0x09, 0x01, 0x03, 0x03, 0x04, 0x5D, 0x08, 0x01,
  0x04, 0x04, 0x34, 0x4B, 0x0C, 0x01, 0x00, 0x00, 0x0D, 0x5E, 0x12, 0x11, 0x02, 0x0D, 0x0D, 0x36,
  0x0D, 0x4C, 0x59, 0x40, 0x22, 0x00, 0x00, 0x00, 0x23, 0x00, 0x23, 0x22, 0x21, 0x20, 0x1F, 0x1E,
  0x1D, 0x1C, 0x1B, 0x1A, 0x19, 0x18, 0x17, 0x16, 0x15, 0x14, 0x13, 0x11, 0x11, 0x11, 0x11, 0x11,
  0x11, 0x11, 0x11, 0x11, 0x13, 0x08, 0x1D, 0x2B, 0x31, 0x35, 0x33, 0x35, 0x33, 0x35, 0x23, 0x35,
  0x23, 0x35, 0x33, 0x15, 0x33, 0x15, 0x33, 0x35, 0x33, 0x35, 0x33, 0x15, 0x23, 0x15, 0x23, 0x15,
  0x33, 0x15, 0x33, 0x15, 0x23, 0x35, 0x23, 0x35, 0x23, 0x15, 0x23, 0x15, 0x7D, 0x7D, 0x7D, 0x7D,
  0xFA, 0x7D, 0x7D, 0x7D, 0xFA, 0x7D, 0x7D, 0x7D, 0x7D, 0xFA, 0x7D, 0x7D, 0x7D, 0xFA, 0x7D, 0x7D,
  0x7D, 0x7D, 0x7D, 0x7D, 0x7D, 0x7D, 0x7D, 0x7D, 0x7D, 0x7D, 0xFA, 0xFA, 0x7D, 0x7D, 0xFA, 0x00,
  0x00, 0x01, 0x00, 0x00, 0x00, 0x00, 0x03, 0xE8, 0x03, 0x6B, 0x00, 0x13, 0x00, 0x39, 0x40, 0x36,
  0x07, 0x01, 0x01, 0x01, 0x02, 0x5D, 0x06, 0x01, 0x02, 0x02, 0x34, 0x4B, 0x05, 0x01, 0x03, 0x03,
  0x00, 0x5D, 0x08, 0x01, 0x00, 0x00, 0x32, 0x4B, 0x00, 0x04, 0x04, 0x09, 0x5D, 0x0A, 0x01, 0x09,
  0x09, 0x36, 0x09, 0x4C, 0x00, 0x00, 0x00, 0x13, 0x00, 0x13, 0x11, 0x11, 0x11, 0x11, 0x11, 0x11,
  0x11, 0x11, 0x11, 0x0B, 0x08, 0x1D, 0x2B, 0x21, 0x35, 0x23, 0x35, 0x23, 0x11, 0x33, 0x11, 0x33,
  0x11, 0x33, 0x11, 0x33, 0x11, 0x33, 0x11, 0x23, 0x15, 0x23, 0x15, 0x01, 0x77, 0xFA, 0x7D, 0xFA,
  0x7D, 0xFA, 0x7D, 0xFA, 0x7D, 0xFA, 0x7D, 0x7D, 0x01, 0xF4, 0xFE, 0x0C, 0x02, 0x71, 0xFD, 0x8F,
  0x01, 0xF4, 0xFE, 0x0C, 0x7D, 0x7D, 0x00, 0x00, 0x00, 0x03, 0x00, 0x00, 0x00, 0x7D, 0x03, 0x6B,
  0x02, 0xEE, 0x00, 0x09, 0x00, 0x13, 0x00, 0x17, 0x00, 0x3E, 0x40, 0x3B, 0x0D, 0x0B, 0x0C, 0x09,
  0x04, 0x03, 0x0A, 0x05, 0x02, 0x02, 0x00, 0x03, 0x02, 0x65, 0x08, 0x01, 0x04, 0x04, 0x34, 0x4B,
  0x07, 0x01, 0x00, 0x00, 0x01, 0x5E, 0x06, 0x01, 0x01, 0x01, 0x32, 0x01, 0x4C, 0x14, 0x14, 0x0A,
  0x0A, 0x14, 0x17, 0x14, 0x17, 0x16, 0x15, 0x0A, 0x13, 0x0A, 0x13, 0x11, 0x11, 0x11, 0x12, 0x11,
  0x11, 0x11, 0x11, 0x10, 0x0E, 0x08, 0x1D, 0x2B, 0x37, 0x33, 0x15, 0x23, 0x35, 0x23, 0x11, 0x33,
  0x35, 0x33, 0x05, 0x11, 0x23, 0x15, 0x23, 0x35, 0x33, 0x11, 0x33, 0x15, 0x23, 0x11, 0x23, 0x11,
  0xFA, 0x7D, 0xFA, 0x7D, 0x7D, 0x7D, 0x02, 0x71, 0x7D, 0xFA, 0x7D, 0x7D, 0xFA, 0x7D, 0xFA, 0x7D,
  0x7D, 0x01, 0x77, 0x7D, 0x7D, 0xFE, 0x89, 0x7D, 0x7D, 0x01, 0xF4, 0x7D, 0xFE, 0x89, 0x01, 0x77,
  0x00, 0x02, 0x00, 0x7D, 0x00, 0x7D, 0x02, 0xEE, 0x03, 0xE8, 0x00, 0x03, 0x00, 0x11, 0x00, 0x3D,
  0x40, 0x3A, 0x00, 0x06, 0x00, 0x03, 0x08, 0x06, 0x03, 0x65, 0x00, 0x00, 0x00, 0x01, 0x5D, 0x00,
  0x01, 0x01, 0x31, 0x4B, 0x00, 0x04, 0x04, 0x05, 0x5D, 0x07, 0x01, 0x05, 0x05, 0x34, 0x4B, 0x09,
  0x01, 0x08, 0x08, 0x02, 0x5E, 0x00, 0x02, 0x02, 0x32, 0x02, 0x4C, 0x04, 0x04, 0x04, 0x11, 0x04,
  0x11, 0x11, 0x11, 0x11, 0x11, 0x11, 0x12, 0x11, 0x10, 0x0A, 0x08, 0x1C, 0x2B, 0x01, 0x23, 0x35,
  0x33, 0x13, 0x15, 0x21, 0x35, 0x23, 0x11, 0x23, 0x35, 0x33, 0x35, 0x33, 0x15, 0x33, 0x11, 0x01,
  0xF4, 0x7D, 0x7D, 0xFA, 0xFE, 0x89, 0x7D, 0x7D, 0x7D, 0x7D, 0x7D, 0x03, 0x6B, 0x7D, 0xFD, 0x12,
  0x7D, 0x7D, 0x01, 0x77, 0x7D, 0x7D, 0x7D, 0xFE, 0x0C, 0x00, 0x00, 0x00, 0x00, 0x03, 0x00, 0x00,
  0x00, 0x7D, 0x02, 0xEE, 0x03, 0xE8, 0x00, 0x03, 0x00, 0x07, 0x00, 0x11, 0x00, 0x4F, 0x40, 0x4C,
  0x00, 0x04, 0x05, 0x07, 0x05, 0x04, 0x07, 0x7E, 0x0A, 0x03, 0x09, 0x03, 0x01, 0x01, 0x00, 0x5D,
  0x02, 0x01, 0x00, 0x00, 0x31, 0x4B, 0x00, 0x05, 0x05, 0x06, 0x5D, 0x00, 0x06, 0x06, 0x34, 0x4B,
  0x00, 0x07, 0x07, 0x08, 0x5D, 0x0B, 0x01, 0x08, 0x08, 0x32, 0x08, 0x4C, 0x08, 0x08, 0x04, 0x04,
  0x00, 0x00, 0x08, 0x11, 0x08, 0x11, 0x10, 0x0F, 0x0E, 0x0D, 0x0C, 0x0B, 0x0A, 0x09, 0x04, 0x07,
  0x04, 0x07, 0x06, 0x05, 0x00, 0x03, 0x00, 0x03, 0x11, 0x0C, 0x08, 0x15, 0x2B, 0x11, 0x35, 0x33,
  0x15, 0x33, 0x35, 0x33, 0x15, 0x03, 0x35, 0x23, 0x11, 0x23, 0x35, 0x21, 0x11, 0x33, 0x15, 0xFA,
  0x7D, 0xFA, 0xFA, 0x7D, 0x7D, 0x01, 0x77, 0xFA, 0x03, 0x6B, 0x7D, 0x7D, 0x7D, 0x7D, 0xFD, 0x12,
  0x7D, 0x01, 0x77, 0x7D, 0xFE, 0x0C, 0x7D, 0x00, 0x00, 0x04, 0x00, 0x00, 0x00, 0x7D, 0x02, 0xEE,
  0x03, 0xE8, 0x00, 0x03, 0x00, 0x07, 0x00, 0x0B, 0x00, 0x19, 0x00, 0x4C, 0x40, 0x49, 0x00, 0x0B,
  0x00, 0x08, 0x06, 0x0B, 0x08, 0x65, 0x04, 0x02, 0x02, 0x00, 0x00, 0x01, 0x5D, 0x0D, 0x05, 0x03,
  0x03, 0x01, 0x01, 0x31, 0x4B, 0x00, 0x09, 0x09, 0x0A, 0x5D, 0x0C, 0x01, 0x0A, 0x0A, 0x34, 0x4B,
  0x00, 0x06, 0x06, 0x07, 0x5E, 0x00, 0x07, 0x07, 0x32, 0x07, 0x4C, 0x08, 0x08, 0x19, 0x18, 0x17,
  0x16, 0x15, 0x14, 0x13, 0x12, 0x11, 0x10, 0x0F, 0x0E, 0x0D, 0x0C, 0x08, 0x0B, 0x08, 0x0B, 0x12,
  0x11, 0x11, 0x11, 0x10, 0x0E, 0x08, 0x19, 0x2B, 0x13, 0x23, 0x35, 0x33, 0x05, 0x23, 0x35, 0x33,
  0x33, 0x15, 0x23, 0x35, 0x03, 0x33, 0x15, 0x21, 0x35, 0x23, 0x11, 0x23, 0x35, 0x33, 0x35, 0x33,
  0x15, 0x33, 0x7D, 0x7D, 0x7D, 0x01, 0x77, 0x7D, 0x7D, 0xFA, 0x7D, 0x7D, 0xFA, 0xFE, 0x89, 0x7D,
  0x7D, 0x7D, 0x7D, 0x7D, 0x03, 0x6B, 0x7D, 0x7D, 0x7D, 0x7D, 0x7D, 0xFD, 0x12, 0x7D, 0x7D, 0x01,
  0x77, 0x7D, 0x7D, 0x7D, 0x00, 0x03, 0x00, 0x00, 0x00, 0x7D, 0x03, 0x6B, 0x03, 0xE8, 0x00, 0x03,
  0x00, 0x07, 0x00, 0x1B, 0x00, 0x5C, 0x40, 0x59, 0x0E, 0x01, 0x03, 0x00, 0x02, 0x08, 0x03, 0x02,
  0x65, 0x0F, 0x0D, 0x02, 0x09, 0x06, 0x01, 0x04, 0x0A, 0x09, 0x04, 0x65, 0x00, 0x00, 0x00, 0x01,
  0x5D, 0x00, 0x01, 0x01, 0x31, 0x4B, 0x0B, 0x01, 0x07, 0x07, 0x08, 0x5D, 0x0C, 0x01, 0x08, 0x08,
  0x34, 0x4B, 0x00, 0x0A, 0x0A, 0x05, 0x5E, 0x00, 0x05, 0x05, 0x32, 0x05, 0x4C, 0x08, 0x08, 0x04,
  0x04, 0x08, 0x1B, 0x08, 0x1B, 0x1A, 0x19, 0x18, 0x17, 0x16, 0x15, 0x14, 0x13, 0x12, 0x11, 0x10,
  0x0F, 0x0E, 0x0D, 0x0C, 0x0B, 0x0A, 0x09, 0x04, 0x07, 0x04, 0x07, 0x12, 0x11, 0x10, 0x10, 0x08,
  0x17, 0x2B, 0x01, 0x23, 0x35, 0x33, 0x07, 0x15, 0x23, 0x35, 0x05, 0x11, 0x23, 0x15, 0x21, 0x35,
  0x23, 0x11, 0x23, 0x35, 0x33, 0x15, 0x33, 0x11, 0x33, 0x11, 0x23, 0x35, 0x33, 0x15, 0x02, 0x71,
  0x7D, 0x7D, 0x7D, 0x7D, 0x01, 0xF4, 0x7D, 0xFE, 0x0C, 0x7D, 0x7D, 0xFA, 0x7D, 0xFA, 0x7D, 0xFA,
  0x03, 0x6B, 0x7D, 0x7D, 0x7D, 0x7D, 0xFA, 0xFE, 0x89, 0x7D, 0x7D, 0x01, 0x77, 0x7D, 0x7D, 0xFE,
  0x89, 0x01, 0x77, 0x7D, 0x7D, 0x00, 0x00, 0x00, 0x00, 0x03, 0x00, 0x00, 0x00, 0x7D, 0x03, 0x6B,
  0x03, 0xE8, 0x00, 0x03, 0x00, 0x07, 0x00, 0x1B, 0x00, 0x5D, 0x40, 0x5A, 0x0B, 0x01, 0x07, 0x0C,
  0x01, 0x04, 0x08, 0x07, 0x04, 0x65, 0x0F, 0x03, 0x0E, 0x03, 0x01, 0x01, 0x00, 0x5D, 0x02, 0x01,
  0x00, 0x00, 0x31, 0x4B, 0x09, 0x01, 0x05, 0x05, 0x06, 0x5D, 0x0A, 0x01, 0x06, 0x06, 0x34, 0x4B,
  0x00, 0x08, 0x08, 0x0D, 0x5E, 0x10, 0x01, 0x0D, 0x0D, 0x32, 0x0D, 0x4C, 0x08, 0x08, 0x04, 0x04,
  0x00, 0x00, 0x08, 0x1B, 0x08, 0x1B, 0x1A, 0x19, 0x18, 0x17, 0x16, 0x15, 0x14, 0x13, 0x12, 0x11,
  0x10, 0x0F, 0x0E, 0x0D, 0x0C, 0x0B, 0x0A, 0x09, 0x04, 0x07, 0x04, 0x07, 0x06, 0x05, 0x00, 0x03,
  0x00, 0x03, 0x11, 0x11, 0x08, 0x15, 0x2B, 0x13, 0x35, 0x33, 0x15, 0x33, 0x35, 0x33, 0x15, 0x01,
  0x35, 0x23, 0x11, 0x23, 0x35, 0x33, 0x15, 0x33, 0x11, 0x33, 0x11, 0x23, 0x35, 0x33, 0x15, 0x33,
  0x11, 0x23, 0x15, 0x7D, 0xFA, 0x7D, 0xFA, 0xFE, 0x0C, 0x7D, 0x7D, 0xFA, 0x7D, 0xFA, 0x7D, 0xFA,
  0x7D, 0x7D, 0x03, 0x6B, 0x7D, 0x7D, 0x7D, 0x7D, 0xFD, 0x12, 0x7D, 0x01, 0x77, 0x7D, 0x7D, 0xFE,
  0x89, 0x01, 0x77, 0x7D, 0x7D, 0xFE, 0x89, 0x7D, 0x00, 0x05, 0x00, 0x00, 0x00, 0x7D, 0x03, 0x6B,
  0x03, 0xE8, 0x00, 0x03, 0x00, 0x07, 0x00, 0x0B, 0x00, 0x0F, 0x00, 0x23, 0x00, 0x5D, 0x40, 0x5A,
  0x00, 0x07, 0x00, 0x06, 0x0C, 0x07, 0x06, 0x65, 0x12, 0x11, 0x02, 0x0D, 0x0A, 0x01, 0x08, 0x0E,
  0x0D, 0x08, 0x65, 0x04, 0x02, 0x02, 0x00, 0x00, 0x01, 0x5D, 0x05, 0x03, 0x02, 0x01, 0x01, 0x31,
  0x4B, 0x0F, 0x01, 0x0B, 0x0B, 0x0C, 0x5D, 0x10, 0x01, 0x0C, 0x0C, 0x34, 0x4B, 0x00, 0x0E, 0x0E,
  0x09, 0x5E, 0x00, 0x09, 0x09, 0x32, 0x09, 0x4C, 0x10, 0x10, 0x10, 0x23, 0x10, 0x23, 0x22, 0x21,
  0x20, 0x1F, 0x1E, 0x1D, 0x1C, 0x1B, 0x1A, 0x19, 0x18, 0x17, 0x16, 0x15, 0x14, 0x13, 0x12, 0x11,
  0x11, 0x11, 0x11, 0x11, 0x11, 0x11, 0x10, 0x13, 0x08, 0x1D, 0x2B, 0x13, 0x23, 0x35, 0x33, 0x05,
  0x23, 0x35, 0x33, 0x17, 0x23, 0x35, 0x33, 0x05, 0x23, 0x35, 0x33, 0x05, 0x11, 0x23, 0x15, 0x21,
  0x35, 0x23, 0x11, 0x23, 0x35, 0x33, 0x15, 0x33, 0x11, 0x33, 0x11, 0x23, 0x35, 0x33, 0x15, 0x7D,
  0x7D, 0x7D, 0x01, 0x77, 0x7D, 0x7D, 0xFA, 0x7D, 0x7D, 0xFE, 0x89, 0x7D, 0x7D, 0x01, 0xF4, 0x7D,
  0xFE, 0x0C, 0x7D, 0x7D, 0xFA, 0x7D, 0xFA, 0x7D, 0xFA, 0x03, 0x6B, 0x7D, 0x7D, 0x7D, 0x7D, 0x7D,
  0xFA, 0x7D, 0xFA, 0xFE, 0x89, 0x7D, 0x7D, 0x01, 0x77, 0x7D, 0x7D, 0xFE, 0x89, 0x01, 0x77, 0x7D,
  0x7D, 0x00, 0x00, 0x00, 0x00, 0x03, 0x00, 0x00, 0x00, 0x7D, 0x03, 0x6B, 0x03, 0xE8, 0x00, 0x03,
  0x00, 0x13, 0x00, 0x17, 0x00, 0x89, 0x4B, 0xB0, 0x0A, 0x50, 0x58, 0x40, 0x32, 0x00, 0x07, 0x00,
  0x06, 0x06, 0x07, 0x70, 0x0C, 0x09, 0x02, 0x05, 0x04, 0x01, 0x02, 0x0B, 0x05, 0x02, 0x65, 0x00,
  0x00, 0x00, 0x01, 0x5D, 0x00, 0x01, 0x01, 0x31, 0x4B, 0x00, 0x0A, 0x0A, 0x06, 0x5D, 0x08, 0x01,
  0x06, 0x06, 0x34, 0x4B, 0x00, 0x0B, 0x0B, 0x03, 0x5D, 0x00, 0x03, 0x03, 0x32, 0x03, 0x4C, 0x1B,
  0x40, 0x33, 0x00, 0x07, 0x00, 0x06, 0x00, 0x07, 0x06, 0x7E, 0x0C, 0x09, 0x02, 0x05, 0x04, 0x01,
  0x02, 0x0B, 0x05, 0x02, 0x65, 0x00, 0x00, 0x00, 0x01, 0x5D, 0x00, 0x01, 0x01, 0x31, 0x4B, 0x00,
  0x0A, 0x0A, 0x06, 0x5D, 0x08, 0x01, 0x06, 0x06, 0x34, 0x4B, 0x00, 0x0B, 0x0B, 0x03, 0x5D, 0x00,
  0x03, 0x03, 0x32, 0x03, 0x4C, 0x59, 0x40, 0x16, 0x04, 0x04, 0x17, 0x16, 0x15, 0x14, 0x04, 0x13,
  0x04, 0x13, 0x11, 0x11, 0x11, 0x11, 0x11, 0x11, 0x12, 0x11, 0x10, 0x0D, 0x08, 0x1D, 0x2B, 0x01,
  0x23, 0x35, 0x33, 0x13, 0x11, 0x23, 0x15, 0x21, 0x35, 0x23, 0x11, 0x33, 0x35, 0x33, 0x35, 0x33,
  0x15, 0x33, 0x15, 0x23, 0x21, 0x11, 0x21, 0x02, 0x71, 0x7D, 0x7D, 0xFA, 0x7D, 0xFD, 0x8F, 0x7D,
  0x7D, 0xFA, 0x7D, 0xFA, 0x7D, 0xFE, 0x89, 0x01, 0x77, 0x03, 0x6B, 0x7D, 0xFE, 0x89, 0xFE, 0x89,
  0x7D, 0x7D, 0x01, 0x77, 0x7D, 0x7D, 0x7D, 0x7D, 0xFE, 0x89, 0x00, 0x00, 0x00, 0x05, 0x00, 0x00,
  0x00, 0x7D, 0x03, 0x6B, 0x03, 0xE8, 0x00, 0x03, 0x00, 0x07, 0x00, 0x11, 0x00, 0x1B, 0x00, 0x1F,
  0x00, 0x58, 0x40, 0x55, 0x00, 0x03, 0x00, 0x02, 0x08, 0x03, 0x02, 0x65, 0x11, 0x0F, 0x10, 0x0D,
  0x04, 0x07, 0x0E, 0x09, 0x02, 0x06, 0x04, 0x07, 0x06, 0x65, 0x00, 0x00, 0x00, 0x01, 0x5D, 0x00,
  0x01, 0x01, 0x31, 0x4B, 0x0C, 0x01, 0x08, 0x08, 0x34, 0x4B, 0x0B, 0x01, 0x04, 0x04, 0x05, 0x5E,
  0x0A, 0x01, 0x05, 0x05, 0x32, 0x05, 0x4C, 0x1C, 0x1C, 0x12, 0x12, 0x1C, 0x1F, 0x1C, 0x1F, 0x1E,
  0x1D, 0x12, 0x1B, 0x12, 0x1B, 0x1A, 0x19, 0x18, 0x17, 0x16, 0x15, 0x14, 0x13, 0x11, 0x11, 0x11,
  0x11, 0x11, 0x11, 0x11, 0x11, 0x10, 0x12, 0x08, 0x1D, 0x2B, 0x01, 0x23, 0x35, 0x33, 0x07, 0x23,
  0x35, 0x33, 0x03, 0x33, 0x15, 0x23, 0x35, 0x23, 0x11, 0x33, 0x35, 0x33, 0x05, 0x11, 0x23, 0x15,
  0x23, 0x35, 0x33, 0x11, 0x33, 0x15, 0x23, 0x11, 0x23, 0x11, 0x02, 0x71, 0x7D, 0x7D, 0x7D, 0x7D,
  0x7D, 0xFA, 0x7D, 0xFA, 0x7D, 0x7D, 0x7D, 0x02, 0x71, 0x7D, 0xFA, 0x7D, 0x7D, 0xFA, 0x7D, 0x03,
  0x6B, 0x7D, 0xFA, 0x7D, 0xFD, 0x8F, 0x7D, 0x7D, 0x01, 0x77, 0x7D, 0x7D, 0xFE, 0x89, 0x7D, 0x7D,
  0x01, 0xF4, 0x7D, 0xFE, 0x89, 0x01, 0x77, 0x00, 0x00, 0x03, 0x00, 0x00, 0x00, 0x7D, 0x03, 0x6B,
  0x03, 0xE8, 0x00, 0x03, 0x00, 0x0F, 0x00, 0x13, 0x00, 0x83, 0x4B, 0xB0, 0x0A, 0x50, 0x58, 0x40,
  0x30, 0x00, 0x06, 0x00, 0x05, 0x05, 0x06, 0x70, 0x00, 0x04, 0x00, 0x03, 0x09, 0x04, 0x03, 0x65,
  0x00, 0x00, 0x00, 0x01, 0x5D, 0x00, 0x01, 0x01, 0x31, 0x4B, 0x00, 0x08, 0x08, 0x05, 0x5D, 0x0A,
  0x07, 0x02, 0x05, 0x05, 0x34, 0x4B, 0x00, 0x09, 0x09, 0x02, 0x5D, 0x00, 0x02, 0x02, 0x32, 0x02,
  0x4C, 0x1B, 0x40, 0x31, 0x00, 0x06, 0x00, 0x05, 0x00, 0x06, 0x05, 0x7E, 0x00, 0x04, 0x00, 0x03,
  0x09, 0x04, 0x03, 0x65, 0x00, 0x00, 0x00, 0x01, 0x5D, 0x00, 0x01, 0x01, 0x31, 0x4B, 0x00, 0x08,
  0x08, 0x05, 0x5D, 0x0A, 0x07, 0x02, 0x05, 0x05, 0x34, 0x4B, 0x00, 0x09, 0x09, 0x02, 0x5D, 0x00,
  0x02, 0x02, 0x32, 0x02, 0x4C, 0x59, 0x40, 0x14, 0x04, 0x04, 0x13, 0x12, 0x11, 0x10, 0x04, 0x0F,
  0x04, 0x0F, 0x11, 0x11, 0x11, 0x11, 0x12, 0x11, 0x10, 0x0B, 0x08, 0x1B, 0x2B, 0x01, 0x23, 0x35,
  0x33, 0x17, 0x11, 0x21, 0x35, 0x23, 0x11, 0x33, 0x35, 0x33, 0x35, 0x33, 0x15, 0x17, 0x21, 0x11,
  0x21, 0x02, 0x71, 0x7D, 0x7D, 0xFA, 0xFD, 0x12, 0x7D, 0x7D, 0xFA, 0x7D, 0x7D, 0xFE, 0x89, 0x01,
  0x77, 0x03, 0x6B, 0x7D, 0xFA, 0xFD, 0x8F, 0x7D, 0x01, 0x77, 0x7D, 0x7D, 0x7D, 0x7D, 0xFE, 0x89,
  0x00, 0x02, 0x00, 0x00, 0x00, 0x7D, 0x03, 0x6B, 0x03, 0xE8, 0x00, 0x03, 0x00, 0x1B, 0x00, 0xA9,
  0x4B, 0xB0, 0x0A, 0x50, 0x58, 0x40, 0x40, 0x00, 0x0C, 0x00, 0x0B, 0x0B, 0x0C, 0x70, 0x00, 0x0A,
  0x00, 0x09, 0x03, 0x0A, 0x09, 0x65, 0x00, 0x03, 0x00, 0x04, 0x08, 0x03, 0x04, 0x65, 0x00, 0x08,
  0x00, 0x07, 0x05, 0x08, 0x07, 0x65, 0x00, 0x00, 0x00, 0x01, 0x5D, 0x00, 0x01, 0x01, 0x31, 0x4B,
  0x00, 0x02, 0x02, 0x0B, 0x5D, 0x0E, 0x0D, 0x02, 0x0B, 0x0B, 0x34, 0x4B, 0x00, 0x05, 0x05, 0x06,
  0x5D, 0x00, 0x06, 0x06, 0x32, 0x06, 0x4C, 0x1B, 0x40, 0x41, 0x00, 0x0C, 0x00, 0x0B, 0x00, 0x0C,
  0x0B, 0x7E, 0x00, 0x0A, 0x00, 0x09, 0x03, 0x0A, 0x09, 0x65, 0x00, 0x03, 0x00, 0x04, 0x08, 0x03,
  0x04, 0x65, 0x00, 0x08, 0x00, 0x07, 0x05, 0x08, 0x07, 0x65, 0x00, 0x00, 0x00, 0x01, 0x5D, 0x00,
  0x01, 0x01, 0x31, 0x4B, 0x00, 0x02, 0x02, 0x0B, 0x5D, 0x0E, 0x0D, 0x02, 0x0B, 0x0B, 0x34, 0x4B,
  0x00, 0x05, 0x05, 0x06, 0x5D, 0x00, 0x06, 0x06, 0x32, 0x06, 0x4C, 0x59, 0x40, 0x1A, 0x04, 0x04,
  0x04, 0x1B, 0x04, 0x1B, 0x1A, 0x19, 0x18, 0x17, 0x16, 0x15, 0x14, 0x13, 0x11, 0x11, 0x11, 0x11,
  0x11, 0x11, 0x12, 0x11, 0x10, 0x0F, 0x08, 0x1D, 0x2B, 0x01, 0x23, 0x35, 0x33, 0x17, 0x15, 0x21,
  0x15, 0x21, 0x15, 0x21, 0x15, 0x21, 0x15, 0x21, 0x35, 0x23, 0x35, 0x33, 0x35, 0x23, 0x35, 0x33,
  0x35, 0x33, 0x35, 0x33, 0x15, 0x02, 0x71, 0x7D, 0x7D, 0xFA, 0xFD, 0x8F, 0x01, 0xF4, 0xFE, 0x0C,
  0x02, 0x71, 0xFD, 0x12, 0x7D, 0x7D, 0x7D, 0x7D, 0xFA, 0x7D, 0x03, 0x6B, 0x7D, 0xFA, 0x7D, 0x7D,
  0x7D, 0x7D, 0x7D, 0x7D, 0x7D, 0x7D, 0x7D, 0x7D, 0x7D, 0x7D, 0x00, 0x00, 0x00, 0x03, 0x00, 0x00,
  0x00, 0x00, 0x03, 0x6B, 0x03, 0xE8, 0x00, 0x03, 0x00, 0x0D, 0x00, 0x15, 0x00, 0x92, 0x4B, 0xB0,
  0x0A, 0x50, 0x58, 0x40, 0x36, 0x00, 0x04, 0x00, 0x05, 0x05, 0x04, 0x70, 0x00, 0x00, 0x00, 0x01,
  0x5D, 0x00, 0x01, 0x01, 0x31, 0x4B, 0x09, 0x01, 0x03, 0x03, 0x05, 0x5D, 0x0A, 0x01, 0x05, 0x05,
  0x34, 0x4B, 0x07, 0x0B, 0x02, 0x06, 0x06, 0x08, 0x5D, 0x00, 0x08, 0x08, 0x32, 0x4B, 0x07, 0x0B,
  0x02, 0x06, 0x06, 0x02, 0x5D, 0x00, 0x02, 0x02, 0x36, 0x02, 0x4C, 0x1B, 0x40, 0x37, 0x00, 0x04,
  0x00, 0x05, 0x00, 0x04, 0x05, 0x7E, 0x00, 0x00, 0x00, 0x01, 0x5D, 0x00, 0x01, 0x01, 0x31, 0x4B,
  0x09, 0x01, 0x03, 0x03, 0x05, 0x5D, 0x0A, 0x01, 0x05, 0x05, 0x34, 0x4B, 0x07, 0x0B, 0x02, 0x06,
  0x06, 0x08, 0x5D, 0x00, 0x08, 0x08, 0x32, 0x4B, 0x07, 0x0B, 0x02, 0x06, 0x06, 0x02, 0x5D, 0x00,
  0x02, 0x02, 0x36, 0x02, 0x4C, 0x59, 0x40, 0x17, 0x04, 0x04, 0x15, 0x14, 0x13, 0x12, 0x11, 0x10,
  0x0F, 0x0E, 0x04, 0x0D, 0x04, 0x0D, 0x11, 0x11, 0x11, 0x12, 0x11, 0x10, 0x0C, 0x08, 0x1A, 0x2B,
  0x01, 0x23, 0x35, 0x33, 0x13, 0x11, 0x23, 0x11, 0x23, 0x35, 0x33, 0x15, 0x33, 0x15, 0x21, 0x33,
  0x11, 0x23, 0x11, 0x23, 0x35, 0x33, 0x02, 0x71, 0x7D, 0x7D, 0xFA, 0xFA, 0xFA, 0x7D, 0xFA, 0xFE,
  0x0C, 0x7D, 0xFA, 0x7D, 0xFA, 0x03, 0x6B, 0x7D, 0xFE, 0x89, 0xFD, 0x8F, 0x02, 0x71, 0xFA, 0x7D,
  0x7D, 0xFE, 0x0C, 0x01, 0xF4, 0x7D, 0x00, 0x00, 0x00, 0x02, 0x01, 0x77, 0x00, 0x00, 0x02, 0xEE,
  0x00, 0xFA, 0x00, 0x03, 0x00, 0x07, 0x00, 0x38, 0xB1, 0x06, 0x64, 0x44, 0x40, 0x2D, 0x04, 0x01,
  0x01, 0x00, 0x00, 0x03, 0x01, 0x00, 0x65, 0x05, 0x01, 0x03, 0x02, 0x02, 0x03, 0x55, 0x05, 0x01,
  0x03, 0x03, 0x02, 0x5D, 0x00, 0x02, 0x03, 0x02, 0x4D, 0x04, 0x04, 0x00, 0x00, 0x04, 0x07, 0x04,
  0x07, 0x06, 0x05, 0x00, 0x03, 0x00, 0x03, 0x11, 0x06, 0x08, 0x15, 0x2B, 0xB1, 0x06, 0x00, 0x44,
  0x25, 0x15, 0x23, 0x35, 0x05, 0x15, 0x23, 0x35, 0x01, 0xF4, 0x7D, 0x01, 0x77, 0xFA, 0xFA, 0x7D,
  0x7D, 0x7D, 0x7D, 0x7D, 0x00, 0x02, 0x00, 0x00, 0x00, 0x7D, 0x03, 0x6B, 0x03, 0xE8, 0x00, 0x13,
  0x00, 0x1B, 0x00, 0x9E, 0x4B, 0xB0, 0x0A, 0x50, 0x58, 0x40, 0x3A, 0x00, 0x0B, 0x03, 0x02, 0x0C,
  0x0B, 0x70, 0x00, 0x0D, 0x01, 0x00, 0x0A, 0x0D, 0x70, 0x05, 0x01, 0x03, 0x08, 0x01, 0x00, 0x0A,
  0x03, 0x00, 0x65, 0x00, 0x0C, 0x0C, 0x04, 0x5D, 0x00, 0x04, 0x04, 0x49, 0x4B, 0x07, 0x01, 0x01,
  0x01, 0x02, 0x5D, 0x06, 0x01, 0x02, 0x02, 0x4C, 0x4B, 0x00, 0x0A, 0x0A, 0x09, 0x5E, 0x0E, 0x01,
  0x09, 0x09, 0x4A, 0x09, 0x4C, 0x1B, 0x40, 0x3C, 0x00, 0x0B, 0x03, 0x02, 0x03, 0x0B, 0x02, 0x7E,
  0x00, 0x0D, 0x01, 0x00, 0x01, 0x0D, 0x00, 0x7E, 0x05, 0x01, 0x03, 0x08, 0x01, 0x00, 0x0A, 0x03,
  0x00, 0x65, 0x00, 0x0C, 0x0C, 0x04, 0x5D, 0x00, 0x04, 0x04, 0x49, 0x4B, 0x07, 0x01, 0x01, 0x01,
  0x02, 0x5D, 0x06, 0x01, 0x02, 0x02, 0x4C, 0x4B, 0x00, 0x0A, 0x0A, 0x09, 0x5E, 0x0E, 0x01, 0x09,
  0x09, 0x4A, 0x09, 0x4C, 0x59, 0x40, 0x1A, 0x00, 0x00, 0x1B, 0x1A, 0x19, 0x18, 0x17, 0x16, 0x15,
  0x14, 0x00, 0x13, 0x00, 0x13, 0x11, 0x11, 0x11, 0x11, 0x11, 0x11, 0x11, 0x11, 0x11, 0x0F, 0x09,
  0x1D, 0x2B, 0x37, 0x35, 0x23, 0x35, 0x23, 0x11, 0x33, 0x35, 0x33, 0x35, 0x21, 0x15, 0x33, 0x15,
  0x33, 0x11, 0x23, 0x15, 0x23, 0x15, 0x27, 0x33, 0x11, 0x23, 0x35, 0x23, 0x11, 0x33, 0xFA, 0x7D,
  0x7D, 0x7D, 0x7D, 0x01, 0x77, 0x7D, 0x7D, 0x7D, 0x7D, 0xFA, 0xFA, 0x7D, 0xFA, 0x7D, 0x7D, 0x7D,
  0x7D, 0x01, 0x77, 0x7D, 0x7D, 0x7D, 0x7D, 0xFE, 0x89, 0x7D, 0x7D, 0x7D, 0x01, 0xF4, 0x7D, 0xFE,
  0x0C, 0x00, 0x00, 0x00, 0x00, 0x01, 0x00, 0x7D, 0x00, 0x7D, 0x03, 0x6B, 0x03, 0xE8, 0x00, 0x0B,
  0x00, 0x2B, 0x40, 0x28, 0x00, 0x02, 0x00, 0x01, 0x00, 0x02, 0x01, 0x65, 0x00, 0x03, 0x03, 0x49,
  0x4B, 0x04, 0x01, 0x00, 0x00, 0x05, 0x5E, 0x06, 0x01, 0x05, 0x05, 0x4A, 0x05, 0x4C, 0x00, 0x00,
  0x00, 0x0B, 0x00, 0x0B, 0x11, 0x11, 0x11, 0x11, 0x11, 0x07, 0x09, 0x19, 0x2B, 0x37, 0x35, 0x33,
  0x11, 0x23, 0x35, 0x33, 0x35, 0x33, 0x11, 0x33, 0x15, 0x7D, 0xFA, 0x7D, 0x7D, 0xFA, 0xFA, 0x7D,
  0x7D, 0x01, 0xF4, 0x7D, 0x7D, 0xFD, 0x12, 0x7D, 0x00, 0x01, 0x00, 0x00, 0x00, 0x7D, 0x03, 0x6B,
  0x03, 0xE8, 0x00, 0x1B, 0x00, 0xB9, 0x4B, 0xB0, 0x0A, 0x50, 0x58, 0x40, 0x48, 0x00, 0x0A, 0x02,
  0x01, 0x02, 0x0A, 0x01, 0x7E, 0x00, 0x01, 0x0B, 0x02, 0x01, 0x0B, 0x7C, 0x00, 0x00, 0x0B, 0x0C,
  0x0C, 0x00, 0x70, 0x00, 0x05, 0x03, 0x06, 0x05, 0x55, 0x08, 0x01, 0x06, 0x00, 0x09, 0x02, 0x06,
  0x09, 0x65, 0x00, 0x02, 0x00, 0x0B, 0x00, 0x02, 0x0B, 0x66, 0x00, 0x04, 0x04, 0x07, 0x5D, 0x00,
  0x07, 0x07, 0x49, 0x4B, 0x00, 0x03, 0x03, 0x4C, 0x4B, 0x00, 0x0C, 0x0C, 0x0D, 0x5E, 0x0E, 0x01,
  0x0D, 0x0D, 0x4A, 0x0D, 0x4C, 0x1B, 0x40, 0x49, 0x00, 0x0A, 0x02, 0x01, 0x02, 0x0A, 0x01, 0x7E,
  0x00, 0x01, 0x0B, 0x02, 0x01, 0x0B, 0x7C, 0x00, 0x00, 0x0B, 0x0C, 0x0B, 0x00, 0x0C, 0x7E, 0x00,
  0x05, 0x03, 0x06, 0x05, 0x55, 0x08, 0x01, 0x06, 0x00, 0x09, 0x02, 0x06, 0x09, 0x65, 0x00, 0x02,
  0x00, 0x0B, 0x00, 0x02, 0x0B, 0x66, 0x00, 0x04, 0x04, 0x07, 0x5D, 0x00, 0x07, 0x07, 0x49, 0x4B,
  0x00, 0x03, 0x03, 0x4C, 0x4B, 0x00, 0x0C, 0x0C, 0x0D, 0x5E, 0x0E, 0x01, 0x0D, 0x0D, 0x4A, 0x0D,
  0x4C, 0x59, 0x40, 0x1A, 0x00, 0x00, 0x00, 0x1B, 0x00, 0x1B, 0x1A, 0x19, 0x18, 0x17, 0x16, 0x15,
  0x14, 0x13, 0x11, 0x11, 0x11, 0x11, 0x11, 0x11, 0x11, 0x11, 0x11, 0x0F, 0x09, 0x1D, 0x2B, 0x35,
  0x35, 0x33, 0x35, 0x33, 0x35, 0x33, 0x35, 0x33, 0x35, 0x21, 0x15, 0x23, 0x35, 0x33, 0x35, 0x21,
  0x15, 0x33, 0x15, 0x23, 0x15, 0x23, 0x15, 0x23, 0x15, 0x21, 0x15, 0x7D, 0x7D, 0xFA, 0x7D, 0xFE,
  0x89, 0xFA, 0x7D, 0x02, 0x71, 0x7D, 0x7D, 0x7D, 0xFA, 0x01, 0xF4, 0x7D, 0xFA, 0x7D, 0x7D, 0x7D,
  0x7D, 0x7D, 0x7D, 0x7D, 0x7D, 0xFA, 0x7D, 0x7D, 0x7D, 0x7D, 0x00, 0x00, 0x00, 0x01, 0x00, 0x00,
  0x00, 0x7D, 0x03, 0x6B, 0x03, 0xE8, 0x00, 0x1B, 0x00, 0x9F, 0x4B, 0xB0, 0x0A, 0x50, 0x58, 0x40,
  0x3B, 0x00, 0x09, 0x06, 0x05, 0x06, 0x09, 0x70, 0x0A, 0x01, 0x04, 0x00, 0x03, 0x0B, 0x04, 0x03,
  0x66, 0x00, 0x0B, 0x01, 0x00, 0x0B, 0x55, 0x00, 0x01, 0x0C, 0x01, 0x00, 0x02, 0x01, 0x00, 0x65,
  0x08, 0x01, 0x06, 0x06, 0x07, 0x5D, 0x00, 0x07, 0x07, 0x49, 0x4B, 0x00, 0x05, 0x05, 0x4C, 0x4B,
  0x00, 0x02, 0x02, 0x0D, 0x5E, 0x0E, 0x01, 0x0D, 0x0D, 0x4A, 0x0D, 0x4C, 0x1B, 0x40, 0x3C, 0x00,
  0x09, 0x06, 0x05, 0x06, 0x09, 0x05, 0x7E, 0x0A, 0x01, 0x04, 0x00, 0x03, 0x0B, 0x04, 0x03, 0x66,
  0x00, 0x0B, 0x01, 0x00, 0x0B, 0x55, 0x00, 0x01, 0x0C, 0x01, 0x00, 0x02, 0x01, 0x00, 0x65, 0x08,
  0x01, 0x06, 0x06, 0x07, 0x5D, 0x00, 0x07, 0x07, 0x49, 0x4B, 0x00, 0x05, 0x05, 0x4C, 0x4B, 0x00,
  0x02, 0x02, 0x0D, 0x5E, 0x0E, 0x01, 0x0D, 0x0D, 0x4A, 0x0D, 0x4C, 0x59, 0x40, 0x1A, 0x00, 0x00,
  0x00, 0x1B, 0x00, 0x1B, 0x1A, 0x19, 0x18, 0x17, 0x16, 0x15, 0x14, 0x13, 0x11, 0x11, 0x11, 0x11,
  0x11, 0x11, 0x11, 0x11, 0x11, 0x0F, 0x09, 0x1D, 0x2B, 0x37, 0x35, 0x23, 0x35, 0x33, 0x15, 0x21,
  0x35, 0x21, 0x35, 0x33, 0x35, 0x33, 0x35, 0x21, 0x35, 0x21, 0x15, 0x23, 0x15, 0x23, 0x15, 0x33,
  0x15, 0x33, 0x15, 0x23, 0x15, 0x7D, 0x7D, 0xFA, 0x01, 0x77, 0xFE, 0x89, 0x7D, 0x7D, 0xFE, 0x89,
  0x02, 0xEE, 0x7D, 0x7D, 0x7D, 0x7D, 0x7D, 0x7D, 0x7D, 0x7D, 0x7D, 0xFA, 0x7D, 0x7D, 0x7D, 0x7D,
  0x7D, 0x7D, 0x7D, 0x7D, 0xFA, 0x7D, 0x00, 0x00, 0x00, 0x02, 0x00, 0x00, 0x00, 0x7D, 0x03, 0x6B,
  0x03, 0xE8, 0x00, 0x0F, 0x00, 0x15, 0x00, 0x83, 0x4B, 0xB0, 0x0A, 0x50, 0x58, 0x40, 0x2F, 0x00,
  0x01, 0x0A, 0x05, 0x05, 0x01, 0x70, 0x00, 0x03, 0x00, 0x0A, 0x01, 0x03, 0x0A, 0x65, 0x08, 0x01,
  0x05, 0x06, 0x01, 0x00, 0x07, 0x05, 0x00, 0x66, 0x00, 0x09, 0x09, 0x04, 0x5D, 0x00, 0x04, 0x04,
  0x49, 0x4B, 0x00, 0x02, 0x02, 0x4C, 0x4B, 0x0B, 0x01, 0x07, 0x07, 0x4A, 0x07, 0x4C, 0x1B, 0x40,
  0x30, 0x00, 0x01, 0x0A, 0x05, 0x0A, 0x01, 0x05, 0x7E, 0x00, 0x03, 0x00, 0x0A, 0x01, 0x03, 0x0A,
  0x65, 0x08, 0x01, 0x05, 0x06, 0x01, 0x00, 0x07, 0x05, 0x00, 0x66, 0x00, 0x09, 0x09, 0x04, 0x5D,
  0x00, 0x04, 0x04, 0x49, 0x4B, 0x00, 0x02, 0x02, 0x4C, 0x4B, 0x0B, 0x01, 0x07, 0x07, 0x4A, 0x07,
  0x4C, 0x59, 0x40, 0x16, 0x00, 0x00, 0x15, 0x14, 0x13, 0x12, 0x11, 0x10, 0x00, 0x0F, 0x00, 0x0F,
  0x11, 0x11, 0x11, 0x11, 0x11, 0x11, 0x11, 0x0C, 0x09, 0x1B, 0x2B, 0x25, 0x35, 0x21, 0x35, 0x33,
  0x35, 0x33, 0x35, 0x33, 0x35, 0x21, 0x11, 0x33, 0x15, 0x23, 0x15, 0x01, 0x33, 0x35, 0x23, 0x15,
  0x23, 0x01, 0xF4, 0xFE, 0x0C, 0x7D, 0x7D, 0x7D, 0x01, 0x77, 0x7D, 0x7D, 0xFE, 0x0C, 0xFA, 0x7D,
  0x7D, 0x7D, 0xFA, 0xFA, 0x7D, 0x7D, 0x7D, 0xFE, 0x0C, 0x7D, 0xFA, 0x01, 0x77, 0xFA, 0x7D, 0x00,
  0x00, 0x01, 0x00, 0x00, 0x00, 0x7D, 0x03, 0x6B, 0x03, 0xE8, 0x00, 0x13, 0x00, 0x44, 0x40, 0x41,
  0x00, 0x07, 0x01, 0x00, 0x07, 0x55, 0x00, 0x01, 0x08, 0x01, 0x00, 0x02, 0x01, 0x00, 0x65, 0x00,
  0x05, 0x05, 0x04, 0x5D, 0x00, 0x04, 0x04, 0x49, 0x4B, 0x00, 0x03, 0x03, 0x06, 0x5D, 0x00, 0x06,
  0x06, 0x4C, 0x4B, 0x00, 0x02, 0x02, 0x09, 0x5D, 0x0A, 0x01, 0x09, 0x09, 0x4A, 0x09, 0x4C, 0x00,
  0x00, 0x00, 0x13, 0x00, 0x13, 0x11, 0x11, 0x11, 0x11, 0x11, 0x11, 0x11, 0x11, 0x11, 0x0B, 0x09,
  0x1D, 0x2B, 0x37, 0x35, 0x23, 0x35, 0x33, 0x15, 0x21, 0x11, 0x21, 0x11, 0x21, 0x15, 0x21, 0x15,
  0x21, 0x15, 0x33, 0x11, 0x23, 0x15, 0x7D, 0x7D, 0xFA, 0x01, 0x77, 0xFD, 0x8F, 0x02, 0xEE, 0xFE,
  0x0C, 0x01, 0xF4, 0x7D, 0x7D, 0x7D, 0x7D, 0x7D, 0x7D, 0x01, 0x77, 0x01, 0x77, 0x7D, 0x7D, 0x7D,
  0xFE, 0x89, 0x7D, 0x00, 0x00, 0x02, 0x00, 0x00, 0x00, 0x7D, 0x03, 0x6B, 0x03, 0xE8, 0x00, 0x13,
  0x00, 0x17, 0x00, 0x9F, 0x4B, 0xB0, 0x0A, 0x50, 0x58, 0x40, 0x3D, 0x00, 0x02, 0x04, 0x05, 0x04,
  0x02, 0x05, 0x7E, 0x00, 0x05, 0x01, 0x04, 0x05, 0x6E, 0x00, 0x06, 0x00, 0x0B, 0x07, 0x06, 0x0B,
  0x65, 0x00, 0x07, 0x00, 0x00, 0x07, 0x55, 0x00, 0x04, 0x04, 0x03, 0x5D, 0x00, 0x03, 0x03, 0x49,
  0x4B, 0x08, 0x01, 0x00, 0x00, 0x01, 0x5D, 0x00, 0x01, 0x01, 0x4C, 0x4B, 0x00, 0x0A, 0x0A, 0x09,
  0x5E, 0x0C, 0x01, 0x09, 0x09, 0x4A, 0x09, 0x4C, 0x1B, 0x40, 0x3E, 0x00, 0x02, 0x04, 0x05, 0x04,
  0x02, 0x05, 0x7E, 0x00, 0x05, 0x01, 0x04, 0x05, 0x01, 0x7C, 0x00, 0x06, 0x00, 0x0B, 0x07, 0x06,
  0x0B, 0x65, 0x00, 0x07, 0x00, 0x00, 0x07, 0x55, 0x00, 0x04, 0x04, 0x03, 0x5D, 0x00, 0x03, 0x03,
  0x49, 0x4B, 0x08, 0x01, 0x00, 0x00, 0x01, 0x5D, 0x00, 0x01, 0x01, 0x4C, 0x4B, 0x00, 0x0A, 0x0A,
  0x09, 0x5E, 0x0C, 0x01, 0x09, 0x09, 0x4A, 0x09, 0x4C, 0x59, 0x40, 0x16, 0x00, 0x00, 0x17, 0x16,
  0x15, 0x14, 0x00, 0x13, 0x00, 0x13, 0x11, 0x11, 0x11, 0x11, 0x11, 0x11, 0x11, 0x11, 0x11, 0x0D,
  0x09, 0x1D, 0x2B, 0x37, 0x35, 0x23, 0x11, 0x33, 0x35, 0x33, 0x35, 0x21, 0x15, 0x21, 0x15, 0x23,
  0x15, 0x21, 0x15, 0x33, 0x15, 0x23, 0x15, 0x25, 0x21, 0x35, 0x21, 0x7D, 0x7D, 0x7D, 0x7D, 0x01,
  0xF4, 0xFE, 0x89, 0x7D, 0x01, 0xF4, 0x7D, 0x7D, 0xFE, 0x0C, 0x01, 0x77, 0xFE, 0x89, 0x7D, 0x7D,
  0x01, 0xF4, 0x7D, 0x7D, 0x7D, 0x7D, 0x7D, 0x7D, 0xFA, 0x7D, 0x7D, 0xFA, 0x00, 0x01, 0x00, 0x00,
  0x00, 0x7D, 0x03, 0x6B, 0x03, 0xE8, 0x00, 0x13, 0x00, 0x8E, 0x4B, 0xB0, 0x0A, 0x50, 0x58, 0x40,
  0x36, 0x06, 0x01, 0x04, 0x03, 0x02, 0x03, 0x04, 0x70, 0x00, 0x07, 0x02, 0x01, 0x02, 0x07, 0x01,
  0x7E, 0x00, 0x01, 0x08, 0x00, 0x01, 0x6E, 0x00, 0x03, 0x03, 0x05, 0x5D, 0x00, 0x05, 0x05, 0x49,
  0x4B, 0x00, 0x08, 0x08, 0x02, 0x5D, 0x00, 0x02, 0x02, 0x4C, 0x4B, 0x00, 0x00, 0x00, 0x09, 0x5E,
  0x0A, 0x01, 0x09, 0x09, 0x4A, 0x09, 0x4C, 0x1B, 0x40, 0x38, 0x06, 0x01, 0x04, 0x03, 0x02, 0x03,
  0x04, 0x02, 0x7E, 0x00, 0x07, 0x02, 0x01, 0x02, 0x07, 0x01, 0x7E, 0x00, 0x01, 0x08, 0x02, 0x01,
  0x08, 0x7C, 0x00, 0x03, 0x03, 0x05, 0x5D, 0x00, 0x05, 0x05, 0x49, 0x4B, 0x00, 0x08, 0x08, 0x02,
  0x5D, 0x00, 0x02, 0x02, 0x4C, 0x4B, 0x00, 0x00, 0x00, 0x09, 0x5E, 0x0A, 0x01, 0x09, 0x09, 0x4A,
  0x09, 0x4C, 0x59, 0x40, 0x12, 0x00, 0x00, 0x00, 0x13, 0x00, 0x13, 0x11, 0x11, 0x11, 0x11, 0x11,
  0x11, 0x11, 0x11, 0x11, 0x0B, 0x09, 0x1D, 0x2B, 0x37, 0x11, 0x33, 0x35, 0x33, 0x35, 0x33, 0x35,
  0x21, 0x15, 0x23, 0x35, 0x21, 0x15, 0x23, 0x15, 0x23, 0x15, 0x23, 0x11, 0xFA, 0x7D, 0x7D, 0x7D,
  0xFE, 0x89, 0xFA, 0x03, 0x6B, 0x7D, 0x7D, 0x7D, 0x7D, 0x01, 0x77, 0x7D, 0x7D, 0x7D, 0x7D, 0xFA,
  0xFA, 0x7D, 0x7D, 0xFE, 0x89, 0x00, 0x00, 0x00, 0x00, 0x03, 0x00, 0x00, 0x00, 0x7D, 0x03, 0x6B,
  0x03, 0xE8, 0x00, 0x13, 0x00, 0x19, 0x00, 0x1F, 0x00, 0x5D, 0x40, 0x5A, 0x05, 0x01, 0x03, 0x06,
  0x01, 0x02, 0x0A, 0x03, 0x02, 0x65, 0x00, 0x0A, 0x00, 0x0E, 0x00, 0x0A, 0x0E, 0x65, 0x07, 0x01,
  0x01, 0x08, 0x01, 0x00, 0x0D, 0x01, 0x00, 0x65, 0x00, 0x0B, 0x0B, 0x04, 0x5D, 0x00, 0x04, 0x04,
  0x49, 0x4B, 0x00, 0x0F, 0x0F, 0x0C, 0x5D, 0x00, 0x0C, 0x0C, 0x4C, 0x4B, 0x00, 0x0D, 0x0D, 0x09,
  0x5D, 0x10, 0x01, 0x09, 0x09, 0x4A, 0x09, 0x4C, 0x00, 0x00, 0x1F, 0x1E, 0x1D, 0x1C, 0x1B, 0x1A,
  0x19, 0x18, 0x17, 0x16, 0x15, 0x14, 0x00, 0x13, 0x00, 0x13, 0x11, 0x11, 0x11, 0x11, 0x11, 0x11,
  0x11, 0x11, 0x11, 0x11, 0x09, 0x1D, 0x2B, 0x37, 0x35, 0x23, 0x35, 0x33, 0x35, 0x23, 0x35, 0x33,
  0x35, 0x21, 0x15, 0x33, 0x15, 0x23, 0x15, 0x33, 0x15, 0x23, 0x15, 0x01, 0x33, 0x35, 0x21, 0x15,
  0x33, 0x03, 0x21, 0x35, 0x23, 0x35, 0x23, 0x7D, 0x7D, 0x7D, 0x7D, 0x7D, 0x01, 0xF4, 0x7D, 0x7D,
  0xFA, 0x7D, 0xFE, 0x89, 0xFA, 0xFE, 0x89, 0x7D, 0xFA, 0x01, 0xF4, 0xFA, 0xFA, 0x7D, 0x7D, 0xFA,
  0x7D, 0xFA, 0x7D, 0x7D, 0xFA, 0x7D, 0xFA, 0x7D, 0x01, 0xF4, 0xFA, 0x7D, 0xFE, 0x0C, 0x7D, 0x7D,
  0x00, 0x02, 0x00, 0x00, 0x00, 0x7D, 0x03, 0x6B, 0x03, 0xE8, 0x00, 0x13, 0x00, 0x17, 0x00, 0x9B,
  0x4B, 0xB0, 0x0A, 0x50, 0x58, 0x40, 0x3B, 0x00, 0x01, 0x07, 0x08, 0x00, 0x01, 0x70, 0x00, 0x08,
  0x00, 0x07, 0x08, 0x00, 0x7C, 0x00, 0x03, 0x0A, 0x04, 0x03, 0x55, 0x00, 0x0A, 0x00, 0x02, 0x07,
  0x0A, 0x02, 0x65, 0x06, 0x01, 0x04, 0x00, 0x07, 0x01, 0x04, 0x07, 0x65, 0x00, 0x0B, 0x0B, 0x05,
  0x5D, 0x00, 0x05, 0x05, 0x49, 0x4B, 0x00, 0x00, 0x00, 0x09, 0x5E, 0x0C, 0x01, 0x09, 0x09, 0x4A,
  0x09, 0x4C, 0x1B, 0x40, 0x3C, 0x00, 0x01, 0x07, 0x08, 0x07, 0x01, 0x08, 0x7E, 0x00, 0x08, 0x00,
  0x07, 0x08, 0x00, 0x7C, 0x00, 0x03, 0x0A, 0x04, 0x03, 0x55, 0x00, 0x0A, 0x00, 0x02, 0x07, 0x0A,
  0x02, 0x65, 0x06, 0x01, 0x04, 0x00, 0x07, 0x01, 0x04, 0x07, 0x65, 0x00, 0x0B, 0x0B, 0x05, 0x5D,
  0x00, 0x05, 0x05, 0x49, 0x4B, 0x00, 0x00, 0x00, 0x09, 0x5E, 0x0C, 0x01, 0x09, 0x09, 0x4A, 0x09,
  0x4C, 0x59, 0x40, 0x16, 0x00, 0x00, 0x17, 0x16, 0x15, 0x14, 0x00, 0x13, 0x00, 0x13, 0x11, 0x11,
  0x11, 0x11, 0x11, 0x11, 0x11, 0x11, 0x11, 0x0D, 0x09, 0x1D, 0x2B, 0x37, 0x35, 0x21, 0x35, 0x33,
  0x35, 0x21, 0x35, 0x23, 0x35, 0x33, 0x35, 0x21, 0x15, 0x33, 0x11, 0x23, 0x15, 0x23, 0x15, 0x01,
  0x21, 0x35, 0x21, 0x7D, 0x01, 0x77, 0x7D, 0xFE, 0x0C, 0x7D, 0x7D, 0x02, 0x71, 0x7D, 0x7D, 0x7D,
  0xFE, 0x89, 0x01, 0x77, 0xFE, 0x89, 0x7D, 0x7D, 0x7D, 0x7D, 0x7D, 0xFA, 0x7D, 0x7D, 0xFE, 0x0C,
  0x7D, 0x7D, 0x01, 0xF4, 0xFA, 0x00, 0x00, 0x00, 0x00, 0x01, 0x00, 0xFA, 0x01, 0xF4, 0x02, 0xEE,
  0x03, 0xE8, 0x00, 0x0B, 0x00, 0x28, 0x40, 0x25, 0x00, 0x02, 0x00, 0x01, 0x00, 0x02, 0x01, 0x65,
  0x04, 0x01, 0x00, 0x06, 0x01, 0x05, 0x00, 0x05, 0x62, 0x00, 0x03, 0x03, 0x61, 0x03, 0x4C, 0x00,
  0x00, 0x00, 0x0B, 0x00, 0x0B, 0x11, 0x11, 0x11, 0x11, 0x11, 0x07, 0x0A, 0x19, 0x2B, 0x13, 0x35,
  0x33, 0x35, 0x23, 0x35, 0x33, 0x35, 0x33, 0x11, 0x33, 0x15, 0xFA, 0x7D, 0x7D, 0x7D, 0xFA, 0x7D,
  0x01, 0xF4, 0x7D, 0x7D, 0x7D, 0x7D, 0xFE, 0x89, 0x7D, 0x00, 0x00, 0x00, 0x00, 0x01, 0x00, 0xFA,
  0x01, 0xF4, 0x02, 0xEE, 0x03, 0xE8, 0x00, 0x0F, 0x00, 0x34, 0x40, 0x31, 0x00, 0x04, 0x00, 0x05,
  0x01, 0x04, 0x05, 0x65, 0x06, 0x01, 0x00, 0x08, 0x01, 0x07, 0x00, 0x07, 0x62, 0x00, 0x02, 0x02,
  0x03, 0x5D, 0x00, 0x03, 0x03, 0x61, 0x4B, 0x00, 0x01, 0x01, 0x64, 0x01, 0x4C, 0x00, 0x00, 0x00,
  0x0F, 0x00, 0x0F, 0x11, 0x11, 0x11, 0x11, 0x11, 0x11, 0x11, 0x09, 0x0A, 0x1B, 0x2B, 0x13, 0x35,
  0x33, 0x35, 0x33, 0x35, 0x23, 0x35, 0x21, 0x15, 0x33, 0x15, 0x23, 0x15, 0x33, 0x15, 0xFA, 0x7D,
  0x7D, 0xFA, 0x01, 0x77, 0x7D, 0x7D, 0x7D, 0x01, 0xF4, 0x7D, 0x7D, 0x7D, 0x7D, 0x7D, 0x7D, 0x7D,
  0x7D, 0x00, 0x00, 0x00, 0x00, 0x01, 0x00, 0xFA, 0x01, 0xF4, 0x02, 0xEE, 0x03, 0xE8, 0x00, 0x0F,
  0x00, 0x69, 0x4B, 0xB0, 0x0A, 0x50, 0x58, 0x40, 0x25, 0x00, 0x01, 0x02, 0x05, 0x02, 0x01, 0x70,
  0x00, 0x00, 0x08, 0x01, 0x07, 0x00, 0x07, 0x61, 0x04, 0x01, 0x02, 0x02, 0x03, 0x5D, 0x00, 0x03,
  0x03, 0x61, 0x4B, 0x00, 0x06, 0x06, 0x05, 0x5D, 0x00, 0x05, 0x05, 0x64, 0x06, 0x4C, 0x1B, 0x40,
  0x26, 0x00, 0x01, 0x02, 0x05, 0x02, 0x01, 0x05, 0x7E, 0x00, 0x00, 0x08, 0x01, 0x07, 0x00, 0x07,
  0x61, 0x04, 0x01, 0x02, 0x02, 0x03, 0x5D, 0x00, 0x03, 0x03, 0x61, 0x4B, 0x00, 0x06, 0x06, 0x05,
  0x5D, 0x00, 0x05, 0x05, 0x64, 0x06, 0x4C, 0x59, 0x40, 0x10, 0x00, 0x00, 0x00, 0x0F, 0x00, 0x0F,
  0x11, 0x11, 0x11, 0x11, 0x11, 0x11, 0x11, 0x09, 0x0A, 0x1B, 0x2B, 0x13, 0x35, 0x33, 0x35, 0x23,
  0x35, 0x23, 0x35, 0x21, 0x15, 0x23, 0x15, 0x33, 0x15, 0x23, 0x15, 0xFA, 0xFA, 0x7D, 0x7D, 0x01,
  0xF4, 0x7D, 0x7D, 0x7D, 0x01, 0xF4, 0x7D, 0x7D, 0x7D, 0x7D, 0x7D, 0x7D, 0x7D, 0x7D, 0x00, 0x00,
  0x00, 0x01, 0x00, 0xFA, 0x01, 0xF4, 0x02, 0x71, 0x03, 0xE8, 0x00, 0x09, 0x00, 0x56, 0x4B, 0xB0,
  0x0A, 0x50, 0x58, 0x40, 0x1D, 0x00, 0x02, 0x03, 0x01, 0x01, 0x02, 0x70, 0x00, 0x00, 0x00, 0x01,
  0x5D, 0x00, 0x01, 0x01, 0x64, 0x4B, 0x05, 0x01, 0x04, 0x04, 0x03, 0x5D, 0x00, 0x03, 0x03, 0x61,
  0x04, 0x4C, 0x1B, 0x40, 0x1E, 0x00, 0x02, 0x03, 0x01, 0x03, 0x02, 0x01, 0x7E, 0x00, 0x00, 0x00,
  0x01, 0x5D, 0x00, 0x01, 0x01, 0x64, 0x4B, 0x05, 0x01, 0x04, 0x04, 0x03, 0x5D, 0x00, 0x03, 0x03,
  0x61, 0x04, 0x4C, 0x59, 0x40, 0x0D, 0x00, 0x00, 0x00, 0x09, 0x00, 0x09, 0x11, 0x11, 0x11, 0x11,
  0x06, 0x0A, 0x18, 0x2B, 0x01, 0x35, 0x23, 0x35, 0x33, 0x35, 0x33, 0x35, 0x33, 0x11, 0x01, 0xF4,
  0xFA, 0x7D, 0x7D, 0x7D, 0x01, 0xF4, 0x7D, 0x7D, 0x7D, 0x7D, 0xFE, 0x0C, 0x00, 0x07, 0x00, 0x00,
  0x00, 0x7D, 0x03, 0x6B, 0x03, 0xE8, 0x00, 0x03, 0x00, 0x07, 0x00, 0x0B, 0x00, 0x0F, 0x00, 0x13,
  0x00, 0x17, 0x00, 0x1B, 0x00, 0x65, 0x40, 0x62, 0x00, 0x02, 0x00, 0x03, 0x04, 0x02, 0x03, 0x65,
  0x00, 0x06, 0x00, 0x07, 0x08, 0x06, 0x07, 0x65, 0x00, 0x08, 0x00, 0x09, 0x0A, 0x08, 0x09, 0x65,
  0x00, 0x0A, 0x00, 0x0B, 0x0C, 0x0A, 0x0B, 0x65, 0x00, 0x00, 0x00, 0x01, 0x5D, 0x0E, 0x01, 0x01,
  0x01, 0x49, 0x4B, 0x00, 0x05, 0x05, 0x04, 0x5D, 0x00, 0x04, 0x04, 0x4C, 0x4B, 0x00, 0x0C, 0x0C,
  0x0D, 0x5D, 0x00, 0x0D, 0x0D, 0x4A, 0x0D, 0x4C, 0x00, 0x00, 0x1B, 0x1A, 0x19, 0x18, 0x17, 0x16,
  0x15, 0x14, 0x13, 0x12, 0x11, 0x10, 0x0F, 0x0E, 0x0D, 0x0C, 0x0B, 0x0A, 0x09, 0x08, 0x07, 0x06,
  0x05, 0x04, 0x00, 0x03, 0x00, 0x03, 0x11, 0x0F, 0x09, 0x15, 0x2B, 0x01, 0x15, 0x23, 0x35, 0x07,
  0x33, 0x15, 0x23, 0x23, 0x33, 0x15, 0x23, 0x23, 0x33, 0x15, 0x23, 0x23, 0x33, 0x15, 0x23, 0x23,
  0x33, 0x15, 0x23, 0x23, 0x33, 0x15, 0x23, 0x03, 0x6B, 0x7D, 0x7D, 0x7D, 0x7D, 0x7D, 0x7D, 0x7D,
  0x7D, 0x7D, 0x7D, 0x7D, 0x7D, 0x7D, 0x7D, 0x7D, 0x7D, 0x7D, 0x7D, 0x7D, 0x03, 0xE8, 0x7D, 0x7D,
  0x7D, 0x7D, 0x7D, 0x7D, 0x7D, 0x7D, 0x7D, 0x00, 0x00, 0x0A, 0x00, 0x00, 0x00, 0x7D, 0x03, 0x6B,
  0x03, 0xE8, 0x00, 0x07, 0x00, 0x0B, 0x00, 0x0F, 0x00, 0x13, 0x00, 0x17, 0x00, 0x1D, 0x00, 0x21,
  0x00, 0x25, 0x00, 0x2D, 0x00, 0x31, 0x00, 0x99, 0xB1, 0x06, 0x64, 0x44, 0x40, 0x8E, 0x1A, 0x05,
  0x19, 0x03, 0x03, 0x00, 0x04, 0x02, 0x03, 0x04, 0x65, 0x06, 0x01, 0x02, 0x07, 0x01, 0x01, 0x08,
  0x02, 0x01, 0x65, 0x00, 0x08, 0x00, 0x09, 0x0A, 0x08, 0x09, 0x65, 0x0C, 0x01, 0x0A, 0x1B, 0x0E,
  0x0B, 0x03, 0x00, 0x0F, 0x0A, 0x00, 0x65, 0x00, 0x0F, 0x10, 0x01, 0x0D, 0x11, 0x0F, 0x0D, 0x65,
  0x13, 0x01, 0x11, 0x00, 0x12, 0x14, 0x11, 0x12, 0x65, 0x17, 0x16, 0x02, 0x14, 0x15, 0x15, 0x14,
  0x55, 0x17, 0x16, 0x02, 0x14, 0x14, 0x15, 0x5E, 0x18, 0x01, 0x15, 0x14, 0x15, 0x4E, 0x18, 0x18,
  0x08, 0x08, 0x00, 0x00, 0x31, 0x30, 0x2F, 0x2E, 0x2D, 0x2C, 0x2B, 0x2A, 0x29, 0x28, 0x27, 0x26,
  0x25, 0x24, 0x23, 0x22, 0x21, 0x20, 0x1F, 0x1E, 0x18, 0x1D, 0x18, 0x1D, 0x1C, 0x1B, 0x1A, 0x19,
  0x17, 0x16, 0x15, 0x14, 0x13, 0x12, 0x11, 0x10, 0x0F, 0x0E, 0x0D, 0x0C, 0x08, 0x0B, 0x08, 0x0B,
  0x0A, 0x09, 0x00, 0x07, 0x00, 0x07, 0x11, 0x11, 0x11, 0x1C, 0x09, 0x17, 0x2B, 0xB1, 0x06, 0x00,
  0x44, 0x13, 0x11, 0x23, 0x35, 0x23, 0x35, 0x33, 0x35, 0x21, 0x15, 0x23, 0x35, 0x07, 0x33, 0x15,
  0x23, 0x23, 0x33, 0x15, 0x23, 0x23, 0x33, 0x15, 0x23, 0x33, 0x35, 0x33, 0x15, 0x23, 0x35, 0x21,
  0x33, 0x15, 0x23, 0x23, 0x33, 0x15, 0x23, 0x25, 0x33, 0x15, 0x33, 0x15, 0x21, 0x35, 0x33, 0x21,
  0x33, 0x15, 0x23, 0xFA, 0x7D, 0x7D, 0x7D, 0x02, 0xEE, 0x7D, 0x7D, 0x7D, 0x7D, 0x7D, 0x7D, 0x7D,
  0x7D, 0x7D, 0x7D, 0xFA, 0xFA, 0x7D, 0xFE, 0x0C, 0x7D, 0x7D, 0x7D, 0x7D, 0x7D, 0x01, 0xF4, 0x7D,
  0x7D, 0xFE, 0x89, 0x7D, 0xFD, 0x8F, 0x7D, 0x7D, 0x03, 0xE8, 0xFE, 0x0C, 0xFA, 0x7D, 0x7D, 0x7D,
  0x7D, 0x7D, 0x7D, 0x7D, 0x7D, 0x7D, 0xFA, 0x7D, 0x7D, 0x7D, 0x7D, 0x7D, 0x7D, 0x7D, 0x7D, 0x00,
  0x00, 0x09, 0x00, 0x00, 0x00, 0x7D, 0x03, 0x6B, 0x03, 0xE8, 0x00, 0x07, 0x00, 0x0B, 0x00, 0x0F,
  0x00, 0x13, 0x00, 0x17, 0x00, 0x21, 0x00, 0x25, 0x00, 0x29, 0x00, 0x2D, 0x00, 0x8C, 0xB1, 0x06,
  0x64, 0x44, 0x40, 0x81, 0x18, 0x05, 0x17, 0x03, 0x03, 0x00, 0x04, 0x02, 0x03, 0x04, 0x65, 0x06,
  0x01, 0x02, 0x07, 0x01, 0x01, 0x08, 0x02, 0x01, 0x65, 0x00, 0x08, 0x00, 0x09, 0x0A, 0x08, 0x09,
  0x65, 0x0C, 0x01, 0x0A, 0x0B, 0x01, 0x00, 0x10, 0x0A, 0x00, 0x65, 0x11, 0x01, 0x10, 0x00, 0x12,
  0x0F, 0x10, 0x12, 0x65, 0x13, 0x01, 0x0F, 0x14, 0x01, 0x0E, 0x15, 0x0F, 0x0E, 0x66, 0x00, 0x15,
  0x0D, 0x0D, 0x15, 0x55, 0x00, 0x15, 0x15, 0x0D, 0x5D, 0x16, 0x01, 0x0D, 0x15, 0x0D, 0x4D, 0x08,
  0x08, 0x00, 0x00, 0x2D, 0x2C, 0x2B, 0x2A, 0x29, 0x28, 0x27, 0x26, 0x25, 0x24, 0x23, 0x22, 0x21,
  0x20, 0x1F, 0x1E, 0x1D, 0x1C, 0x1B, 0x1A, 0x19, 0x18, 0x17, 0x16, 0x15, 0x14, 0x13, 0x12, 0x11,
  0x10, 0x0F, 0x0E, 0x0D, 0x0C, 0x08, 0x0B, 0x08, 0x0B, 0x0A, 0x09, 0x00, 0x07, 0x00, 0x07, 0x11,
  0x11, 0x11, 0x19, 0x09, 0x17, 0x2B, 0xB1, 0x06, 0x00, 0x44, 0x13, 0x11, 0x23, 0x35, 0x23, 0x35,
  0x33, 0x35, 0x21, 0x15, 0x23, 0x35, 0x07, 0x33, 0x15, 0x23, 0x23, 0x33, 0x15, 0x23, 0x23, 0x33,
  0x15, 0x23, 0x25, 0x33, 0x11, 0x23, 0x35, 0x23, 0x35, 0x33, 0x35, 0x33, 0x21, 0x33, 0x15, 0x23,
  0x23, 0x33, 0x15, 0x23, 0x23, 0x33, 0x15, 0x23, 0xFA, 0x7D, 0x7D, 0x7D, 0x02, 0xEE, 0x7D, 0x7D,
  0x7D, 0x7D, 0x7D, 0x7D, 0x7D, 0x7D, 0x7D, 0x7D, 0x01, 0x77, 0x7D, 0x7D, 0xFA, 0x7D, 0x7D, 0xFE,
  0x0C, 0x7D, 0x7D, 0x7D, 0x7D, 0x7D, 0x7D, 0x7D, 0x7D, 0x03, 0xE8, 0xFE, 0x0C, 0xFA, 0x7D, 0x7D,
  0x7D, 0x7D, 0x7D, 0x7D, 0x7D, 0x7D, 0x7D, 0xFE, 0x0C, 0x7D, 0x7D, 0x7D, 0x7D, 0x7D, 0x7D, 0x00,
  0x00, 0x0B, 0x00, 0x00, 0x00, 0x7D, 0x03, 0x6B, 0x03, 0xE8, 0x00, 0x07, 0x00, 0x0B, 0x00, 0x0F,
  0x00, 0x13, 0x00, 0x17, 0x00, 0x1B, 0x00, 0x1F, 0x00, 0x29, 0x00, 0x2D, 0x00, 0x31, 0x00, 0x35,
  0x00, 0x9D, 0xB1, 0x06, 0x64, 0x44, 0x40, 0x92, 0x1C, 0x05, 0x02, 0x02, 0x04, 0x1B, 0x03, 0x03,
  0x01, 0x06, 0x02, 0x01, 0x65, 0x00, 0x06, 0x07, 0x01, 0x00, 0x09, 0x06, 0x00, 0x65, 0x0A, 0x01,
  0x09, 0x0B, 0x01, 0x08, 0x0D, 0x09, 0x08, 0x65, 0x10, 0x0E, 0x1D, 0x03, 0x0D, 0x0F, 0x01, 0x0C,
  0x14, 0x0D, 0x0C, 0x65, 0x15, 0x01, 0x14, 0x00, 0x16, 0x13, 0x14, 0x16, 0x65, 0x17, 0x01, 0x13,
  0x18, 0x01, 0x12, 0x19, 0x13, 0x12, 0x66, 0x00, 0x19, 0x11, 0x11, 0x19, 0x55, 0x00, 0x19, 0x19,
  0x11, 0x5D, 0x1A, 0x01, 0x11, 0x19, 0x11, 0x4D, 0x18, 0x18, 0x08, 0x08, 0x00, 0x00, 0x35, 0x34,
  0x33, 0x32, 0x31, 0x30, 0x2F, 0x2E, 0x2D, 0x2C, 0x2B, 0x2A, 0x29, 0x28, 0x27, 0x26, 0x25, 0x24,
  0x23, 0x22, 0x21, 0x20, 0x1F, 0x1E, 0x1D, 0x1C, 0x18, 0x1B, 0x18, 0x1B, 0x1A, 0x19, 0x17, 0x16,
  0x15, 0x14, 0x13, 0x12, 0x11, 0x10, 0x0F, 0x0E, 0x0D, 0x0C, 0x08, 0x0B, 0x08, 0x0B, 0x0A, 0x09,
  0x00, 0x07, 0x00, 0x07, 0x11, 0x11, 0x11, 0x1E, 0x09, 0x17, 0x2B, 0xB1, 0x06, 0x00, 0x44, 0x13,
  0x15, 0x23, 0x35, 0x23, 0x35, 0x21, 0x15, 0x25, 0x15, 0x23, 0x35, 0x07, 0x33, 0x15, 0x23, 0x07,
  0x23, 0x35, 0x3B, 0x02, 0x15, 0x23, 0x23, 0x15, 0x23, 0x35, 0x21, 0x33, 0x15, 0x23, 0x25, 0x33,
  0x11, 0x23, 0x35, 0x23, 0x35, 0x33, 0x35, 0x33, 0x21, 0x33, 0x15, 0x23, 0x23, 0x33, 0x15, 0x23,
  0x23, 0x33, 0x15, 0x23, 0xFA, 0x7D, 0x7D, 0x01, 0x77, 0x01, 0xF4, 0x7D, 0x7D, 0x7D, 0x7D, 0xFA,
  0x7D, 0x7D, 0x7D, 0x7D, 0x7D, 0xFA, 0xFA, 0x01, 0x77, 0x7D, 0x7D, 0x01, 0x77, 0x7D, 0x7D, 0xFA,
  0x7D, 0x7D, 0xFE, 0x0C, 0x7D, 0x7D, 0x7D, 0x7D, 0x7D, 0x7D, 0x7D, 0x7D, 0x03, 0x6B, 0x7D, 0x7D,
  0x7D, 0x7D, 0x7D, 0x7D, 0x7D, 0x7D, 0x7D, 0x7D, 0x7D, 0x7D, 0x7D, 0x7D, 0x7D, 0x7D, 0xFE, 0x0C,
  0x7D, 0x7D, 0x7D, 0x7D, 0x7D, 0x7D, 0x00, 0x00, 0x00, 0x01, 0x00, 0x00, 0x00, 0xFA, 0x03, 0x6B,
  0x03, 0x6B, 0x00, 0x1B, 0x00, 0x46, 0x40, 0x43, 0x06, 0x01, 0x04, 0x07, 0x01, 0x03, 0x05, 0x04,
  0x03, 0x65, 0x08, 0x01, 0x02, 0x09, 0x01, 0x01, 0x0C, 0x02, 0x01, 0x65, 0x0A, 0x01, 0x00, 0x0E,
  0x0D, 0x02, 0x0B, 0x00, 0x0B, 0x61, 0x00, 0x0C, 0x0C, 0x05, 0x5D, 0x00, 0x05, 0x05, 0x4C, 0x0C,
  0x4C, 0x00, 0x00, 0x00, 0x1B, 0x00, 0x1B, 0x1A, 0x19, 0x18, 0x17, 0x16, 0x15, 0x14, 0x13, 0x11,
  0x11, 0x11, 0x11, 0x11, 0x11, 0x11, 0x11, 0x11, 0x0F, 0x09, 0x1D, 0x2B, 0x37, 0x35, 0x33, 0x35,
  0x23, 0x35, 0x33, 0x35, 0x23, 0x35, 0x33, 0x15, 0x33, 0x35, 0x33, 0x15, 0x23, 0x15, 0x33, 0x15,
  0x23, 0x15, 0x33, 0x15, 0x23, 0x35, 0x23, 0x15, 0x7D, 0x7D, 0xFA, 0xFA, 0x7D, 0xFA, 0x7D, 0xFA,
  0x7D, 0xFA, 0xFA, 0x7D, 0xFA, 0x7D, 0xFA, 0x7D, 0x7D, 0x7D, 0x7D, 0x7D, 0x7D, 0x7D, 0x7D, 0x7D,
  0x7D, 0x7D, 0x7D, 0x7D, 0x7D, 0x00, 0x00, 0x00, 0x00, 0x07, 0x00, 0x00, 0x00, 0x7D, 0x03, 0x6B,
  0x03, 0xE8, 0x00, 0x03, 0x00, 0x07, 0x00, 0x0B, 0x00, 0x0F, 0x00, 0x13, 0x00, 0x17, 0x00, 0x1B,
  0x00, 0x83, 0x40, 0x80, 0x0F, 0x01, 0x03, 0x00, 0x02, 0x05, 0x03, 0x02, 0x65, 0x11, 0x01, 0x07,
  0x00, 0x06, 0x09, 0x07, 0x06, 0x65, 0x12, 0x01, 0x09, 0x00, 0x08, 0x0B, 0x09, 0x08, 0x65, 0x13,
  0x01, 0x0B, 0x00, 0x0A, 0x0D, 0x0B, 0x0A, 0x65, 0x00, 0x00, 0x00, 0x01, 0x5D, 0x0E, 0x01, 0x01,
  0x01, 0x49, 0x4B, 0x00, 0x04, 0x04, 0x05, 0x5D, 0x10, 0x01, 0x05, 0x05, 0x4C, 0x4B, 0x14, 0x01,
  0x0D, 0x0D, 0x0C, 0x5D, 0x00, 0x0C, 0x0C, 0x4A, 0x0C, 0x4C, 0x18, 0x18, 0x14, 0x14, 0x10, 0x10,
  0x0C, 0x0C, 0x08, 0x08, 0x04, 0x04, 0x00, 0x00, 0x18, 0x1B, 0x18, 0x1B, 0x1A, 0x19, 0x14, 0x17,
  0x14, 0x17, 0x16, 0x15, 0x10, 0x13, 0x10, 0x13, 0x12, 0x11, 0x0C, 0x0F, 0x0C, 0x0F, 0x0E, 0x0D,
  0x08, 0x0B, 0x08, 0x0B, 0x0A, 0x09, 0x04, 0x07, 0x04, 0x07, 0x06, 0x05, 0x00, 0x03, 0x00, 0x03,
  0x11, 0x15, 0x09, 0x15, 0x2B, 0x13, 0x15, 0x23, 0x35, 0x17, 0x15, 0x23, 0x35, 0x17, 0x15, 0x23,
  0x35, 0x17, 0x15, 0x23, 0x35, 0x17, 0x15, 0x23, 0x35, 0x17, 0x15, 0x23, 0x35, 0x17, 0x15, 0x23,
  0x35, 0x7D, 0x7D, 0xFA, 0x7D, 0xFA, 0x7D, 0xFA, 0x7D, 0xFA, 0x7D, 0xFA, 0x7D, 0xFA, 0x7D, 0x03,
  0xE8, 0x7D, 0x7D, 0x7D, 0x7D, 0x7D, 0x7D, 0x7D, 0x7D, 0x7D, 0x7D, 0x7D, 0x7D, 0x7D, 0x7D, 0x7D,
  0x7D, 0x7D, 0x7D, 0x7D, 0x7D, 0x00, 0x00, 0x00, 0x00, 0x01, 0x00, 0xFA, 0x01, 0x77, 0x01, 0xF4,
  0x02, 0x71, 0x00, 0x03, 0x00, 0x1E, 0x40, 0x1B, 0x00, 0x00, 0x01, 0x01, 0x00, 0x55, 0x00, 0x00,
  0x00, 0x01, 0x5D, 0x02, 0x01, 0x01, 0x00, 0x01, 0x4D, 0x00, 0x00, 0x00, 0x03, 0x00, 0x03, 0x11,
  0x03, 0x09, 0x15, 0x2B, 0x13, 0x35, 0x33, 0x15, 0xFA, 0xFA, 0x01, 0x77, 0xFA, 0xFA, 0x00, 0x00,
  0x00, 0x01, 0x00, 0xFA, 0x00, 0xFA, 0x02, 0xEE, 0x02, 0xEE, 0x00, 0x0B, 0x00, 0x27, 0x40, 0x24,
  0x03, 0x01, 0x01, 0x04, 0x01, 0x00, 0x05, 0x01, 0x00, 0x65, 0x06, 0x01, 0x05, 0x05, 0x02, 0x5D,
  0x00, 0x02, 0x02, 0x4C, 0x05, 0x4C, 0x00, 0x00, 0x00, 0x0B, 0x00, 0x0B, 0x11, 0x11, 0x11, 0x11,
  0x11, 0x07, 0x09, 0x19, 0x2B, 0x25, 0x35, 0x23, 0x35, 0x33, 0x35, 0x33, 0x15, 0x33, 0x15, 0x23,
  0x15, 0x01, 0x77, 0x7D, 0x7D, 0xFA, 0x7D, 0x7D, 0xFA, 0x7D, 0xFA, 0x7D, 0x7D, 0xFA, 0x7D, 0x00,
  0x00, 0x02, 0x00, 0xFA, 0x00, 0xFA, 0x01, 0xF4, 0x03, 0x6B, 0x00, 0x03, 0x00, 0x07, 0x00, 0x2F,
  0x40, 0x2C, 0x00, 0x00, 0x04, 0x01, 0x01, 0x02, 0x00, 0x01, 0x65, 0x00, 0x02, 0x03, 0x03, 0x02,
  0x55, 0x00, 0x02, 0x02, 0x03, 0x5D, 0x05, 0x01, 0x03, 0x02, 0x03, 0x4D, 0x04, 0x04, 0x00, 0x00,
  0x04, 0x07, 0x04, 0x07, 0x06, 0x05, 0x00, 0x03, 0x00, 0x03, 0x11, 0x06, 0x09, 0x15, 0x2B, 0x13,
  0x35, 0x33, 0x15, 0x03, 0x35, 0x33, 0x15, 0xFA, 0xFA, 0xFA, 0xFA, 0x02, 0x71, 0xFA, 0xFA, 0xFE,
  0x89, 0xFA, 0xFA, 0x00, 0x00, 0x01, 0x00, 0x7D, 0x00, 0x00, 0x01, 0xF4, 0x01, 0x77, 0x00, 0x07,
  0x00, 0x25, 0x40, 0x22, 0x00, 0x01, 0x01, 0x02, 0x5D, 0x00, 0x02, 0x02, 0x4A, 0x4B, 0x00, 0x00,
  0x00, 0x03, 0x5D, 0x04, 0x01, 0x03, 0x03, 0x4E, 0x03, 0x4C, 0x00, 0x00, 0x00, 0x07, 0x00, 0x07,
  0x11, 0x11, 0x11, 0x05, 0x09, 0x17, 0x2B, 0x33, 0x35, 0x33, 0x35, 0x33, 0x15, 0x23, 0x15, 0x7D,
  0x7D, 0xFA, 0x7D, 0x7D, 0xFA, 0xFA, 0x7D, 0x00, 0x00, 0x03, 0x00, 0x00, 0x00, 0x7D, 0x03, 0x6B,
  0x01, 0x77, 0x00, 0x03, 0x00, 0x07, 0x00, 0x0B, 0x00, 0x2F, 0x40, 0x2C, 0x04, 0x02, 0x02, 0x00,
  0x00, 0x01, 0x5D, 0x08, 0x05, 0x07, 0x03, 0x06, 0x05, 0x01, 0x01, 0x4A, 0x01, 0x4C, 0x08, 0x08,
  0x04, 0x04, 0x00, 0x00, 0x08, 0x0B, 0x08, 0x0B, 0x0A, 0x09, 0x04, 0x07, 0x04, 0x07, 0x06, 0x05,
  0x00, 0x03, 0x00, 0x03, 0x11, 0x09, 0x09, 0x15, 0x2B, 0x35, 0x35, 0x33, 0x15, 0x33, 0x35, 0x33,
  0x15, 0x33, 0x35, 0x33, 0x15, 0x7D, 0xFA, 0x7D, 0xFA, 0x7D, 0x7D, 0xFA, 0xFA, 0xFA, 0xFA, 0xFA,
  0xFA, 0x00, 0x00, 0x00, 0x00, 0x02, 0x00, 0xFA, 0x00, 0x7D, 0x02, 0x71, 0x03, 0xE8, 0x00, 0x05,
  0x00, 0x09, 0x00, 0x35, 0x40, 0x32, 0x05, 0x01, 0x02, 0x01, 0x03, 0x01, 0x02, 0x03, 0x7E, 0x00,
  0x01, 0x01, 0x00, 0x5D, 0x00, 0x00, 0x00, 0x49, 0x4B, 0x00, 0x03, 0x03, 0x04, 0x5D, 0x06, 0x01,
  0x04, 0x04, 0x4A, 0x04, 0x4C, 0x06, 0x06, 0x00, 0x00, 0x06, 0x09, 0x06, 0x09, 0x08, 0x07, 0x00,
  0x05, 0x00, 0x05, 0x11, 0x11, 0x07, 0x09, 0x16, 0x2B, 0x13, 0x11, 0x21, 0x11, 0x23, 0x15, 0x07,
  0x35, 0x33, 0x15, 0xFA, 0x01, 0x77, 0x7D, 0xFA, 0xFA, 0x01, 0x77, 0x02, 0x71, 0xFE, 0x89, 0xFA,
  0xFA, 0x7D, 0x7D, 0x00, 0x00, 0x02, 0x00, 0xFA, 0x00, 0x7D, 0x02, 0x71, 0x03, 0xE8, 0x00, 0x03,
  0x00, 0x09, 0x00, 0x33, 0x40, 0x30, 0x05, 0x01, 0x01, 0x01, 0x00, 0x5D, 0x00, 0x00, 0x00, 0x49,
  0x4B, 0x00, 0x03, 0x03, 0x4C, 0x4B, 0x00, 0x02, 0x02, 0x04, 0x5E, 0x06, 0x01, 0x04, 0x04, 0x4A,
  0x04, 0x4C, 0x04, 0x04, 0x00, 0x00, 0x04, 0x09, 0x04, 0x09, 0x08, 0x07, 0x06, 0x05, 0x00, 0x03,
  0x00, 0x03, 0x11, 0x07, 0x09, 0x15, 0x2B, 0x01, 0x35, 0x33, 0x15, 0x01, 0x11, 0x33, 0x35, 0x33,
  0x11, 0x01, 0x77, 0xFA, 0xFE, 0x89, 0x7D, 0xFA, 0x03, 0x6B, 0x7D, 0x7D, 0xFD, 0x12, 0x01, 0x77,
  0xFA, 0xFD, 0x8F, 0x00, 0x00, 0x02, 0x00, 0x00, 0x00, 0x7D, 0x03, 0x6B, 0x03, 0xE8, 0x00, 0x1B,
  0x00, 0x1F, 0x00, 0x47, 0x40, 0x44, 0x07, 0x05, 0x02, 0x03, 0x0F, 0x08, 0x02, 0x02, 0x01, 0x03,
  0x02, 0x65, 0x0E, 0x09, 0x02, 0x01, 0x0C, 0x0A, 0x02, 0x00, 0x0B, 0x01, 0x00, 0x65, 0x06, 0x01,
  0x04, 0x04, 0x49, 0x4B, 0x10, 0x0D, 0x02, 0x0B, 0x0B, 0x4A, 0x0B, 0x4C, 0x00, 0x00, 0x1F, 0x1E,
  0x1D, 0x1C, 0x00, 0x1B, 0x00, 0x1B, 0x1A, 0x19, 0x18, 0x17, 0x16, 0x15, 0x14, 0x13, 0x11, 0x11,
  0x11, 0x11, 0x11, 0x11, 0x11, 0x11, 0x11, 0x11, 0x09, 0x1D, 0x2B, 0x37, 0x35, 0x23, 0x35, 0x33,
  0x11, 0x23, 0x35, 0x33, 0x35, 0x33, 0x15, 0x33, 0x35, 0x33, 0x15, 0x33, 0x15, 0x23, 0x11, 0x33,
  0x15, 0x23, 0x15, 0x23, 0x35, 0x23, 0x15, 0x35, 0x33, 0x11, 0x23, 0x7D, 0x7D, 0x7D, 0x7D, 0x7D,
  0xFA, 0x7D, 0xFA, 0x7D, 0x7D, 0x7D, 0x7D, 0xFA, 0x7D, 0x7D, 0x7D, 0x7D, 0x7D, 0x7D, 0x01, 0x77,
  0x7D, 0x7D, 0x7D, 0x7D, 0x7D, 0x7D, 0xFE, 0x89, 0x7D, 0x7D, 0x7D, 0x7D, 0xFA, 0x01, 0x77, 0x00,
  0x00, 0x01, 0x00, 0xFA, 0x00, 0x7D, 0x01, 0xF4, 0x01, 0x77, 0x00, 0x03, 0x00, 0x19, 0x40, 0x16,
  0x00, 0x00, 0x00, 0x01, 0x5D, 0x02, 0x01, 0x01, 0x01, 0x4A, 0x01, 0x4C, 0x00, 0x00, 0x00, 0x03,
  0x00, 0x03, 0x11, 0x03, 0x09, 0x15, 0x2B, 0x37, 0x35, 0x33, 0x15, 0xFA, 0xFA, 0x7D, 0xFA, 0xFA,
  0x00, 0x02, 0x00, 0x00, 0x00, 0x7D, 0x03, 0x6B, 0x03, 0xE8, 0x00, 0x13, 0x00, 0x17, 0x00, 0x97,
  0x4B, 0xB0, 0x0A, 0x50, 0x58, 0x40, 0x37, 0x00, 0x01, 0x03, 0x08, 0x00, 0x01, 0x70, 0x00, 0x08,
  0x00, 0x03, 0x08, 0x00, 0x7C, 0x06, 0x01, 0x04, 0x07, 0x01, 0x03, 0x01, 0x04, 0x03, 0x65, 0x00,
  0x00, 0x0C, 0x01, 0x09, 0x0A, 0x00, 0x09, 0x66, 0x00, 0x02, 0x02, 0x05, 0x5D, 0x00, 0x05, 0x05,
  0x49, 0x4B, 0x00, 0x0A, 0x0A, 0x0B, 0x5D, 0x0D, 0x01, 0x0B, 0x0B, 0x4A, 0x0B, 0x4C, 0x1B, 0x40,
  0x38, 0x00, 0x01, 0x03, 0x08, 0x03, 0x01, 0x08, 0x7E, 0x00, 0x08, 0x00, 0x03, 0x08, 0x00, 0x7C,
  0x06, 0x01, 0x04, 0x07, 0x01, 0x03, 0x01, 0x04, 0x03, 0x65, 0x00, 0x00, 0x0C, 0x01, 0x09, 0x0A,
  0x00, 0x09, 0x66, 0x00, 0x02, 0x02, 0x05, 0x5D, 0x00, 0x05, 0x05, 0x49, 0x4B, 0x00, 0x0A, 0x0A,
  0x0B, 0x5D, 0x0D, 0x01, 0x0B, 0x0B, 0x4A, 0x0B, 0x4C, 0x59, 0x40, 0x1A, 0x14, 0x14, 0x00, 0x00,
  0x14, 0x17, 0x14, 0x17, 0x16, 0x15, 0x00, 0x13, 0x00, 0x13, 0x11, 0x11, 0x11, 0x11, 0x11, 0x11,
  0x11, 0x11, 0x11, 0x0E, 0x09, 0x1D, 0x2B, 0x13, 0x35, 0x33, 0x35, 0x33, 0x35, 0x21, 0x15, 0x23,
  0x35, 0x33, 0x35, 0x21, 0x15, 0x33, 0x15, 0x23, 0x15, 0x23, 0x15, 0x05, 0x35, 0x21, 0x15, 0xFA,
  0xFA, 0x7D, 0xFE, 0x89, 0xFA, 0x7D, 0x02, 0x71, 0x7D, 0x7D, 0x7D, 0xFE, 0x89, 0x01, 0x77, 0x01,
  0x77, 0x7D, 0x7D, 0x7D, 0x7D, 0xFA, 0x7D, 0x7D, 0xFA, 0x7D, 0x7D, 0xFA, 0x7D, 0x7D, 0x00, 0x00,
  0x00, 0x02, 0x00, 0x00, 0x00, 0x7D, 0x03, 0x6B, 0x03, 0xE8, 0x00, 0x03, 0x00, 0x17, 0x00, 0xA3,
  0x4B, 0xB0, 0x0A, 0x50, 0x58, 0x40, 0x39, 0x00, 0x04, 0x06, 0x07, 0x06, 0x04, 0x07, 0x7E, 0x00,
  0x07, 0x03, 0x06, 0x07, 0x6E, 0x09, 0x01, 0x03, 0x0A, 0x01, 0x02, 0x0B, 0x03, 0x02, 0x65, 0x0C,
  0x01, 0x01, 0x01, 0x00, 0x5D, 0x00, 0x00, 0x00, 0x49, 0x4B, 0x00, 0x06, 0x06, 0x05, 0x5D, 0x00,
  0x05, 0x05, 0x4C, 0x4B, 0x00, 0x08, 0x08, 0x0B, 0x5E, 0x0D, 0x01, 0x0B, 0x0B, 0x4A, 0x0B, 0x4C,
  0x1B, 0x40, 0x3A, 0x00, 0x04, 0x06, 0x07, 0x06, 0x04, 0x07, 0x7E, 0x00, 0x07, 0x03, 0x06, 0x07,
  0x03, 0x7C, 0x09, 0x01, 0x03, 0x0A, 0x01, 0x02, 0x0B, 0x03, 0x02, 0x65, 0x0C, 0x01, 0x01, 0x01,
  0x00, 0x5D, 0x00, 0x00, 0x00, 0x49, 0x4B, 0x00, 0x06, 0x06, 0x05, 0x5D, 0x00, 0x05, 0x05, 0x4C,
  0x4B, 0x00, 0x08, 0x08, 0x0B, 0x5E, 0x0D, 0x01, 0x0B, 0x0B, 0x4A, 0x0B, 0x4C, 0x59, 0x40, 0x22,
  0x04, 0x04, 0x00, 0x00, 0x04, 0x17, 0x04, 0x17, 0x16, 0x15, 0x14, 0x13, 0x12, 0x11, 0x10, 0x0F,
  0x0E, 0x0D, 0x0C, 0x0B, 0x0A, 0x09, 0x08, 0x07, 0x06, 0x05, 0x00, 0x03, 0x00, 0x03, 0x11, 0x0E,
  0x09, 0x15, 0x2B, 0x13, 0x35, 0x21, 0x15, 0x01, 0x35, 0x23, 0x35, 0x33, 0x35, 0x33, 0x35, 0x21,
  0x15, 0x23, 0x15, 0x23, 0x15, 0x21, 0x35, 0x33, 0x15, 0x23, 0x15, 0xFA, 0x01, 0x77, 0xFE, 0x0C,
  0x7D, 0x7D, 0x7D, 0x01, 0x77, 0xFA, 0x7D, 0x01, 0x77, 0xFA, 0x7D, 0x03, 0x6B, 0x7D, 0x7D, 0xFD,
  0x12, 0x7D, 0xFA, 0x7D, 0x7D, 0x7D, 0x7D, 0x7D, 0x7D, 0xFA, 0x7D, 0x00, 0x00, 0x02, 0x00, 0x7D,
  0x02, 0x71, 0x02, 0xEE, 0x03, 0xE8, 0x00, 0x03, 0x00, 0x07, 0x00, 0x24, 0x40, 0x21, 0x05, 0x03,
  0x04, 0x03, 0x01, 0x01, 0x00, 0x5D, 0x02, 0x01, 0x00, 0x00, 0x49, 0x01, 0x4C, 0x04, 0x04, 0x00,
  0x00, 0x04, 0x07, 0x04, 0x07, 0x06, 0x05, 0x00, 0x03, 0x00, 0x03, 0x11, 0x06, 0x09, 0x15, 0x2B,
  0x13, 0x11, 0x33, 0x11, 0x33, 0x11, 0x33, 0x11, 0x7D, 0xFA, 0x7D, 0xFA, 0x02, 0x71, 0x01, 0x77,
  0xFE, 0x89, 0x01, 0x77, 0xFE, 0x89, 0x00, 0x00, 0x00, 0x01, 0x00, 0xFA, 0x02, 0x71, 0x01, 0xF4,
  0x03, 0xE8, 0x00, 0x03, 0x00, 0x19, 0x40, 0x16, 0x02, 0x01, 0x01, 0x01, 0x00, 0x5D, 0x00, 0x00,
  0x00, 0x49, 0x01, 0x4C, 0x00, 0x00, 0x00, 0x03, 0x00, 0x03, 0x11, 0x03, 0x09, 0x15, 0x2B, 0x13,
  0x11, 0x33, 0x11, 0xFA, 0xFA, 0x02, 0x71, 0x01, 0x77, 0xFE, 0x89, 0x00, 0x00, 0x02, 0x00, 0x7D,
  0x00, 0x7D, 0x01, 0xF4, 0x03, 0x6B, 0x00, 0x03, 0x00, 0x0B, 0x00, 0x36, 0x40, 0x33, 0x00, 0x00,
  0x06, 0x01, 0x01, 0x03, 0x00, 0x01, 0x65, 0x00, 0x03, 0x00, 0x04, 0x02, 0x03, 0x04, 0x65, 0x00,
  0x02, 0x02, 0x05, 0x5D, 0x07, 0x01, 0x05, 0x05, 0x4A, 0x05, 0x4C, 0x04, 0x04, 0x00, 0x00, 0x04,
  0x0B, 0x04, 0x0B, 0x0A, 0x09, 0x08, 0x07, 0x06, 0x05, 0x00, 0x03, 0x00, 0x03, 0x11, 0x08, 0x09,
  0x15, 0x2B, 0x13, 0x35, 0x33, 0x15, 0x01, 0x35, 0x33, 0x35, 0x33, 0x15, 0x23, 0x15, 0xFA, 0xFA,
  0xFE, 0x89, 0x7D, 0xFA, 0x7D, 0x02, 0x71, 0xFA, 0xFA, 0xFE, 0x0C, 0x7D, 0xFA, 0xFA, 0x7D, 0x00,
  0x00, 0x07, 0x00, 0x00, 0x00, 0x7D, 0x03, 0x6B, 0x03, 0xE8, 0x00, 0x03, 0x00, 0x07, 0x00, 0x0B,
  0x00, 0x0F, 0x00, 0x13, 0x00, 0x17, 0x00, 0x1B, 0x00, 0x65, 0x40, 0x62, 0x00, 0x02, 0x00, 0x03,
  0x04, 0x02, 0x03, 0x65, 0x00, 0x06, 0x00, 0x07, 0x08, 0x06, 0x07, 0x65, 0x00, 0x08, 0x00, 0x09,
  0x0A, 0x08, 0x09, 0x65, 0x00, 0x0A, 0x00, 0x0B, 0x0C, 0x0A, 0x0B, 0x65, 0x00, 0x00, 0x00, 0x01,
  0x5D, 0x0E, 0x01, 0x01, 0x01, 0x49, 0x4B, 0x00, 0x05, 0x05, 0x04, 0x5D, 0x00, 0x04, 0x04, 0x4C,
  0x4B, 0x00, 0x0C, 0x0C, 0x0D, 0x5D, 0x00, 0x0D, 0x0D, 0x4A, 0x0D, 0x4C, 0x00, 0x00, 0x1B, 0x1A,
  0x19, 0x18, 0x17, 0x16, 0x15, 0x14, 0x13, 0x12, 0x11, 0x10, 0x0F, 0x0E, 0x0D, 0x0C, 0x0B, 0x0A,
  0x09, 0x08, 0x07, 0x06, 0x05, 0x04, 0x00, 0x03, 0x00, 0x03, 0x11, 0x0F, 0x09, 0x15, 0x2B, 0x01,
  0x15, 0x23, 0x35, 0x07, 0x33, 0x15, 0x23, 0x23, 0x33, 0x15, 0x23, 0x23, 0x33, 0x15, 0x23, 0x23,
  0x33, 0x15, 0x23, 0x23, 0x33, 0x15, 0x23, 0x23, 0x33, 0x15, 0x23, 0x03, 0x6B, 0x7D, 0x7D, 0x7D,
  0x7D, 0x7D, 0x7D, 0x7D, 0x7D, 0x7D, 0x7D, 0x7D, 0x7D, 0x7D, 0x7D, 0x7D, 0x7D, 0x7D, 0x7D, 0x7D,
  0x03, 0xE8, 0x7D, 0x7D, 0x7D, 0x7D, 0x7D, 0x7D, 0x7D, 0x7D, 0x7D, 0x00, 0x00, 0x01, 0x00, 0x00,
  0x00, 0x00, 0x03, 0x6B, 0x00, 0x7D, 0x00, 0x03, 0x00, 0x26, 0xB1, 0x06, 0x64, 0x44, 0x40, 0x1B,
  0x00, 0x00, 0x01, 0x01, 0x00, 0x55, 0x00, 0x00, 0x00, 0x01, 0x5D, 0x02, 0x01, 0x01, 0x00, 0x01,
  0x4D, 0x00, 0x00, 0x00, 0x03, 0x00, 0x03, 0x11, 0x03, 0x09, 0x15, 0x2B, 0xB1, 0x06, 0x00, 0x44,
  0x31, 0x35, 0x21, 0x15, 0x03, 0x6B, 0x7D, 0x7D, 0x00, 0x01, 0x00, 0xFA, 0x00, 0x7D, 0x02, 0xEE,
  0x03, 0xE8, 0x00, 0x13, 0x00, 0x4B, 0x40, 0x48, 0x00, 0x06, 0x03, 0x02, 0x03, 0x06, 0x02, 0x7E,
  0x00, 0x07, 0x01, 0x00, 0x01, 0x07, 0x00, 0x7E, 0x00, 0x02, 0x00, 0x01, 0x07, 0x02, 0x01, 0x65,
  0x00, 0x03, 0x00, 0x00, 0x08, 0x03, 0x00, 0x65, 0x00, 0x05, 0x05, 0x04, 0x5D, 0x00, 0x04, 0x04,
  0x49, 0x4B, 0x00, 0x08, 0x08, 0x09, 0x5E, 0x0A, 0x01, 0x09, 0x09, 0x4A, 0x09, 0x4C, 0x00, 0x00,
  0x00, 0x13, 0x00, 0x13, 0x11, 0x11, 0x11, 0x11, 0x11, 0x11, 0x11, 0x11, 0x11, 0x0B, 0x09, 0x1D,
  0x2B, 0x25, 0x35, 0x23, 0x35, 0x23, 0x35, 0x33, 0x35, 0x33, 0x35, 0x33, 0x15, 0x23, 0x15, 0x23,
  0x15, 0x33, 0x15, 0x33, 0x15, 0x01, 0xF4, 0x7D, 0x7D, 0x7D, 0x7D, 0xFA, 0x7D, 0x7D, 0x7D, 0x7D,
  0x7D, 0x7D, 0xFA, 0x7D, 0xFA, 0x7D, 0x7D, 0xFA, 0x7D, 0xFA, 0x7D, 0x00, 0x00, 0x01, 0x00, 0x7D,
  0x00, 0x7D, 0x02, 0x71, 0x03, 0xE8, 0x00, 0x13, 0x00, 0x4B, 0x40, 0x48, 0x00, 0x02, 0x05, 0x06,
  0x05, 0x02, 0x06, 0x7E, 0x00, 0x01, 0x07, 0x08, 0x07, 0x01, 0x08, 0x7E, 0x00, 0x06, 0x00, 0x07,
  0x01, 0x06, 0x07, 0x65, 0x00, 0x05, 0x00, 0x08, 0x00, 0x05, 0x08, 0x65, 0x00, 0x03, 0x03, 0x04,
  0x5D, 0x00, 0x04, 0x04, 0x49, 0x4B, 0x00, 0x00, 0x00, 0x09, 0x5E, 0x0A, 0x01, 0x09, 0x09, 0x4A,
  0x09, 0x4C, 0x00, 0x00, 0x00, 0x13, 0x00, 0x13, 0x11, 0x11, 0x11, 0x11, 0x11, 0x11, 0x11, 0x11,
  0x11, 0x0B, 0x09, 0x1D, 0x2B, 0x37, 0x35, 0x33, 0x35, 0x33, 0x35, 0x23, 0x35, 0x23, 0x35, 0x33,
  0x15, 0x33, 0x15, 0x33, 0x15, 0x23, 0x15, 0x23, 0x15, 0x7D, 0x7D, 0x7D, 0x7D, 0x7D, 0xFA, 0x7D,
  0x7D, 0x7D, 0x7D, 0x7D, 0x7D, 0xFA, 0x7D, 0xFA, 0x7D, 0x7D, 0xFA, 0x7D, 0xFA, 0x7D, 0x00, 0x00,
  0x00, 0x01, 0x00, 0xFA, 0x00, 0x7D, 0x02, 0xEE, 0x03, 0xE8, 0x00, 0x07, 0x00, 0x25, 0x40, 0x22,
  0x00, 0x01, 0x01, 0x00, 0x5D, 0x00, 0x00, 0x00, 0x49, 0x4B, 0x00, 0x02, 0x02, 0x03, 0x5D, 0x04,
  0x01, 0x03, 0x03, 0x4A, 0x03, 0x4C, 0x00, 0x00, 0x00, 0x07, 0x00, 0x07, 0x11, 0x11, 0x11, 0x05,
  0x09, 0x17, 0x2B, 0x37, 0x11, 0x21, 0x15, 0x23, 0x11, 0x33, 0x15, 0xFA, 0x01, 0xF4, 0xFA, 0xFA,
  0x7D, 0x03, 0x6B, 0x7D, 0xFD, 0x8F, 0x7D, 0x00, 0x00, 0x01, 0x00, 0x7D, 0x00, 0x7D, 0x02, 0x71,
  0x03, 0xE8, 0x00, 0x07, 0x00, 0x25, 0x40, 0x22, 0x00, 0x01, 0x01, 0x02, 0x5D, 0x00, 0x02, 0x02,
  0x49, 0x4B, 0x00, 0x00, 0x00, 0x03, 0x5D, 0x04, 0x01, 0x03, 0x03, 0x4A, 0x03, 0x4C, 0x00, 0x00,
  0x00, 0x07, 0x00, 0x07, 0x11, 0x11, 0x11, 0x05, 0x09, 0x17, 0x2B, 0x37, 0x35, 0x33, 0x11, 0x23,
  0x35, 0x21, 0x11, 0x7D, 0xFA, 0xFA, 0x01, 0xF4, 0x7D, 0x7D, 0x02, 0x71, 0x7D, 0xFC, 0x95, 0x00,
  0x00, 0x01, 0x00, 0xFA, 0x00, 0x7D, 0x02, 0xEE, 0x03, 0xE8, 0x00, 0x13, 0x00, 0x8E, 0x4B, 0xB0,
  0x0A, 0x50, 0x58, 0x40, 0x36, 0x00, 0x06, 0x03, 0x02, 0x05, 0x06, 0x70, 0x00, 0x07, 0x01, 0x00,
  0x08, 0x07, 0x70, 0x00, 0x03, 0x00, 0x00, 0x08, 0x03, 0x00, 0x65, 0x00, 0x05, 0x05, 0x04, 0x5D,
  0x00, 0x04, 0x04, 0x49, 0x4B, 0x00, 0x01, 0x01, 0x02, 0x5D, 0x00, 0x02, 0x02, 0x4C, 0x4B, 0x00,
  0x08, 0x08, 0x09, 0x5E, 0x0A, 0x01, 0x09, 0x09, 0x4A, 0x09, 0x4C, 0x1B, 0x40, 0x38, 0x00, 0x06,
  0x03, 0x02, 0x03, 0x06, 0x02, 0x7E, 0x00, 0x07, 0x01, 0x00, 0x01, 0x07, 0x00, 0x7E, 0x00, 0x03,
  0x00, 0x00, 0x08, 0x03, 0x00, 0x65, 0x00, 0x05, 0x05, 0x04, 0x5D, 0x00, 0x04, 0x04, 0x49, 0x4B,
  0x00, 0x01, 0x01, 0x02, 0x5D, 0x00, 0x02, 0x02, 0x4C, 0x4B, 0x00, 0x08, 0x08, 0x09, 0x5E, 0x0A,
  0x01, 0x09, 0x09, 0x4A, 0x09, 0x4C, 0x59, 0x40, 0x12, 0x00, 0x00, 0x00, 0x13, 0x00, 0x13, 0x11,
  0x11, 0x11, 0x11, 0x11, 0x11, 0x11, 0x11, 0x11, 0x0B, 0x09, 0x1D, 0x2B, 0x25, 0x35, 0x23, 0x35,
  0x23, 0x11, 0x33, 0x35, 0x33, 0x35, 0x33, 0x15, 0x23, 0x15, 0x23, 0x11, 0x33, 0x15, 0x33, 0x15,
  0x01, 0xF4, 0x7D, 0x7D, 0x7D, 0x7D, 0xFA, 0x7D, 0x7D, 0x7D, 0x7D, 0x7D, 0x7D, 0x7D, 0x01, 0x77,
  0x7D, 0x7D, 0x7D, 0x7D, 0xFE, 0x89, 0x7D, 0x7D, 0x00, 0x01, 0x00, 0x7D, 0x00, 0x7D, 0x02, 0x71,
  0x03, 0xE8, 0x00, 0x13, 0x00, 0x8E, 0x4B, 0xB0, 0x0A, 0x50, 0x58, 0x40, 0x36, 0x00, 0x02, 0x05,
  0x06, 0x03, 0x02, 0x70, 0x00, 0x01, 0x07, 0x08, 0x00, 0x01, 0x70, 0x00, 0x05, 0x00, 0x08, 0x00,
  0x05, 0x08, 0x65, 0x00, 0x03, 0x03, 0x04, 0x5D, 0x00, 0x04, 0x04, 0x49, 0x4B, 0x00, 0x07, 0x07,
  0x06, 0x5D, 0x00, 0x06, 0x06, 0x4C, 0x4B, 0x00, 0x00, 0x00, 0x09, 0x5E, 0x0A, 0x01, 0x09, 0x09,
  0x4A, 0x09, 0x4C, 0x1B, 0x40, 0x38, 0x00, 0x02, 0x05, 0x06, 0x05, 0x02, 0x06, 0x7E, 0x00, 0x01,
  0x07, 0x08, 0x07, 0x01, 0x08, 0x7E, 0x00, 0x05, 0x00, 0x08, 0x00, 0x05, 0x08, 0x65, 0x00, 0x03,
  0x03, 0x04, 0x5D, 0x00, 0x04, 0x04, 0x49, 0x4B, 0x00, 0x07, 0x07, 0x06, 0x5D, 0x00, 0x06, 0x06,
  0x4C, 0x4B, 0x00, 0x00, 0x00, 0x09, 0x5E, 0x0A, 0x01, 0x09, 0x09, 0x4A, 0x09, 0x4C, 0x59, 0x40,
  0x12, 0x00, 0x00, 0x00, 0x13, 0x00, 0x13, 0x11, 0x11, 0x11, 0x11, 0x11, 0x11, 0x11, 0x11, 0x11,
  0x0B, 0x09, 0x1D, 0x2B, 0x37, 0x35, 0x33, 0x35, 0x33, 0x11, 0x23, 0x35, 0x23, 0x35, 0x33, 0x15,
  0x33, 0x15, 0x33, 0x11, 0x23, 0x15, 0x23, 0x15, 0x7D, 0x7D, 0x7D, 0x7D, 0x7D, 0xFA, 0x7D, 0x7D,
  0x7D, 0x7D, 0x7D, 0x7D, 0x7D, 0x01, 0x77, 0x7D, 0x7D, 0x7D, 0x7D, 0xFE, 0x89, 0x7D, 0x7D, 0x00,
  0x00, 0x01, 0x00, 0x00, 0x01, 0xF4, 0x03, 0xE8, 0x02, 0x71, 0x00, 0x03, 0x00, 0x1E, 0x40, 0x1B,
  0x00, 0x00, 0x01, 0x01, 0x00, 0x55, 0x00, 0x00, 0x00, 0x01, 0x5D, 0x02, 0x01, 0x01, 0x00, 0x01,
  0x4D, 0x00, 0x00, 0x00, 0x03, 0x00, 0x03, 0x11, 0x03, 0x09, 0x15, 0x2B, 0x11, 0x35, 0x21, 0x15,
  0x03, 0xE8, 0x01, 0xF4, 0x7D, 0x7D, 0x00, 0x00, 0x00, 0x01, 0x00, 0x00, 0x01, 0xF4, 0x03, 0x6B,
  0x02, 0x71, 0x00, 0x03, 0x00, 0x1E, 0x40, 0x1B, 0x00, 0x00, 0x01, 0x01, 0x00, 0x55, 0x00, 0x00,
  0x00, 0x01, 0x5D, 0x02, 0x01, 0x01, 0x00, 0x01, 0x4D, 0x00, 0x00, 0x00, 0x03, 0x00, 0x03, 0x11,
  0x03, 0x09, 0x15, 0x2B, 0x11, 0x35, 0x21, 0x15, 0x03, 0x6B, 0x01, 0xF4, 0x7D, 0x7D, 0x00, 0x00,
  0x00, 0x01, 0x00, 0x00, 0x01, 0xF4, 0x03, 0x6B, 0x02, 0x71, 0x00, 0x03, 0x00, 0x1E, 0x40, 0x1B,
  0x00, 0x00, 0x01, 0x01, 0x00, 0x55, 0x00, 0x00, 0x00, 0x01, 0x5D, 0x02, 0x01, 0x01, 0x00, 0x01,
  0x4D, 0x00, 0x00, 0x00, 0x03, 0x00, 0x03, 0x11, 0x03, 0x09, 0x15, 0x2B, 0x11, 0x35, 0x21, 0x15,
  0x03, 0x6B, 0x01, 0xF4, 0x7D, 0x7D, 0x00, 0x00, 0x00, 0x01, 0x00, 0x7D, 0x01, 0xF4, 0x03, 0x6B,
  0x02, 0x71, 0x00, 0x03, 0x00, 0x1E, 0x40, 0x1B, 0x00, 0x00, 0x01, 0x01, 0x00, 0x55, 0x00, 0x00,
  0x00, 0x01, 0x5D, 0x02, 0x01, 0x01, 0x00, 0x01, 0x4D, 0x00, 0x00, 0x00, 0x03, 0x00, 0x03, 0x11,
  0x03, 0x09, 0x15, 0x2B, 0x13, 0x35, 0x21, 0x15, 0x7D, 0x02, 0xEE, 0x01, 0xF4, 0x7D, 0x7D, 0x00,
  0x00, 0x01, 0x00, 0x7D, 0x01, 0xF4, 0x03, 0x6B, 0x02, 0x71, 0x00, 0x03, 0x00, 0x1E, 0x40, 0x1B,
  0x00, 0x00, 0x01, 0x01, 0x00, 0x55, 0x00, 0x00, 0x00, 0x01, 0x5D, 0x02, 0x01, 0x01, 0x00, 0x01,
  0x4D, 0x00, 0x00, 0x00, 0x03, 0x00, 0x03, 0x11, 0x03, 0x09, 0x15, 0x2B, 0x13, 0x35, 0x21, 0x15,
  0x7D, 0x02, 0xEE, 0x01, 0xF4, 0x7D, 0x7D, 0x00, 0x00, 0x02, 0x00, 0x00, 0x00, 0xFA, 0x03, 0x6B,
  0x03, 0x6B, 0x00, 0x1B, 0x00, 0x27, 0x00, 0xAC, 0x4B, 0xB0, 0x0A, 0x50, 0x58, 0x40, 0x3B, 0x12,
  0x01, 0x08, 0x03, 0x02, 0x07, 0x08, 0x70, 0x13, 0x01, 0x09, 0x01, 0x00, 0x0A, 0x09, 0x70, 0x06,
  0x01, 0x04, 0x11, 0x01, 0x07, 0x03, 0x04, 0x07, 0x65, 0x10, 0x01, 0x02, 0x0F, 0x01, 0x01, 0x09,
  0x02, 0x01, 0x65, 0x0E, 0x01, 0x0A, 0x14, 0x0D, 0x02, 0x0B, 0x0A, 0x0B, 0x62, 0x0C, 0x01, 0x00,
  0x00, 0x03, 0x5D, 0x05, 0x01, 0x03, 0x03, 0x4C, 0x00, 0x4C, 0x1B, 0x40, 0x3D, 0x12, 0x01, 0x08,
  0x03, 0x02, 0x03, 0x08, 0x02, 0x7E, 0x13, 0x01, 0x09, 0x01, 0x00, 0x01, 0x09, 0x00, 0x7E, 0x06,
  0x01, 0x04, 0x11, 0x01, 0x07, 0x03, 0x04, 0x07, 0x65, 0x10, 0x01, 0x02, 0x0F, 0x01, 0x01, 0x09,
  0x02, 0x01, 0x65, 0x0E, 0x01, 0x0A, 0x14, 0x0D, 0x02, 0x0B, 0x0A, 0x0B, 0x62, 0x0C, 0x01, 0x00,
  0x00, 0x03, 0x5D, 0x05, 0x01, 0x03, 0x03, 0x4C, 0x00, 0x4C, 0x59, 0x40, 0x26, 0x00, 0x00, 0x27,
  0x26, 0x25, 0x24, 0x23, 0x22, 0x21, 0x20, 0x1F, 0x1E, 0x1D, 0x1C, 0x00, 0x1B, 0x00, 0x1B, 0x1A,
  0x19, 0x18, 0x17, 0x16, 0x15, 0x14, 0x13, 0x11, 0x11, 0x11, 0x11, 0x11, 0x11, 0x11, 0x11, 0x11,
  0x15, 0x09, 0x1D, 0x2B, 0x37, 0x35, 0x23, 0x35, 0x23, 0x35, 0x33, 0x35, 0x33, 0x35, 0x33, 0x15,
  0x33, 0x35, 0x33, 0x15, 0x23, 0x15, 0x23, 0x15, 0x33, 0x15, 0x33, 0x15, 0x23, 0x35, 0x23, 0x15,
  0x27, 0x33, 0x35, 0x23, 0x35, 0x33, 0x35, 0x23, 0x15, 0x23, 0x15, 0x33, 0xFA, 0x7D, 0x7D, 0x7D,
  0x7D, 0xFA, 0x7D, 0xFA, 0x7D, 0x7D, 0x7D, 0x7D, 0xFA, 0x7D, 0x7D, 0x7D, 0x7D, 0x7D, 0x7D, 0x7D,
  0x7D, 0xFA, 0x7D, 0x7D, 0x7D, 0x7D, 0x7D, 0x7D, 0x7D, 0x7D, 0x7D, 0x7D, 0x7D, 0x7D, 0x7D, 0x7D,
  0x7D, 0x7D, 0x7D, 0x7D, 0x7D, 0x7D, 0x00, 0x00, 0x00, 0x02, 0x00, 0x00, 0x00, 0xFA, 0x03, 0x6B,
  0x03, 0x6B, 0x00, 0x1B, 0x00, 0x27, 0x00, 0xAC, 0x4B, 0xB0, 0x0A, 0x50, 0x58, 0x40, 0x3B, 0x10,
  0x01, 0x02, 0x05, 0x08, 0x03, 0x02, 0x70, 0x0F, 0x01, 0x01, 0x09, 0x0A, 0x00, 0x01, 0x70, 0x06,
  0x01, 0x04, 0x11, 0x01, 0x03, 0x05, 0x04, 0x03, 0x65, 0x12, 0x01, 0x08, 0x13, 0x01, 0x09, 0x01,
  0x08, 0x09, 0x65, 0x0E, 0x01, 0x00, 0x14, 0x0D, 0x02, 0x0B, 0x00, 0x0B, 0x62, 0x0C, 0x01, 0x0A,
  0x0A, 0x05, 0x5D, 0x07, 0x01, 0x05, 0x05, 0x4C, 0x0A, 0x4C, 0x1B, 0x40, 0x3D, 0x10, 0x01, 0x02,
  0x05, 0x08, 0x05, 0x02, 0x08, 0x7E, 0x0F, 0x01, 0x01, 0x09, 0x0A, 0x09, 0x01, 0x0A, 0x7E, 0x06,
  0x01, 0x04, 0x11, 0x01, 0x03, 0x05, 0x04, 0x03, 0x65, 0x12, 0x01, 0x08, 0x13, 0x01, 0x09, 0x01,
  0x08, 0x09, 0x65, 0x0E, 0x01, 0x00, 0x14, 0x0D, 0x02, 0x0B, 0x00, 0x0B, 0x62, 0x0C, 0x01, 0x0A,
  0x0A, 0x05, 0x5D, 0x07, 0x01, 0x05, 0x05, 0x4C, 0x0A, 0x4C, 0x59, 0x40, 0x26, 0x00, 0x00, 0x27,
  0x26, 0x25, 0x24, 0x23, 0x22, 0x21, 0x20, 0x1F, 0x1E, 0x1D, 0x1C, 0x00, 0x1B, 0x00, 0x1B, 0x1A,
  0x19, 0x18, 0x17, 0x16, 0x15, 0x14, 0x13, 0x11, 0x11, 0x11, 0x11, 0x11, 0x11, 0x11, 0x11, 0x11,
  0x15, 0x09, 0x1D, 0x2B, 0x35, 0x35, 0x33, 0x35, 0x33, 0x35, 0x23, 0x35, 0x23, 0x35, 0x33, 0x15,
  0x33, 0x35, 0x33, 0x15, 0x33, 0x15, 0x33, 0x15, 0x23, 0x15, 0x23, 0x15, 0x23, 0x35, 0x23, 0x15,
  0x37, 0x33, 0x35, 0x33, 0x35, 0x23, 0x35, 0x23, 0x15, 0x33, 0x15, 0x23, 0x7D, 0x7D, 0x7D, 0x7D,
  0xFA, 0x7D, 0xFA, 0x7D, 0x7D, 0x7D, 0x7D, 0xFA, 0x7D, 0x7D, 0x7D, 0x7D, 0x7D, 0x7D, 0x7D, 0x7D,
  0xFA, 0x7D, 0x7D, 0x7D, 0x7D, 0x7D, 0x7D, 0x7D, 0x7D, 0x7D, 0x7D, 0x7D, 0x7D, 0x7D, 0x7D, 0x7D,
  0x7D, 0x7D, 0x7D, 0x7D, 0x7D, 0x00, 0x00, 0x00, 0x00, 0x01, 0x00, 0xFA, 0x00, 0xFA, 0x02, 0xEE,
  0x03, 0x6B, 0x00, 0x13, 0x00, 0x84, 0x4B, 0xB0, 0x0A, 0x50, 0x58, 0x40, 0x31, 0x00, 0x06, 0x03,
  0x02, 0x05, 0x06, 0x70, 0x00, 0x07, 0x01, 0x00, 0x08, 0x07, 0x70, 0x00, 0x04, 0x00, 0x05, 0x03,
  0x04, 0x05, 0x65, 0x00, 0x02, 0x00, 0x01, 0x07, 0x02, 0x01, 0x65, 0x00, 0x08, 0x0A, 0x01, 0x09,
  0x08, 0x09, 0x62, 0x00, 0x00, 0x00, 0x03, 0x5D, 0x00, 0x03, 0x03, 0x4C, 0x00, 0x4C, 0x1B, 0x40,
  0x33, 0x00, 0x06, 0x03, 0x02, 0x03, 0x06, 0x02, 0x7E, 0x00, 0x07, 0x01, 0x00, 0x01, 0x07, 0x00,
  0x7E, 0x00, 0x04, 0x00, 0x05, 0x03, 0x04, 0x05, 0x65, 0x00, 0x02, 0x00, 0x01, 0x07, 0x02, 0x01,
  0x65, 0x00, 0x08, 0x0A, 0x01, 0x09, 0x08, 0x09, 0x62, 0x00, 0x00, 0x00, 0x03, 0x5D, 0x00, 0x03,
  0x03, 0x4C, 0x00, 0x4C, 0x59, 0x40, 0x12, 0x00, 0x00, 0x00, 0x13, 0x00, 0x13, 0x11, 0x11, 0x11,
  0x11, 0x11, 0x11, 0x11, 0x11, 0x11, 0x0B, 0x09, 0x1D, 0x2B, 0x25, 0x35, 0x23, 0x35, 0x23, 0x35,
  0x33, 0x35, 0x33, 0x35, 0x33, 0x15, 0x23, 0x15, 0x23, 0x15, 0x33, 0x15, 0x33, 0x15, 0x01, 0xF4,
  0x7D, 0x7D, 0x7D, 0x7D, 0xFA, 0x7D, 0x7D, 0x7D, 0x7D, 0xFA, 0x7D, 0x7D, 0x7D, 0x7D, 0x7D, 0x7D,
  0x7D, 0x7D, 0x7D, 0x7D, 0x00, 0x01, 0x00, 0x7D, 0x00, 0xFA, 0x02, 0x71, 0x03, 0x6B, 0x00, 0x13,
  0x00, 0x84, 0x4B, 0xB0, 0x0A, 0x50, 0x58, 0x40, 0x31, 0x00, 0x02, 0x05, 0x06, 0x03, 0x02, 0x70,
  0x00, 0x01, 0x07, 0x08, 0x00, 0x01, 0x70, 0x00, 0x04, 0x00, 0x03, 0x05, 0x04, 0x03, 0x65, 0x00,
  0x06, 0x00, 0x07, 0x01, 0x06, 0x07, 0x65, 0x00, 0x00, 0x0A, 0x01, 0x09, 0x00, 0x09, 0x62, 0x00,
  0x08, 0x08, 0x05, 0x5D, 0x00, 0x05, 0x05, 0x4C, 0x08, 0x4C, 0x1B, 0x40, 0x33, 0x00, 0x02, 0x05,
  0x06, 0x05, 0x02, 0x06, 0x7E, 0x00, 0x01, 0x07, 0x08, 0x07, 0x01, 0x08, 0x7E, 0x00, 0x04, 0x00,
  0x03, 0x05, 0x04, 0x03, 0x65, 0x00, 0x06, 0x00, 0x07, 0x01, 0x06, 0x07, 0x65, 0x00, 0x00, 0x0A,
  0x01, 0x09, 0x00, 0x09, 0x62, 0x00, 0x08, 0x08, 0x05, 0x5D, 0x00, 0x05, 0x05, 0x4C, 0x08, 0x4C,
  0x59, 0x40, 0x12, 0x00, 0x00, 0x00, 0x13, 0x00, 0x13, 0x11, 0x11, 0x11, 0x11, 0x11, 0x11, 0x11,
  0x11, 0x11, 0x0B, 0x09, 0x1D, 0x2B, 0x37, 0x35, 0x33, 0x35, 0x33, 0x35, 0x23, 0x35, 0x23, 0x35,
  0x33, 0x15, 0x33, 0x15, 0x33, 0x15, 0x23, 0x15, 0x23, 0x15, 0x7D, 0x7D, 0x7D, 0x7D, 0x7D, 0xFA,
  0x7D, 0x7D, 0x7D, 0x7D, 0xFA, 0x7D, 0x7D, 0x7D, 0x7D, 0x7D, 0x7D, 0x7D, 0x7D, 0x7D, 0x7D, 0x00,
  0x00, 0x02, 0x00, 0x00, 0x00, 0x7D, 0x02, 0xEE, 0x01, 0xF4, 0x00, 0x07, 0x00, 0x0F, 0x00, 0x34,
  0x40, 0x31, 0x09, 0x07, 0x08, 0x03, 0x03, 0x04, 0x01, 0x00, 0x02, 0x03, 0x00, 0x65, 0x06, 0x01,
  0x02, 0x02, 0x01, 0x5D, 0x05, 0x01, 0x01, 0x01, 0x4A, 0x01, 0x4C, 0x08, 0x08, 0x00, 0x00, 0x08,
  0x0F, 0x08, 0x0F, 0x0E, 0x0D, 0x0C, 0x0B, 0x0A, 0x09, 0x00, 0x07, 0x00, 0x07, 0x11, 0x11, 0x11,
  0x0A, 0x09, 0x17, 0x2B, 0x01, 0x15, 0x23, 0x15, 0x23, 0x35, 0x33, 0x35, 0x21, 0x15, 0x23, 0x15,
  0x23, 0x35, 0x33, 0x35, 0x01, 0x77, 0x7D, 0xFA, 0x7D, 0x02, 0x71, 0x7D, 0xFA, 0x7D, 0x01, 0xF4,
  0xFA, 0x7D, 0x7D, 0xFA, 0xFA, 0x7D, 0x7D, 0xFA, 0x00, 0x02, 0x00, 0x7D, 0x02, 0x71, 0x03, 0x6B,
  0x03, 0xE8, 0x00, 0x07, 0x00, 0x0F, 0x00, 0x33, 0x40, 0x30, 0x06, 0x01, 0x02, 0x05, 0x01, 0x01,
  0x02, 0x01, 0x61, 0x04, 0x01, 0x00, 0x00, 0x03, 0x5D, 0x09, 0x07, 0x08, 0x03, 0x03, 0x03, 0x49,
  0x00, 0x4C, 0x08, 0x08, 0x00, 0x00, 0x08, 0x0F, 0x08, 0x0F, 0x0E, 0x0D, 0x0C, 0x0B, 0x0A, 0x09,
  0x00, 0x07, 0x00, 0x07, 0x11, 0x11, 0x11, 0x0A, 0x09, 0x17, 0x2B, 0x01, 0x15, 0x23, 0x15, 0x23,
  0x35, 0x33, 0x35, 0x21, 0x15, 0x23, 0x15, 0x23, 0x35, 0x33, 0x35, 0x01, 0xF4, 0x7D, 0xFA, 0x7D,
  0x02, 0x71, 0x7D, 0xFA, 0x7D, 0x03, 0xE8, 0x7D, 0xFA, 0xFA, 0x7D, 0x7D, 0xFA, 0xFA, 0x7D, 0x00,
  0x00, 0x02, 0x00, 0x7D, 0x02, 0x71, 0x03, 0x6B, 0x03, 0xE8, 0x00, 0x07, 0x00, 0x0F, 0x00, 0x36,
  0x40, 0x33, 0x04, 0x01, 0x00, 0x00, 0x03, 0x5D, 0x09, 0x07, 0x08, 0x03, 0x03, 0x03, 0x49, 0x4B,
  0x05, 0x01, 0x01, 0x01, 0x02, 0x5D, 0x06, 0x01, 0x02, 0x02, 0x4C, 0x01, 0x4C, 0x08, 0x08, 0x00,
  0x00, 0x08, 0x0F, 0x08, 0x0F, 0x0E, 0x0D, 0x0C, 0x0B, 0x0A, 0x09, 0x00, 0x07, 0x00, 0x07, 0x11,
  0x11, 0x11, 0x0A, 0x09, 0x17, 0x2B, 0x01, 0x15, 0x23, 0x15, 0x23, 0x35, 0x33, 0x35, 0x21, 0x15,
  0x23, 0x15, 0x23, 0x35, 0x33, 0x35, 0x01, 0xF4, 0x7D, 0xFA, 0x7D, 0x02, 0x71, 0x7D, 0xFA, 0x7D,
  0x03, 0xE8, 0xFA, 0x7D, 0x7D, 0xFA, 0xFA, 0x7D, 0x7D, 0xFA, 0x00, 0x00, 0x00, 0x01, 0x00, 0xFA,
  0x02, 0x71, 0x02, 0x71, 0x03, 0xE8, 0x00, 0x07, 0x00, 0x22, 0x40, 0x1F, 0x00, 0x00, 0x04, 0x01,
  0x03, 0x00, 0x03, 0x61, 0x00, 0x02, 0x02, 0x01, 0x5D, 0x00, 0x01, 0x01, 0x49, 0x02, 0x4C, 0x00,
  0x00, 0x00, 0x07, 0x00, 0x07, 0x11, 0x11, 0x11, 0x05, 0x09, 0x17, 0x2B, 0x13, 0x35, 0x33, 0x35,
  0x33, 0x15, 0x23, 0x15, 0xFA, 0x7D, 0xFA, 0x7D, 0x02, 0x71, 0xFA, 0x7D, 0x7D, 0xFA, 0x00, 0x00,
  0x00, 0x01, 0x00, 0xFA, 0x02, 0x71, 0x02, 0x71, 0x03, 0xE8, 0x00, 0x07, 0x00, 0x25, 0x40, 0x22,
  0x00, 0x02, 0x02, 0x01, 0x5D, 0x00, 0x01, 0x01, 0x49, 0x4B, 0x04, 0x01, 0x03, 0x03, 0x00, 0x5D,
  0x00, 0x00, 0x00, 0x4C, 0x03, 0x4C, 0x00, 0x00, 0x00, 0x07, 0x00, 0x07, 0x11, 0x11, 0x11, 0x05,
  0x09, 0x17, 0x2B, 0x13, 0x35, 0x33, 0x35, 0x33, 0x15, 0x23, 0x15, 0xFA, 0x7D, 0xFA, 0x7D, 0x02,
  0x71, 0x7D, 0xFA, 0xFA, 0x7D, 0x00, 0x00, 0x00, 0x00, 0x01, 0x00, 0xFA, 0x00, 0x7D, 0x02, 0x71,
  0x01, 0xF4, 0x00, 0x07, 0x00, 0x23, 0x40, 0x20, 0x00, 0x01, 0x00, 0x02, 0x00, 0x01, 0x02, 0x65,
  0x00, 0x00, 0x00, 0x03, 0x5D, 0x04, 0x01, 0x03, 0x03, 0x4A, 0x03, 0x4C, 0x00, 0x00, 0x00, 0x07,
  0x00, 0x07, 0x11, 0x11, 0x11, 0x05, 0x09, 0x17, 0x2B, 0x37, 0x35, 0x33, 0x35, 0x33, 0x15, 0x23,
  0x15, 0xFA, 0x7D, 0xFA, 0x7D, 0x7D, 0x7D, 0xFA, 0xFA, 0x7D, 0x00, 0x00, 0x00, 0x01, 0x00, 0xFA,
  0x01, 0x77, 0x01, 0xF4, 0x02, 0x71, 0x00, 0x03, 0x00, 0x1E, 0x40, 0x1B, 0x00, 0x00, 0x01, 0x01,
  0x00, 0x55, 0x00, 0x00, 0x00, 0x01, 0x5D, 0x02, 0x01, 0x01, 0x00, 0x01, 0x4D, 0x00, 0x00, 0x00,
  0x03, 0x00, 0x03, 0x11, 0x03, 0x08, 0x15, 0x2B, 0x13, 0x35, 0x33, 0x15, 0xFA, 0xFA, 0x01, 0x77,
  0xFA, 0xFA, 0x00, 0x00, 0x00, 0x02, 0x00, 0x7D, 0x00, 0x7D, 0x01, 0xF4, 0x03, 0x6B, 0x00, 0x03,
  0x00, 0x0B, 0x00, 0x36, 0x40, 0x33, 0x00, 0x00, 0x06, 0x01, 0x01, 0x03, 0x00, 0x01, 0x65, 0x00,
  0x03, 0x00, 0x04, 0x02, 0x03, 0x04, 0x65, 0x00, 0x02, 0x02, 0x05, 0x5D, 0x07, 0x01, 0x05, 0x05,
  0x32, 0x05, 0x4C, 0x04, 0x04, 0x00, 0x00, 0x04, 0x0B, 0x04, 0x0B, 0x0A, 0x09, 0x08, 0x07, 0x06,
  0x05, 0x00, 0x03, 0x00, 0x03, 0x11, 0x08, 0x08, 0x15, 0x2B, 0x13, 0x35, 0x33, 0x15, 0x01, 0x35,
  0x33, 0x35, 0x33, 0x15, 0x23, 0x15, 0xFA, 0xFA, 0xFE, 0x89, 0x7D, 0xFA, 0x7D, 0x02, 0x71, 0xFA,
  0xFA, 0xFE, 0x0C, 0x7D, 0xFA, 0xFA, 0x7D, 0x00, 0x00, 0x02, 0x00, 0x7D, 0x00, 0x7D, 0x02, 0xEE,
  0x01, 0x77, 0x00, 0x03, 0x00, 0x07, 0x00, 0x24, 0x40, 0x21, 0x02, 0x01, 0x00, 0x00, 0x01, 0x5D,
  0x05, 0x03, 0x04, 0x03, 0x01, 0x01, 0x4A, 0x01, 0x4C, 0x04, 0x04, 0x00, 0x00, 0x04, 0x07, 0x04,
  0x07, 0x06, 0x05, 0x00, 0x03, 0x00, 0x03, 0x11, 0x06, 0x09, 0x15, 0x2B, 0x37, 0x35, 0x33, 0x15,
  0x33, 0x35, 0x33, 0x15, 0x7D, 0xFA, 0x7D, 0xFA, 0x7D, 0xFA, 0xFA, 0xFA, 0xFA, 0x00, 0x00, 0x00,
  0x00, 0x02, 0x00, 0x00, 0x00, 0x7D, 0x03, 0x6B, 0x03, 0xE8, 0x00, 0x1B, 0x00, 0x1F, 0x00, 0x55,
  0x40, 0x52, 0x05, 0x01, 0x03, 0x0F, 0x01, 0x08, 0x02, 0x03, 0x08, 0x65, 0x00, 0x0A, 0x0B, 0x01,
  0x01, 0x09, 0x0A, 0x01, 0x65, 0x0E, 0x01, 0x09, 0x0C, 0x01, 0x00, 0x0D, 0x09, 0x00, 0x65, 0x00,
  0x04, 0x04, 0x49, 0x4B, 0x00, 0x07, 0x07, 0x02, 0x5D, 0x06, 0x01, 0x02, 0x02, 0x4C, 0x4B, 0x10,
  0x01, 0x0D, 0x0D, 0x4A, 0x0D, 0x4C, 0x00, 0x00, 0x1F, 0x1E, 0x1D, 0x1C, 0x00, 0x1B, 0x00, 0x1B,
  0x1A, 0x19, 0x18, 0x17, 0x16, 0x15, 0x14, 0x13, 0x11, 0x11, 0x11, 0x11, 0x11, 0x11, 0x11, 0x11,
  0x11, 0x11, 0x09, 0x1D, 0x2B, 0x25, 0x35, 0x23, 0x35, 0x23, 0x11, 0x33, 0x35, 0x33, 0x35, 0x33,
  0x15, 0x33, 0x15, 0x33, 0x15, 0x23, 0x35, 0x23, 0x11, 0x33, 0x35, 0x33, 0x15, 0x23, 0x15, 0x23,
  0x15, 0x27, 0x33, 0x11, 0x23, 0x01, 0x77, 0xFA, 0x7D, 0x7D, 0xFA, 0x7D, 0xFA, 0x7D, 0xFA, 0x7D,
  0x7D, 0xFA, 0x7D, 0xFA, 0xFA, 0x7D, 0x7D, 0x7D, 0x7D, 0x7D, 0x01, 0x77, 0x7D, 0x7D, 0x7D, 0x7D,
  0x7D, 0x7D, 0xFE, 0x89, 0x7D, 0x7D, 0x7D, 0x7D, 0xFA, 0x01, 0x77, 0x00, 0x00, 0x08, 0x00, 0x7D,
  0x00, 0xFA, 0x03, 0x6B, 0x03, 0x6B, 0x00, 0x03, 0x00, 0x07, 0x00, 0x0B, 0x00, 0x0F, 0x00, 0x13,
  0x00, 0x17, 0x00, 0x1B, 0x00, 0x1F, 0x00, 0x5D, 0x40, 0x5A, 0x11, 0x05, 0x03, 0x10, 0x04, 0x01,
  0x04, 0x02, 0x02, 0x00, 0x07, 0x01, 0x00, 0x65, 0x0E, 0x0C, 0x02, 0x0A, 0x13, 0x0F, 0x0D, 0x03,
  0x0B, 0x0A, 0x0B, 0x61, 0x09, 0x01, 0x06, 0x06, 0x07, 0x5D, 0x08, 0x12, 0x02, 0x07, 0x07, 0x4C,
  0x06, 0x4C, 0x1C, 0x1C, 0x0C, 0x0C, 0x08, 0x08, 0x00, 0x00, 0x1C, 0x1F, 0x1C, 0x1F, 0x1E, 0x1D,
  0x1B, 0x1A, 0x19, 0x18, 0x17, 0x16, 0x15, 0x14, 0x13, 0x12, 0x11, 0x10, 0x0C, 0x0F, 0x0C, 0x0F,
  0x0E, 0x0D, 0x08, 0x0B, 0x08, 0x0B, 0x0A, 0x09, 0x07, 0x06, 0x05, 0x04, 0x00, 0x03, 0x00, 0x03,
  0x11, 0x14, 0x09, 0x15, 0x2B, 0x13, 0x15, 0x23, 0x35, 0x05, 0x23, 0x35, 0x33, 0x33, 0x15, 0x23,
  0x35, 0x05, 0x11, 0x23, 0x11, 0x21, 0x33, 0x11, 0x23, 0x21, 0x33, 0x15, 0x23, 0x37, 0x33, 0x15,
  0x23, 0x21, 0x35, 0x33, 0x15, 0xFA, 0x7D, 0x01, 0xF4, 0xFA, 0xFA, 0xFA, 0x7D, 0xFE, 0x89, 0x7D,
  0x01, 0x77, 0x7D, 0x7D, 0xFE, 0x0C, 0x7D, 0x7D, 0xFA, 0xFA, 0xFA, 0x01, 0x77, 0x7D, 0x03, 0x6B,
  0x7D, 0x7D, 0x7D, 0x7D, 0x7D, 0x7D, 0x7D, 0xFE, 0x89, 0x01, 0x77, 0xFE, 0x89, 0x7D, 0x7D, 0x7D,
  0x7D, 0x7D, 0x00, 0x00, 0x00, 0x03, 0x00, 0x00, 0x00, 0x7D, 0x03, 0x6B, 0x03, 0xE8, 0x00, 0x1B,
  0x00, 0x1F, 0x00, 0x23, 0x00, 0x61, 0x40, 0x5E, 0x07, 0x01, 0x05, 0x0F, 0x01, 0x08, 0x04, 0x05,
  0x08, 0x65, 0x0E, 0x01, 0x09, 0x11, 0x01, 0x02, 0x0A, 0x09, 0x02, 0x65, 0x00, 0x0A, 0x00, 0x0B,
  0x01, 0x0A, 0x0B, 0x65, 0x10, 0x01, 0x01, 0x0C, 0x01, 0x00, 0x0D, 0x01, 0x00, 0x65, 0x00, 0x06,
  0x06, 0x49, 0x4B, 0x00, 0x03, 0x03, 0x04, 0x5D, 0x00, 0x04, 0x04, 0x4C, 0x4B, 0x12, 0x01, 0x0D,
  0x0D, 0x4A, 0x0D, 0x4C, 0x00, 0x00, 0x23, 0x22, 0x21, 0x20, 0x1F, 0x1E, 0x1D, 0x1C, 0x00, 0x1B,
  0x00, 0x1B, 0x1A, 0x19, 0x18, 0x17, 0x16, 0x15, 0x14, 0x13, 0x11, 0x11, 0x11, 0x11, 0x11, 0x11,
  0x11, 0x11, 0x11, 0x13, 0x09, 0x1D, 0x2B, 0x25, 0x35, 0x21, 0x35, 0x21, 0x35, 0x23, 0x35, 0x23,
  0x35, 0x33, 0x35, 0x33, 0x35, 0x33, 0x15, 0x33, 0x15, 0x23, 0x15, 0x33, 0x15, 0x33, 0x15, 0x23,
  0x15, 0x23, 0x15, 0x03, 0x33, 0x35, 0x23, 0x13, 0x33, 0x35, 0x23, 0x01, 0x77, 0xFE, 0x89, 0x01,
  0x77, 0xFA, 0x7D, 0x7D, 0xFA, 0x7D, 0xFA, 0xFA, 0xFA, 0x7D, 0x7D, 0xFA, 0xFA, 0x7D, 0x7D, 0xFA,
  0x7D, 0x7D, 0x7D, 0x7D, 0x7D, 0x7D, 0x7D, 0x7D, 0x7D, 0x7D, 0x7D, 0x7D, 0x7D, 0x7D, 0x7D, 0x7D,
  0x7D, 0x01, 0xF4, 0x7D, 0xFE, 0x89, 0x7D, 0x00, 0x00, 0x05, 0x00, 0x00, 0x00, 0x00, 0x03, 0x6B,
  0x03, 0xE8, 0x00, 0x03, 0x00, 0x09, 0x00, 0x15, 0x00, 0x19, 0x00, 0x1D, 0x00, 0x5A, 0x40, 0x57,
  0x09, 0x01, 0x04, 0x0C, 0x08, 0x04, 0x55, 0x0D, 0x01, 0x08, 0x02, 0x0A, 0x08, 0x55, 0x00, 0x00,
  0x00, 0x01, 0x5D, 0x00, 0x01, 0x01, 0x49, 0x4B, 0x00, 0x0B, 0x0B, 0x0C, 0x5D, 0x00, 0x0C, 0x0C,
  0x4C, 0x4B, 0x05, 0x01, 0x02, 0x02, 0x03, 0x5E, 0x06, 0x01, 0x03, 0x03, 0x4A, 0x4B, 0x0F, 0x0E,
  0x02, 0x0A, 0x0A, 0x07, 0x5D, 0x00, 0x07, 0x07, 0x4E, 0x07, 0x4C, 0x1A, 0x1A, 0x1A, 0x1D, 0x1A,
  0x1D, 0x1C, 0x1B, 0x19, 0x18, 0x17, 0x16, 0x15, 0x14, 0x13, 0x12, 0x11, 0x11, 0x11, 0x11, 0x11,
  0x11, 0x11, 0x11, 0x10, 0x10, 0x09, 0x1D, 0x2B, 0x01, 0x23, 0x35, 0x33, 0x03, 0x33, 0x15, 0x21,
  0x11, 0x33, 0x01, 0x33, 0x15, 0x23, 0x15, 0x23, 0x35, 0x23, 0x11, 0x33, 0x15, 0x33, 0x33, 0x23,
  0x35, 0x33, 0x17, 0x11, 0x23, 0x11, 0x01, 0x77, 0xFA, 0xFA, 0xFA, 0xFA, 0xFE, 0x89, 0x7D, 0x01,
  0xF4, 0x7D, 0x7D, 0x7D, 0x7D, 0x7D, 0x7D, 0x7D, 0x7D, 0x7D, 0x7D, 0x7D, 0x03, 0x6B, 0x7D, 0xFD,
  0x12, 0x7D, 0x02, 0xEE, 0xFD, 0x8F, 0x7D, 0x7D, 0xFA, 0x02, 0x71, 0xFA, 0x7D, 0x7D, 0xFE, 0x89,
  0x01, 0x77, 0x00, 0x00, 0x00, 0x01, 0x00, 0x00, 0x00, 0x7D, 0x03, 0x6B, 0x03, 0xE8, 0x00, 0x23,
  0x00, 0x63, 0x40, 0x60, 0x12, 0x11, 0x02, 0x0F, 0x00, 0x00, 0x02, 0x0F, 0x00, 0x65, 0x0C, 0x01,
  0x04, 0x0B, 0x01, 0x05, 0x07, 0x04, 0x05, 0x65, 0x00, 0x07, 0x0A, 0x01, 0x08, 0x06, 0x07, 0x08,
  0x65, 0x00, 0x01, 0x01, 0x10, 0x5D, 0x00, 0x10, 0x10, 0x49, 0x4B, 0x0D, 0x01, 0x03, 0x03, 0x02,
  0x5D, 0x0E, 0x01, 0x02, 0x02, 0x4C, 0x4B, 0x00, 0x06, 0x06, 0x09, 0x5D, 0x00, 0x09, 0x09, 0x4A,
  0x09, 0x4C, 0x00, 0x00, 0x00, 0x23, 0x00, 0x23, 0x22, 0x21, 0x20, 0x1F, 0x1E, 0x1D, 0x1C, 0x1B,
  0x1A, 0x19, 0x18, 0x17, 0x16, 0x15, 0x14, 0x13, 0x11, 0x11, 0x11, 0x11, 0x11, 0x11, 0x11, 0x11,
  0x11, 0x13, 0x09, 0x1D, 0x2B, 0x01, 0x15, 0x23, 0x35, 0x23, 0x15, 0x33, 0x15, 0x23, 0x15, 0x33,
  0x15, 0x23, 0x15, 0x33, 0x35, 0x33, 0x15, 0x23, 0x15, 0x21, 0x35, 0x23, 0x35, 0x23, 0x35, 0x33,
  0x35, 0x23, 0x35, 0x33, 0x35, 0x33, 0x35, 0x21, 0x15, 0x03, 0x6B, 0xFA, 0x7D, 0x7D, 0xFA, 0xFA,
  0x7D, 0x7D, 0xFA, 0x7D, 0xFE, 0x89, 0x7D, 0xFA, 0x7D, 0x7D, 0xFA, 0x7D, 0x01, 0x77, 0x03, 0x6B,
  0x7D, 0x7D, 0x7D, 0x7D, 0x7D, 0x7D, 0x7D, 0x7D, 0x7D, 0x7D, 0x7D, 0x7D, 0x7D, 0x7D, 0x7D, 0x7D,
  0x7D, 0x7D, 0x00, 0x00, 0x00, 0x01, 0x00, 0x7D, 0x00, 0x7D, 0x03, 0x6B, 0x03, 0xE8, 0x00, 0x13,
  0x00, 0x47, 0x40, 0x44, 0x00, 0x03, 0x05, 0x02, 0x05, 0x03, 0x02, 0x7E, 0x00, 0x08, 0x01, 0x00,
  0x01, 0x08, 0x00, 0x7E, 0x00, 0x05, 0x05, 0x04, 0x5D, 0x00, 0x04, 0x04, 0x49, 0x4B, 0x07, 0x01,
  0x01, 0x01, 0x02, 0x5D, 0x06, 0x01, 0x02, 0x02, 0x4C, 0x4B, 0x00, 0x00, 0x00, 0x09, 0x5E, 0x0A,
  0x01, 0x09, 0x09, 0x4A, 0x09, 0x4C, 0x00, 0x00, 0x00, 0x13, 0x00, 0x13, 0x11, 0x11, 0x11, 0x11,
  0x11, 0x11, 0x11, 0x11, 0x11, 0x0B, 0x09, 0x1D, 0x2B, 0x37, 0x35, 0x33, 0x11, 0x23, 0x35, 0x33,
  0x35, 0x33, 0x35, 0x21, 0x15, 0x23, 0x15, 0x33, 0x15, 0x23, 0x11, 0x23, 0x15, 0x7D, 0xFA, 0xFA,
  0xFA, 0x7D, 0x01, 0x77, 0xFA, 0xFA, 0xFA, 0x7D, 0x7D, 0x7D, 0x01, 0x77, 0x7D, 0x7D, 0x7D, 0x7D,
  0x7D, 0x7D, 0xFE, 0x89, 0x7D, 0x00, 0x00, 0x00, 0x00, 0x02, 0x00, 0x00, 0x00, 0x7D, 0x03, 0x6B,
  0x03, 0xE8, 0x00, 0x0B, 0x00, 0x17, 0x00, 0x96, 0x4B, 0xB0, 0x0A, 0x50, 0x58, 0x40, 0x38, 0x00,
  0x05, 0x03, 0x00, 0x00, 0x05, 0x70, 0x00, 0x09, 0x06, 0x07, 0x06, 0x09, 0x70, 0x0C, 0x01, 0x0B,
  0x0A, 0x01, 0x06, 0x09, 0x0B, 0x06, 0x65, 0x00, 0x03, 0x03, 0x04, 0x5D, 0x00, 0x04, 0x04, 0x49,
  0x4B, 0x00, 0x01, 0x01, 0x00, 0x5D, 0x02, 0x01, 0x00, 0x00, 0x4C, 0x4B, 0x00, 0x07, 0x07, 0x08,
  0x5D, 0x00, 0x08, 0x08, 0x4A, 0x08, 0x4C, 0x1B, 0x40, 0x3A, 0x00, 0x05, 0x03, 0x00, 0x03, 0x05,
  0x00, 0x7E, 0x00, 0x09, 0x06, 0x07, 0x06, 0x09, 0x07, 0x7E, 0x0C, 0x01, 0x0B, 0x0A, 0x01, 0x06,
  0x09, 0x0B, 0x06, 0x65, 0x00, 0x03, 0x03, 0x04, 0x5D, 0x00, 0x04, 0x04, 0x49, 0x4B, 0x00, 0x01,
  0x01, 0x00, 0x5D, 0x02, 0x01, 0x00, 0x00, 0x4C, 0x4B, 0x00, 0x07, 0x07, 0x08, 0x5D, 0x00, 0x08,
  0x08, 0x4A, 0x08, 0x4C, 0x59, 0x40, 0x16, 0x0C, 0x0C, 0x0C, 0x17, 0x0C, 0x17, 0x16, 0x15, 0x14,
  0x13, 0x11, 0x11, 0x12, 0x11, 0x11, 0x11, 0x11, 0x11, 0x10, 0x0D, 0x09, 0x1D, 0x2B, 0x01, 0x33,
  0x15, 0x21, 0x35, 0x21, 0x35, 0x21, 0x35, 0x21, 0x15, 0x33, 0x13, 0x15, 0x21, 0x15, 0x21, 0x15,
  0x21, 0x35, 0x23, 0x35, 0x23, 0x35, 0x02, 0xEE, 0x7D, 0xFC, 0x95, 0x01, 0xF4, 0xFE, 0x89, 0x01,
  0xF4, 0x7D, 0x7D, 0xFE, 0x0C, 0x01, 0x77, 0xFE, 0x0C, 0x7D, 0x7D, 0x02, 0xEE, 0x7D, 0x7D, 0x7D,
  0x7D, 0x7D, 0xFE, 0x89, 0x7D, 0x7D, 0x7D, 0x7D, 0x7D, 0x7D, 0x00, 0x00, 0x00, 0x02, 0x00, 0x00,
  0x00, 0x7D, 0x03, 0xE8, 0x03, 0xE8, 0x00, 0x15, 0x00, 0x19, 0x00, 0x48, 0x40, 0x45, 0x0D, 0x01,
  0x0A, 0x00, 0x00, 0x08, 0x0A, 0x00, 0x65, 0x0C, 0x01, 0x08, 0x07, 0x01, 0x01, 0x02, 0x08, 0x01,
  0x65, 0x06, 0x01, 0x02, 0x05, 0x01, 0x03, 0x04, 0x02, 0x03, 0x65, 0x00, 0x0B, 0x0B, 0x09, 0x5D,
  0x00, 0x09, 0x09, 0x49, 0x4B, 0x00, 0x04, 0x04, 0x4A, 0x04, 0x4C, 0x00, 0x00, 0x19, 0x18, 0x17,
  0x16, 0x00, 0x15, 0x00, 0x15, 0x14, 0x13, 0x11, 0x11, 0x11, 0x11, 0x11, 0x11, 0x11, 0x11, 0x11,
  0x0E, 0x09, 0x1D, 0x2B, 0x01, 0x15, 0x23, 0x15, 0x21, 0x15, 0x33, 0x15, 0x23, 0x15, 0x23, 0x35,
  0x23, 0x35, 0x33, 0x35, 0x23, 0x35, 0x33, 0x11, 0x21, 0x15, 0x23, 0x21, 0x15, 0x21, 0x03, 0xE8,
  0x7D, 0xFE, 0x0C, 0xFA, 0xFA, 0xFA, 0x7D, 0x7D, 0x7D, 0x7D, 0x02, 0xEE, 0x7D, 0xFE, 0x89, 0x01,
  0x77, 0x03, 0x6B, 0xFA, 0x7D, 0x7D, 0x7D, 0x7D, 0x7D, 0x7D, 0x7D, 0x7D, 0x01, 0x77, 0x7D, 0xFA,
  0x00, 0x01, 0x00, 0x00, 0x00, 0x7D, 0x03, 0x6B, 0x03, 0xE8, 0x00, 0x17, 0x00, 0x43, 0x40, 0x40,
  0x05, 0x01, 0x03, 0x00, 0x06, 0x02, 0x03, 0x06, 0x65, 0x08, 0x01, 0x02, 0x09, 0x01, 0x01, 0x00,
  0x02, 0x01, 0x65, 0x00, 0x07, 0x07, 0x04, 0x5D, 0x00, 0x04, 0x04, 0x49, 0x4B, 0x0A, 0x01, 0x00,
  0x00, 0x0B, 0x5E, 0x0C, 0x01, 0x0B, 0x0B, 0x4A, 0x0B, 0x4C, 0x00, 0x00, 0x00, 0x17, 0x00, 0x17,
  0x16, 0x15, 0x14, 0x13, 0x11, 0x11, 0x11, 0x11, 0x11, 0x11, 0x11, 0x11, 0x11, 0x0D, 0x09, 0x1D,
  0x2B, 0x35, 0x35, 0x33, 0x35, 0x23, 0x35, 0x33, 0x35, 0x33, 0x35, 0x21, 0x15, 0x33, 0x15, 0x23,
  0x35, 0x23, 0x15, 0x21, 0x15, 0x21, 0x15, 0x21, 0x15, 0x7D, 0x7D, 0x7D, 0x7D, 0x01, 0xF4, 0x7D,
  0xFA, 0xFA, 0x01, 0x77, 0xFE, 0x89, 0x01, 0xF4, 0x7D, 0x7D, 0xFA, 0x7D, 0xFA, 0x7D, 0x7D, 0x7D,
  0x7D, 0xFA, 0x7D, 0xFA, 0x7D, 0x00, 0x00, 0x00, 0x00, 0x02, 0x00, 0x7D, 0x00, 0x7D, 0x03, 0x6B,
  0x03, 0xE8, 0x00, 0x03, 0x00, 0x0B, 0x00, 0x36, 0x40, 0x33, 0x06, 0x01, 0x01, 0x01, 0x00, 0x5D,
  0x00, 0x00, 0x00, 0x49, 0x4B, 0x04, 0x01, 0x02, 0x02, 0x03, 0x5D, 0x00, 0x03, 0x03, 0x4C, 0x4B,
  0x07, 0x01, 0x05, 0x05, 0x4A, 0x05, 0x4C, 0x04, 0x04, 0x00, 0x00, 0x04, 0x0B, 0x04, 0x0B, 0x0A,
  0x09, 0x08, 0x07, 0x06, 0x05, 0x00, 0x03, 0x00, 0x03, 0x11, 0x08, 0x09, 0x15, 0x2B, 0x13, 0x35,
  0x21, 0x15, 0x01, 0x11, 0x23, 0x35, 0x21, 0x15, 0x23, 0x11, 0x7D, 0x02, 0xEE, 0xFE, 0x0C, 0xFA,
  0x02, 0xEE, 0xFA, 0x03, 0x6B, 0x7D, 0x7D, 0xFD, 0x12, 0x01, 0xF4, 0x7D, 0x7D, 0xFE, 0x0C, 0x00,
  0x00, 0x01, 0x00, 0x7D, 0x00, 0x7D, 0x03, 0x6B, 0x03, 0xE8, 0x00, 0x17, 0x00, 0x4D, 0x40, 0x4A,
  0x00, 0x09, 0x00, 0x08, 0x03, 0x09, 0x08, 0x65, 0x00, 0x03, 0x00, 0x04, 0x07, 0x03, 0x04, 0x65,
  0x00, 0x07, 0x00, 0x06, 0x05, 0x07, 0x06, 0x65, 0x0A, 0x01, 0x00, 0x00, 0x0B, 0x5D, 0x0C, 0x01,
  0x0B, 0x0B, 0x49, 0x4B, 0x00, 0x02, 0x02, 0x01, 0x5D, 0x00, 0x01, 0x01, 0x4C, 0x4B, 0x00, 0x05,
  0x05, 0x4A, 0x05, 0x4C, 0x00, 0x00, 0x00, 0x17, 0x00, 0x17, 0x16, 0x15, 0x14, 0x13, 0x11, 0x11,
  0x11, 0x11, 0x11, 0x11, 0x11, 0x11, 0x11, 0x0D, 0x09, 0x1D, 0x2B, 0x01, 0x15, 0x23, 0x15, 0x33,
  0x15, 0x23, 0x15, 0x33, 0x15, 0x23, 0x15, 0x23, 0x35, 0x23, 0x35, 0x33, 0x35, 0x23, 0x35, 0x33,
  0x35, 0x23, 0x35, 0x03, 0x6B, 0xFA, 0x7D, 0x7D, 0x7D, 0x7D, 0xFA, 0x7D, 0x7D, 0x7D, 0x7D, 0xFA,
  0x03, 0xE8, 0x7D, 0x7D, 0x7D, 0x7D, 0x7D, 0xFA, 0x7D, 0x7D, 0x7D, 0x7D, 0xFA, 0x7D, 0x00, 0x00,
  0x00, 0x01, 0x00, 0x7D, 0x00, 0x7D, 0x03, 0x6B, 0x03, 0xE8, 0x00, 0x1B, 0x00, 0x49, 0x40, 0x46,
  0x09, 0x01, 0x03, 0x0A, 0x01, 0x02, 0x01, 0x03, 0x02, 0x65, 0x0B, 0x01, 0x01, 0x0C, 0x01, 0x00,
  0x0D, 0x01, 0x00, 0x65, 0x08, 0x01, 0x04, 0x04, 0x05, 0x5D, 0x07, 0x01, 0x05, 0x05, 0x49, 0x4B,
  0x00, 0x06, 0x06, 0x4C, 0x4B, 0x0E, 0x01, 0x0D, 0x0D, 0x4A, 0x0D, 0x4C, 0x00, 0x00, 0x00, 0x1B,
  0x00, 0x1B, 0x1A, 0x19, 0x18, 0x17, 0x16, 0x15, 0x14, 0x13, 0x11, 0x11, 0x11, 0x11, 0x11, 0x11,
  0x11, 0x11, 0x11, 0x0F, 0x09, 0x1D, 0x2B, 0x25, 0x35, 0x23, 0x35, 0x33, 0x35, 0x23, 0x35, 0x33,
  0x35, 0x23, 0x35, 0x33, 0x15, 0x33, 0x35, 0x33, 0x15, 0x23, 0x15, 0x33, 0x15, 0x23, 0x15, 0x33,
  0x15, 0x23, 0x15, 0x01, 0x77, 0xFA, 0xFA, 0xFA, 0x7D, 0x7D, 0xFA, 0xFA, 0xFA, 0x7D, 0x7D, 0xFA,
  0xFA, 0xFA, 0x7D, 0x7D, 0x7D, 0x7D, 0x7D, 0x7D, 0xFA, 0xFA, 0xFA, 0xFA, 0x7D, 0x7D, 0x7D, 0x7D,
  0x7D, 0x00, 0x00, 0x00, 0xFF, 0xFF, 0x00, 0x00, 0x00, 0x7D, 0x03, 0x6B, 0x03, 0xE8, 0x00, 0x02,
  0x02, 0x19, 0x00, 0x00, 0x00, 0x01, 0x00, 0x7D, 0x00, 0xFA, 0x03, 0x6B, 0x03, 0x6B, 0x00, 0x0B,
  0x00, 0x2C, 0x40, 0x29, 0x00, 0x02, 0x01, 0x05, 0x02, 0x55, 0x03, 0x01, 0x01, 0x04, 0x01, 0x00,
  0x05, 0x01, 0x00, 0x65, 0x00, 0x02, 0x02, 0x05, 0x5D, 0x06, 0x01, 0x05, 0x02, 0x05, 0x4D, 0x00,
  0x00, 0x00, 0x0B, 0x00, 0x0B, 0x11, 0x11, 0x11, 0x11, 0x11, 0x07, 0x09, 0x19, 0x2B, 0x25, 0x35,
  0x23, 0x35, 0x33, 0x35, 0x33, 0x15, 0x33, 0x15, 0x23, 0x15, 0x01, 0x77, 0xFA, 0xFA, 0xFA, 0xFA,
  0xFA, 0xFA, 0xFA, 0x7D, 0xFA, 0xFA, 0x7D, 0xFA, 0x00, 0x09, 0x00, 0x7D, 0x00, 0xFA, 0x02, 0xEE,
  0x03, 0x6B, 0x00, 0x03, 0x00, 0x07, 0x00, 0x0B, 0x00, 0x0F, 0x00, 0x13, 0x00, 0x17, 0x00, 0x1B,
  0x00, 0x1F, 0x00, 0x23, 0x00, 0x74, 0x40, 0x71, 0x13, 0x03, 0x12, 0x03, 0x01, 0x02, 0x01, 0x00,
  0x05, 0x01, 0x00, 0x65, 0x00, 0x08, 0x00, 0x09, 0x0A, 0x08, 0x09, 0x65, 0x0C, 0x01, 0x0A, 0x15,
  0x0D, 0x02, 0x0B, 0x0E, 0x0A, 0x0B, 0x65, 0x10, 0x01, 0x0E, 0x16, 0x11, 0x02, 0x0F, 0x0E, 0x0F,
  0x61, 0x07, 0x01, 0x04, 0x04, 0x05, 0x5D, 0x06, 0x14, 0x02, 0x05, 0x05, 0x4C, 0x04, 0x4C, 0x20,
  0x20, 0x18, 0x18, 0x08, 0x08, 0x04, 0x04, 0x00, 0x00, 0x20, 0x23, 0x20, 0x23, 0x22, 0x21, 0x1F,
  0x1E, 0x1D, 0x1C, 0x18, 0x1B, 0x18, 0x1B, 0x1A, 0x19, 0x17, 0x16, 0x15, 0x14, 0x13, 0x12, 0x11,
  0x10, 0x0F, 0x0E, 0x0D, 0x0C, 0x08, 0x0B, 0x08, 0x0B, 0x0A, 0x09, 0x04, 0x07, 0x04, 0x07, 0x06,
  0x05, 0x00, 0x03, 0x00, 0x03, 0x11, 0x17, 0x09, 0x15, 0x2B, 0x13, 0x15, 0x23, 0x35, 0x21, 0x15,
  0x23, 0x35, 0x07, 0x15, 0x23, 0x35, 0x33, 0x33, 0x15, 0x23, 0x23, 0x33, 0x15, 0x23, 0x23, 0x33,
  0x15, 0x23, 0x33, 0x35, 0x33, 0x15, 0x21, 0x33, 0x15, 0x23, 0x21, 0x35, 0x33, 0x15, 0xFA, 0x7D,
  0x02, 0x71, 0x7D, 0xFA, 0x7D, 0xFA, 0x7D, 0x7D, 0x7D, 0x7D, 0x7D, 0x7D, 0x7D, 0x7D, 0xFA, 0x7D,
  0xFE, 0x0C, 0x7D, 0x7D, 0x01, 0xF4, 0x7D, 0x03, 0x6B, 0x7D, 0x7D, 0x7D, 0x7D, 0x7D, 0x7D, 0x7D,
  0x7D, 0x7D, 0x7D, 0x7D, 0x7D, 0x7D, 0x7D, 0x7D, 0x00, 0x03, 0x00, 0x7D, 0x00, 0xFA, 0x03, 0x6B,
  0x03, 0x6B, 0x00, 0x03, 0x00, 0x07, 0x00, 0x0B, 0x00, 0x40, 0x40, 0x3D, 0x00, 0x00, 0x06, 0x01,
  0x01, 0x02, 0x00, 0x01, 0x65, 0x00, 0x02, 0x07, 0x01, 0x03, 0x04, 0x02, 0x03, 0x65, 0x00, 0x04,
  0x05, 0x05, 0x04, 0x55, 0x00, 0x04, 0x04, 0x05, 0x5D, 0x08, 0x01, 0x05, 0x04, 0x05, 0x4D, 0x08,
  0x08, 0x04, 0x04, 0x00, 0x00, 0x08, 0x0B, 0x08, 0x0B, 0x0A, 0x09, 0x04, 0x07, 0x04, 0x07, 0x06,
  0x05, 0x00, 0x03, 0x00, 0x03, 0x11, 0x09, 0x09, 0x15, 0x2B, 0x01, 0x35, 0x33, 0x15, 0x05, 0x35,
  0x21, 0x15, 0x05, 0x35, 0x33, 0x15, 0x01, 0x77, 0xFA, 0xFE, 0x0C, 0x02, 0xEE, 0xFE, 0x0C, 0xFA,
  0x02, 0xEE, 0x7D, 0x7D, 0xFA, 0x7D, 0x7D, 0xFA, 0x7D, 0x7D, 0x00, 0x00, 0x00, 0x02, 0x00, 0x00,
  0x01, 0x77, 0x03, 0x6B, 0x02, 0xEE, 0x00, 0x03, 0x00, 0x07, 0x00, 0x29, 0x40, 0x26, 0x00, 0x02,
  0x05, 0x01, 0x03, 0x02, 0x03, 0x61, 0x04, 0x01, 0x01, 0x01, 0x00, 0x5D, 0x00, 0x00, 0x00, 0x4C,
  0x01, 0x4C, 0x04, 0x04, 0x00, 0x00, 0x04, 0x07, 0x04, 0x07, 0x06, 0x05, 0x00, 0x03, 0x00, 0x03,
  0x11, 0x06, 0x09, 0x15, 0x2B, 0x11, 0x35, 0x21, 0x15, 0x05, 0x35, 0x21, 0x15, 0x03, 0x6B, 0xFC,
  0x95, 0x03, 0x6B, 0x02, 0x71, 0x7D, 0x7D, 0xFA, 0x7D, 0x7D, 0x00, 0x00, 0x00, 0x03, 0x00, 0x00,
  0x00, 0x7D, 0x03, 0x6B, 0x03, 0xE8, 0x00, 0x03, 0x00, 0x17, 0x00, 0x1B, 0x00, 0x0A, 0xB7, 0x1A,
  0x18, 0x0E, 0x04, 0x01, 0x00, 0x03, 0x30, 0x2B, 0x01, 0x15, 0x23, 0x35, 0x07, 0x33, 0x15, 0x33,
  0x15, 0x21, 0x15, 0x21, 0x15, 0x21, 0x15, 0x23, 0x35, 0x23, 0x35, 0x21, 0x35, 0x21, 0x35, 0x21,
  0x01, 0x33, 0x15, 0x23, 0x03, 0x6B, 0x7D, 0x7D, 0x7D, 0x7D, 0xFE, 0x89, 0x01, 0x77, 0xFD, 0x8F,
  0x7D, 0x7D, 0x01, 0x77, 0xFE, 0x89, 0x02, 0x71, 0xFD, 0x8F, 0x7D, 0x7D, 0x03, 0xE8, 0x7D, 0x7D,
  0x7D, 0x7D, 0x7D, 0x7D, 0x7D, 0x7D, 0x7D, 0x7D, 0x7D, 0x7D, 0xFE, 0x0C, 0x7D, 0x00, 0x00, 0x00,
  0x00, 0x01, 0x00, 0x7D, 0x00, 0x7D, 0x02, 0xEE, 0x03, 0xE8, 0x00, 0x1B, 0x00, 0xB6, 0x4B, 0xB0,
  0x0A, 0x50, 0x58, 0x40, 0x46, 0x00, 0x04, 0x07, 0x08, 0x05, 0x04, 0x70, 0x00, 0x01, 0x0B, 0x0C,
  0x00, 0x01, 0x70, 0x00, 0x07, 0x00, 0x03, 0x09, 0x07, 0x03, 0x65, 0x00, 0x09, 0x00, 0x0A, 0x02,
  0x09, 0x0A, 0x65, 0x00, 0x02, 0x00, 0x0C, 0x00, 0x02, 0x0C, 0x65, 0x00, 0x05, 0x05, 0x06, 0x5D,
  0x00, 0x06, 0x06, 0x49, 0x4B, 0x00, 0x0B, 0x0B, 0x08, 0x5D, 0x00, 0x08, 0x08, 0x4C, 0x4B, 0x00,
  0x00, 0x00, 0x0D, 0x5E, 0x0E, 0x01, 0x0D, 0x0D, 0x4A, 0x0D, 0x4C, 0x1B, 0x40, 0x48, 0x00, 0x04,
  0x07, 0x08, 0x07, 0x04, 0x08, 0x7E, 0x00, 0x01, 0x0B, 0x0C, 0x0B, 0x01, 0x0C, 0x7E, 0x00, 0x07,
  0x00, 0x03, 0x09, 0x07, 0x03, 0x65, 0x00, 0x09, 0x00, 0x0A, 0x02, 0x09, 0x0A, 0x65, 0x00, 0x02,
  0x00, 0x0C, 0x00, 0x02, 0x0C, 0x65, 0x00, 0x05, 0x05, 0x06, 0x5D, 0x00, 0x06, 0x06, 0x49, 0x4B,
  0x00, 0x0B, 0x0B, 0x08, 0x5D, 0x00, 0x08, 0x08, 0x4C, 0x4B, 0x00, 0x00, 0x00, 0x0D, 0x5E, 0x0E,
  0x01, 0x0D, 0x0D, 0x4A, 0x0D, 0x4C, 0x59, 0x40, 0x1A, 0x00, 0x00, 0x00, 0x1B, 0x00, 0x1B, 0x1A,
  0x19, 0x18, 0x17, 0x16, 0x15, 0x14, 0x13, 0x11, 0x11, 0x11, 0x11, 0x11, 0x11, 0x11, 0x11, 0x11,
  0x0F, 0x09, 0x1D, 0x2B, 0x37, 0x35, 0x33, 0x35, 0x33, 0x35, 0x33, 0x35, 0x23, 0x35, 0x23, 0x35,
  0x23, 0x35, 0x33, 0x15, 0x33, 0x15, 0x33, 0x15, 0x33, 0x15, 0x23, 0x15, 0x23, 0x15, 0x23, 0x15,
  0x7D, 0x7D, 0x7D, 0x7D, 0x7D, 0x7D, 0x7D, 0xFA, 0x7D, 0x7D, 0x7D, 0x7D, 0x7D, 0x7D, 0x7D, 0x7D,
  0x7D, 0x7D, 0x7D, 0x7D, 0x7D, 0x7D, 0x7D, 0x7D, 0x7D, 0x7D, 0x7D, 0x7D, 0x7D, 0x00, 0x00, 0x00,
  0x00, 0x01, 0x00, 0x7D, 0x00, 0x7D, 0x02, 0xEE, 0x03, 0xE8, 0x00, 0x1B, 0x00, 0xB6, 0x4B, 0xB0,
  0x0A, 0x50, 0x58, 0x40, 0x46, 0x00, 0x08, 0x05, 0x04, 0x07, 0x08, 0x70, 0x00, 0x0B, 0x01, 0x00,
  0x0C, 0x0B, 0x70, 0x00, 0x05, 0x00, 0x09, 0x03, 0x05, 0x09, 0x65, 0x00, 0x03, 0x00, 0x02, 0x0A,
  0x03, 0x02, 0x65, 0x00, 0x0A, 0x00, 0x00, 0x0C, 0x0A, 0x00, 0x65, 0x00, 0x07, 0x07, 0x06, 0x5D,
  0x00, 0x06, 0x06, 0x49, 0x4B, 0x00, 0x01, 0x01, 0x04, 0x5D, 0x00, 0x04, 0x04, 0x4C, 0x4B, 0x00,
  0x0C, 0x0C, 0x0D, 0x5E, 0x0E, 0x01, 0x0D, 0x0D, 0x4A, 0x0D, 0x4C, 0x1B, 0x40, 0x48, 0x00, 0x08,
  0x05, 0x04, 0x05, 0x08, 0x04, 0x7E, 0x00, 0x0B, 0x01, 0x00, 0x01, 0x0B, 0x00, 0x7E, 0x00, 0x05,
  0x00, 0x09, 0x03, 0x05, 0x09, 0x65, 0x00, 0x03, 0x00, 0x02, 0x0A, 0x03, 0x02, 0x65, 0x00, 0x0A,
  0x00, 0x00, 0x0C, 0x0A, 0x00, 0x65, 0x00, 0x07, 0x07, 0x06, 0x5D, 0x00, 0x06, 0x06, 0x49, 0x4B,
  0x00, 0x01, 0x01, 0x04, 0x5D, 0x00, 0x04, 0x04, 0x4C, 0x4B, 0x00, 0x0C, 0x0C, 0x0D, 0x5E, 0x0E,
  0x01, 0x0D, 0x0D, 0x4A, 0x0D, 0x4C, 0x59, 0x40, 0x1A, 0x00, 0x00, 0x00, 0x1B, 0x00, 0x1B, 0x1A,
  0x19, 0x18, 0x17, 0x16, 0x15, 0x14, 0x13, 0x11, 0x11, 0x11, 0x11, 0x11, 0x11, 0x11, 0x11, 0x11,
  0x0F, 0x09, 0x1D, 0x2B, 0x25, 0x35, 0x23, 0x35, 0x23, 0x35, 0x23, 0x35, 0x33, 0x35, 0x33, 0x35,
  0x33, 0x35, 0x33, 0x15, 0x23, 0x15, 0x23, 0x15, 0x23, 0x15, 0x33, 0x15, 0x33, 0x15, 0x33, 0x15,
  0x01, 0xF4, 0x7D, 0x7D, 0x7D, 0x7D, 0x7D, 0x7D, 0xFA, 0x7D, 0x7D, 0x7D, 0x7D, 0x7D, 0x7D, 0x7D,
  0x7D, 0x7D, 0x7D, 0x7D, 0x7D, 0x7D, 0x7D, 0x7D, 0x7D, 0x7D, 0x7D, 0x7D, 0x7D, 0x7D, 0x00, 0x00,
  0x00, 0x02, 0x00, 0xFA, 0x00, 0x7D, 0x02, 0xEE, 0x03, 0xE8, 0x00, 0x13, 0x00, 0x17, 0x00, 0x08,
  0xB5, 0x15, 0x14, 0x09, 0x00, 0x02, 0x30, 0x2B, 0x13, 0x35, 0x33, 0x35, 0x33, 0x35, 0x23, 0x35,
  0x23, 0x35, 0x33, 0x15, 0x33, 0x15, 0x33, 0x15, 0x23, 0x15, 0x23, 0x15, 0x07, 0x35, 0x21, 0x15,
  0xFA, 0x7D, 0x7D, 0x7D, 0x7D, 0xFA, 0x7D, 0x7D, 0x7D, 0x7D, 0xFA, 0x01, 0xF4, 0x01, 0x77, 0x7D,
  0x7D, 0x7D, 0x7D, 0x7D, 0x7D, 0x7D, 0x7D, 0x7D, 0x7D, 0xFA, 0x7D, 0x7D, 0x00, 0x02, 0x00, 0xFA,
  0x00, 0x7D, 0x02, 0xEE, 0x03, 0xE8, 0x00, 0x13, 0x00, 0x17, 0x00, 0x08, 0xB5, 0x15, 0x14, 0x09,
  0x00, 0x02, 0x30, 0x2B, 0x01, 0x35, 0x23, 0x35, 0x23, 0x35, 0x33, 0x35, 0x33, 0x35, 0x33, 0x15,
  0x23, 0x15, 0x23, 0x15, 0x33, 0x15, 0x33, 0x15, 0x05, 0x35, 0x21, 0x15, 0x01, 0xF4, 0x7D, 0x7D,
  0x7D, 0x7D, 0xFA, 0x7D, 0x7D, 0x7D, 0x7D, 0xFE, 0x0C, 0x01, 0xF4, 0x01, 0x77, 0x7D, 0x7D, 0x7D,
  0x7D, 0x7D, 0x7D, 0x7D, 0x7D, 0x7D, 0x7D, 0xFA, 0x7D, 0x7D, 0x00, 0x00, 0x00, 0x02, 0x00, 0x7D,
  0x00, 0x7D, 0x03, 0x6B, 0x03, 0xE8, 0x00, 0x0B, 0x00, 0x0F, 0x00, 0x3C, 0x40, 0x39, 0x04, 0x01,
  0x00, 0x00, 0x01, 0x5D, 0x03, 0x01, 0x01, 0x01, 0x4C, 0x4B, 0x08, 0x01, 0x05, 0x05, 0x02, 0x5D,
  0x00, 0x02, 0x02, 0x49, 0x4B, 0x00, 0x06, 0x06, 0x07, 0x5D, 0x09, 0x01, 0x07, 0x07, 0x4A, 0x07,
  0x4C, 0x0C, 0x0C, 0x00, 0x00, 0x0C, 0x0F, 0x0C, 0x0F, 0x0E, 0x0D, 0x00, 0x0B, 0x00, 0x0B, 0x11,
  0x11, 0x11, 0x11, 0x11, 0x0A, 0x09, 0x19, 0x2B, 0x01, 0x35, 0x23, 0x35, 0x33, 0x35, 0x33, 0x15,
  0x33, 0x15, 0x23, 0x15, 0x05, 0x35, 0x21, 0x15, 0x01, 0x77, 0xFA, 0xFA, 0xFA, 0xFA, 0xFA, 0xFE,
  0x0C, 0x02, 0xEE, 0x01, 0x77, 0xFA, 0x7D, 0xFA, 0xFA, 0x7D, 0xFA, 0xFA, 0x7D, 0x7D, 0x00, 0x00,
  0x00, 0x08, 0x00, 0x00, 0x00, 0xFA, 0x02, 0xEE, 0x03, 0x6B, 0x00, 0x03, 0x00, 0x07, 0x00, 0x0B,
  0x00, 0x0F, 0x00, 0x13, 0x00, 0x17, 0x00, 0x1B, 0x00, 0x1F, 0x00, 0x15, 0x40, 0x12, 0x1E, 0x1C,
  0x1A, 0x18, 0x16, 0x14, 0x11, 0x10, 0x0E, 0x0C, 0x0A, 0x08, 0x05, 0x04, 0x01, 0x00, 0x08, 0x30,
  0x2B, 0x01, 0x15, 0x23, 0x35, 0x21, 0x15, 0x23, 0x35, 0x05, 0x33, 0x15, 0x23, 0x25, 0x33, 0x15,
  0x23, 0x15, 0x15, 0x23, 0x35, 0x21, 0x33, 0x15, 0x23, 0x21, 0x33, 0x15, 0x23, 0x25, 0x33, 0x15,
  0x23, 0x01, 0x77, 0xFA, 0x02, 0x71, 0x7D, 0xFD, 0x8F, 0x7D, 0x7D, 0x01, 0x77, 0xFA, 0xFA, 0xFA,
  0x01, 0xF4, 0x7D, 0x7D, 0xFD, 0x8F, 0x7D, 0x7D, 0x01, 0x77, 0xFA, 0xFA, 0x03, 0x6B, 0x7D, 0x7D,
  0x7D, 0x7D, 0x7D, 0x7D, 0x7D, 0x7D, 0x7D, 0x7D, 0x7D, 0x7D, 0x7D, 0x7D, 0x7D, 0x00, 0x00, 0x00,
  0x00, 0x03, 0x00, 0x00, 0x01, 0x77, 0x03, 0x6B, 0x02, 0xEE, 0x00, 0x0B, 0x00, 0x0F, 0x00, 0x13,
  0x00, 0x42, 0xB1, 0x06, 0x64, 0x44, 0x40, 0x37, 0x00, 0x04, 0x00, 0x03, 0x05, 0x04, 0x03, 0x65,
  0x0A, 0x09, 0x06, 0x03, 0x05, 0x08, 0x07, 0x02, 0x02, 0x00, 0x05, 0x02, 0x65, 0x00, 0x00, 0x01,
  0x01, 0x00, 0x55, 0x00, 0x00, 0x00, 0x01, 0x5E, 0x00, 0x01, 0x00, 0x01, 0x4E, 0x10, 0x10, 0x10,
  0x13, 0x10, 0x13, 0x12, 0x11, 0x11, 0x11, 0x11, 0x11, 0x11, 0x11, 0x10, 0x0B, 0x09, 0x1D, 0x2B,
  0xB1, 0x06, 0x00, 0x44, 0x01, 0x33, 0x15, 0x21, 0x35, 0x23, 0x35, 0x23, 0x35, 0x21, 0x15, 0x33,
  0x21, 0x33, 0x15, 0x23, 0x25, 0x15, 0x23, 0x35, 0x02, 0x71, 0x7D, 0xFE, 0x89, 0x7D, 0x7D, 0x01,
  0x77, 0x7D, 0xFD, 0x8F, 0x7D, 0x7D, 0x03, 0x6B, 0x7D, 0x01, 0xF4, 0x7D, 0x7D, 0x7D, 0x7D, 0x7D,
  0x7D, 0x7D, 0x7D, 0x7D, 0x00, 0x01, 0x00, 0x7D, 0x01, 0x77, 0x03, 0x6B, 0x02, 0xEE, 0x00, 0x05,
  0x00, 0x1F, 0x40, 0x1C, 0x03, 0x01, 0x02, 0x00, 0x02, 0x84, 0x00, 0x00, 0x00, 0x01, 0x5D, 0x00,
  0x01, 0x01, 0x4C, 0x00, 0x4C, 0x00, 0x00, 0x00, 0x05, 0x00, 0x05, 0x11, 0x11, 0x04, 0x09, 0x16,
  0x2B, 0x01, 0x35, 0x21, 0x35, 0x21, 0x11, 0x02, 0x71, 0xFE, 0x0C, 0x02, 0xEE, 0x01, 0x77, 0xFA,
  0x7D, 0xFE, 0x89, 0x00, 0x00, 0x07, 0x00, 0x00, 0x00, 0xFA, 0x03, 0x6B, 0x02, 0xEE, 0x00, 0x03,
  0x00, 0x07, 0x00, 0x0B, 0x00, 0x0F, 0x00, 0x13, 0x00, 0x17, 0x00, 0x1B, 0x00, 0x13, 0x40, 0x10,
  0x1A, 0x18, 0x16, 0x14, 0x11, 0x10, 0x0D, 0x0C, 0x09, 0x08, 0x06, 0x04, 0x02, 0x00, 0x07, 0x30,
  0x2B, 0x01, 0x23, 0x35, 0x33, 0x05, 0x23, 0x35, 0x33, 0x05, 0x15, 0x23, 0x35, 0x21, 0x15, 0x23,
  0x35, 0x21, 0x15, 0x23, 0x35, 0x05, 0x33, 0x15, 0x23, 0x25, 0x33, 0x15, 0x23, 0x01, 0x77, 0xFA,
  0xFA, 0x01, 0x77, 0xFA, 0xFA, 0xFD, 0x8F, 0x7D, 0x01, 0xF4, 0x7D, 0x01, 0xF4, 0x7D, 0xFD, 0x8F,
  0xFA, 0xFA, 0x01, 0x77, 0xFA, 0xFA, 0x02, 0x71, 0x7D, 0x7D, 0x7D, 0x7D, 0xFA, 0xFA, 0xFA, 0xFA,
  0xFA, 0xFA, 0xFA, 0x7D, 0x7D, 0x7D, 0x00, 0x00, 0x00, 0x03, 0x00, 0x7D, 0x00, 0x00, 0x03, 0x6B,
  0x03, 0xE8, 0x00, 0x0B, 0x00, 0x0F, 0x00, 0x13, 0x00, 0x0A, 0xB7, 0x11, 0x10, 0x0D, 0x0C, 0x05,
  0x00, 0x03, 0x30, 0x2B, 0x01, 0x15, 0x23, 0x11, 0x23, 0x15, 0x23, 0x35, 0x33, 0x11, 0x33, 0x35,
  0x05, 0x15, 0x23, 0x35, 0x01, 0x15, 0x23, 0x35, 0x02, 0xEE, 0x7D, 0x7D, 0xFA, 0x7D, 0x7D, 0x01,
  0x77, 0x7D, 0xFE, 0x0C, 0x7D, 0x03, 0xE8, 0x7D, 0xFD, 0x12, 0x7D, 0x7D, 0x02, 0xEE, 0x7D, 0x7D,
  0x7D, 0x7D, 0xFD, 0x8F, 0x7D, 0x7D, 0x00, 0x00, 0x00, 0x02, 0x00, 0x00, 0x00, 0x7D, 0x03, 0x6B,
  0x03, 0xE8, 0x00, 0x0B, 0x00, 0x13, 0x00, 0x08, 0xB5, 0x10, 0x0C, 0x05, 0x00, 0x02, 0x30, 0x2B,
  0x35, 0x11, 0x33, 0x35, 0x33, 0x35, 0x21, 0x15, 0x33, 0x15, 0x33, 0x11, 0x25, 0x21, 0x11, 0x23,
  0x35, 0x23, 0x15, 0x23, 0x7D, 0x7D, 0x01, 0x77, 0x7D, 0x7D, 0xFD, 0x8F, 0x01, 0x77, 0x7D, 0x7D,
  0x7D, 0x7D, 0x02, 0x71, 0x7D, 0x7D, 0x7D, 0x7D, 0xFD, 0x8F, 0x7D, 0x01, 0xF4, 0x7D, 0x7D, 0x00,
  0x00, 0x01, 0x00, 0x00, 0x00, 0x7D, 0x03, 0x6B, 0x03, 0xE8, 0x00, 0x07, 0x00, 0x06, 0xB3, 0x01,
  0x00, 0x01, 0x30, 0x2B, 0x35, 0x11, 0x21, 0x11, 0x23, 0x11, 0x21, 0x11, 0x03, 0x6B, 0xFA, 0xFE,
  0x89, 0x7D, 0x03, 0x6B, 0xFC, 0x95, 0x02, 0xEE, 0xFD, 0x12, 0x00, 0x00, 0x00, 0x01, 0x00, 0x00,
  0x00, 0x7D, 0x03, 0x6B, 0x03, 0xE8, 0x00, 0x1F, 0x00, 0x06, 0xB3, 0x0D, 0x00, 0x01, 0x30, 0x2B,
  0x35, 0x35, 0x33, 0x35, 0x33, 0x35, 0x33, 0x35, 0x23, 0x35, 0x23, 0x35, 0x23, 0x35, 0x21, 0x15,
  0x23, 0x35, 0x23, 0x15, 0x33, 0x15, 0x33, 0x15, 0x23, 0x15, 0x23, 0x15, 0x33, 0x35, 0x33, 0x15,
  0x7D, 0x7D, 0x7D, 0x7D, 0x7D, 0x7D, 0x03, 0x6B, 0xFA, 0xFA, 0x7D, 0xFA, 0xFA, 0x7D, 0xFA, 0xFA,
  0x7D, 0x7D, 0x7D, 0x7D, 0x7D, 0x7D, 0x7D, 0x7D, 0xFA, 0x7D, 0x7D, 0x7D, 0x7D, 0x7D, 0x7D, 0x7D,
  0xFA, 0x00, 0x00, 0x00, 0x00, 0x01, 0x00, 0x00, 0x00, 0x7D, 0x03, 0x6B, 0x03, 0xE8, 0x00, 0x0D,
  0x00, 0x06, 0xB3, 0x09, 0x00, 0x01, 0x30, 0x2B, 0x37, 0x35, 0x23, 0x35, 0x23, 0x35, 0x33, 0x15,
  0x33, 0x11, 0x21, 0x15, 0x23, 0x11, 0xFA, 0x7D, 0x7D, 0xFA, 0x7D, 0x01, 0xF4, 0xFA, 0x7D, 0x7D,
  0x7D, 0x7D, 0x7D, 0x02, 0x71, 0x7D, 0xFD, 0x12, 0x00, 0x02, 0x00, 0x00, 0x00, 0x00, 0x03, 0x6B,
  0x02, 0xEE, 0x00, 0x07, 0x00, 0x0F, 0x00, 0x31, 0x40, 0x2E, 0x00, 0x05, 0x05, 0x03, 0x5D, 0x06,
  0x01, 0x03, 0x03, 0x4C, 0x4B, 0x08, 0x07, 0x02, 0x00, 0x00, 0x01, 0x5D, 0x04, 0x01, 0x01, 0x01,
  0x4A, 0x4B, 0x00, 0x02, 0x02, 0x4E, 0x02, 0x4C, 0x08, 0x08, 0x08, 0x0F, 0x08, 0x0F, 0x11, 0x11,
  0x12, 0x11, 0x11, 0x11, 0x10, 0x09, 0x09, 0x1B, 0x2B, 0x37, 0x33, 0x15, 0x23, 0x15, 0x23, 0x11,
  0x33, 0x01, 0x15, 0x23, 0x35, 0x23, 0x11, 0x33, 0x11, 0xFA, 0xFA, 0xFA, 0xFA, 0xFA, 0x02, 0x71,
  0xFA, 0x7D, 0xFA, 0xFA, 0x7D, 0x7D, 0x02, 0xEE, 0xFE, 0x0C, 0x7D, 0x7D, 0x01, 0xF4, 0xFE, 0x0C,
  0x00, 0x02, 0x00, 0x00, 0x00, 0x7D, 0x03, 0x6B, 0x03, 0xE8, 0x00, 0x17, 0x00, 0x1B, 0x00, 0x08,
  0xB5, 0x1A, 0x18, 0x0F, 0x00, 0x02, 0x30, 0x2B, 0x37, 0x35, 0x23, 0x35, 0x33, 0x35, 0x21, 0x35,
  0x23, 0x35, 0x23, 0x15, 0x23, 0x35, 0x33, 0x35, 0x21, 0x15, 0x33, 0x15, 0x33, 0x11, 0x23, 0x15,
  0x25, 0x21, 0x35, 0x21, 0x7D, 0x7D, 0x7D, 0x01, 0xF4, 0x7D, 0xFA, 0xFA, 0x7D, 0x01, 0xF4, 0x7D,
  0x7D, 0x7D, 0xFE, 0x0C, 0x01, 0x77, 0xFE, 0x89, 0x7D, 0x7D, 0xFA, 0x7D, 0x7D, 0x7D, 0x7D, 0x7D,
  0x7D, 0x7D, 0x7D, 0xFE, 0x0C, 0x7D, 0x7D, 0xFA, 0x00, 0x0B, 0x00, 0x00, 0x00, 0x7D, 0x03, 0x6B,
  0x03, 0xE8, 0x00, 0x05, 0x00, 0x09, 0x00, 0x0F, 0x00, 0x13, 0x00, 0x17, 0x00, 0x1B, 0x00, 0x1F,
  0x00, 0x25, 0x00, 0x29, 0x00, 0x2F, 0x00, 0x33, 0x00, 0x86, 0x40, 0x83, 0x08, 0x01, 0x06, 0x09,
  0x01, 0x02, 0x07, 0x06, 0x02, 0x65, 0x00, 0x0C, 0x00, 0x0D, 0x0E, 0x0C, 0x0D, 0x65, 0x10, 0x01,
  0x0E, 0x12, 0x01, 0x0F, 0x13, 0x0E, 0x0F, 0x65, 0x17, 0x01, 0x13, 0x14, 0x01, 0x11, 0x15, 0x13,
  0x11, 0x65, 0x03, 0x01, 0x00, 0x00, 0x01, 0x5D, 0x1A, 0x04, 0x02, 0x01, 0x01, 0x49, 0x4B, 0x0B,
  0x01, 0x05, 0x05, 0x07, 0x5D, 0x0A, 0x01, 0x07, 0x07, 0x4C, 0x4B, 0x18, 0x01, 0x15, 0x15, 0x16,
  0x5E, 0x19, 0x01, 0x16, 0x16, 0x4A, 0x16, 0x4C, 0x06, 0x06, 0x33, 0x32, 0x31, 0x30, 0x2F, 0x2E,
  0x2D, 0x2C, 0x2B, 0x2A, 0x29, 0x28, 0x27, 0x26, 0x25, 0x24, 0x23, 0x22, 0x21, 0x20, 0x1F, 0x1E,
  0x1D, 0x1C, 0x1B, 0x1A, 0x19, 0x18, 0x17, 0x16, 0x15, 0x14, 0x13, 0x12, 0x11, 0x10, 0x0F, 0x0E,
  0x0D, 0x0C, 0x0B, 0x0A, 0x06, 0x09, 0x06, 0x09, 0x12, 0x11, 0x11, 0x10, 0x1B, 0x09, 0x18, 0x2B,
  0x13, 0x23, 0x35, 0x33, 0x15, 0x23, 0x25, 0x15, 0x23, 0x35, 0x01, 0x23, 0x35, 0x33, 0x15, 0x33,
  0x25, 0x33, 0x15, 0x23, 0x23, 0x33, 0x15, 0x23, 0x23, 0x33, 0x15, 0x23, 0x23, 0x33, 0x15, 0x23,
  0x25, 0x33, 0x15, 0x23, 0x35, 0x23, 0x21, 0x33, 0x15, 0x23, 0x21, 0x33, 0x15, 0x23, 0x35, 0x33,
  0x05, 0x33, 0x15, 0x23, 0xFA, 0x7D, 0xFA, 0x7D, 0x02, 0x71, 0x7D, 0xFE, 0x0C, 0xFA, 0x7D, 0x7D,
  0x01, 0x77, 0x7D, 0x7D, 0x7D, 0x7D, 0x7D, 0x7D, 0x7D, 0x7D, 0x7D, 0x7D, 0x7D, 0x01, 0x77, 0xFA,
  0x7D, 0x7D, 0xFE, 0x0C, 0x7D, 0x7D, 0x01, 0xF4, 0x7D, 0xFA, 0x7D, 0xFD, 0x8F, 0x7D, 0x7D, 0x03,
  0x6B, 0x7D, 0xFA, 0xFA, 0x7D, 0x7D, 0xFE, 0x89, 0xFA, 0x7D, 0x7D, 0x7D, 0x7D, 0x7D, 0x7D, 0x7D,
  0xFA, 0x7D, 0x7D, 0x7D, 0xFA, 0x7D, 0x7D, 0x00, 0x00, 0x0A, 0x00, 0x00, 0x00, 0x7D, 0x03, 0xE8,
  0x03, 0xE8, 0x00, 0x05, 0x00, 0x09, 0x00, 0x0F, 0x00, 0x13, 0x00, 0x17, 0x00, 0x1B, 0x00, 0x1F,
  0x00, 0x2F, 0x00, 0x33, 0x00, 0x37, 0x00, 0x8C, 0x40, 0x89, 0x09, 0x01, 0x06, 0x08, 0x01, 0x02,
  0x07, 0x06, 0x02, 0x65, 0x00, 0x0D, 0x00, 0x0C, 0x0F, 0x0D, 0x0C, 0x65, 0x1D, 0x17, 0x1C, 0x03,
  0x0F, 0x16, 0x11, 0x02, 0x0E, 0x14, 0x0F, 0x0E, 0x65, 0x18, 0x01, 0x14, 0x19, 0x01, 0x10, 0x12,
  0x14, 0x10, 0x65, 0x03, 0x01, 0x00, 0x00, 0x01, 0x5D, 0x04, 0x01, 0x01, 0x01, 0x49, 0x4B, 0x0A,
  0x01, 0x05, 0x05, 0x07, 0x5D, 0x0B, 0x01, 0x07, 0x07, 0x4C, 0x4B, 0x1A, 0x15, 0x02, 0x12, 0x12,
  0x13, 0x5E, 0x1B, 0x01, 0x13, 0x13, 0x4A, 0x13, 0x4C, 0x20, 0x20, 0x1C, 0x1C, 0x37, 0x36, 0x35,
  0x34, 0x33, 0x32, 0x31, 0x30, 0x20, 0x2F, 0x20, 0x2F, 0x2E, 0x2D, 0x2C, 0x2B, 0x2A, 0x29, 0x28,
  0x27, 0x26, 0x25, 0x24, 0x23, 0x22, 0x21, 0x1C, 0x1F, 0x1C, 0x1F, 0x1E, 0x1D, 0x1B, 0x1A, 0x19,
  0x18, 0x17, 0x16, 0x15, 0x14, 0x13, 0x12, 0x11, 0x11, 0x11, 0x11, 0x11, 0x11, 0x11, 0x11, 0x10,
  0x1E, 0x09, 0x1D, 0x2B, 0x13, 0x23, 0x35, 0x33, 0x15, 0x23, 0x25, 0x23, 0x35, 0x33, 0x01, 0x23,
  0x35, 0x33, 0x15, 0x33, 0x21, 0x23, 0x35, 0x33, 0x07, 0x23, 0x35, 0x33, 0x07, 0x23, 0x35, 0x33,
  0x07, 0x15, 0x23, 0x35, 0x21, 0x15, 0x23, 0x35, 0x23, 0x15, 0x33, 0x15, 0x21, 0x35, 0x33, 0x15,
  0x33, 0x35, 0x23, 0x35, 0x05, 0x33, 0x15, 0x23, 0x23, 0x33, 0x15, 0x23, 0xFA, 0x7D, 0xFA, 0x7D,
  0x02, 0x71, 0x7D, 0x7D, 0xFD, 0x8F, 0xFA, 0x7D, 0x7D, 0x01, 0xF4, 0x7D, 0x7D, 0x7D, 0x7D, 0x7D,
  0x7D, 0x7D, 0x7D, 0x7D, 0x7D, 0x02, 0xEE, 0x7D, 0x7D, 0x7D, 0xFE, 0x0C, 0x7D, 0x7D, 0x7D, 0xFE,
  0x89, 0x7D, 0x7D, 0x7D, 0x7D, 0x7D, 0x03, 0x6B, 0x7D, 0xFA, 0x7D, 0x7D, 0xFE, 0x89, 0xFA, 0x7D,
  0x7D, 0xFA, 0x7D, 0xFA, 0x7D, 0x7D, 0x7D, 0x7D, 0xFA, 0x7D, 0x7D, 0x7D, 0xFA, 0x7D, 0x7D, 0x7D,
  0x7D, 0x7D, 0x7D, 0x00, 0x00, 0x01, 0x00, 0x00, 0x00, 0x00, 0x03, 0x6B, 0x03, 0xE8, 0x00, 0x13,
  0x00, 0x06, 0xB3, 0x09, 0x00, 0x01, 0x30, 0x2B, 0x33, 0x11, 0x23, 0x35, 0x33, 0x35, 0x33, 0x35,
  0x33, 0x35, 0x33, 0x15, 0x33, 0x15, 0x33, 0x15, 0x33, 0x15, 0x23, 0x11, 0xFA, 0xFA, 0x7D, 0x7D,
  0x7D, 0x7D, 0x7D, 0x7D, 0x7D, 0xFA, 0x01, 0xF4, 0x7D, 0x7D, 0x7D, 0x7D, 0x7D, 0x7D, 0x7D, 0x7D,
  0xFE, 0x0C, 0x00, 0x00, 0x00, 0x01, 0x00, 0x00, 0x00, 0x7D, 0x03, 0xE8, 0x03, 0xE8, 0x00, 0x13,
  0x00, 0x06, 0xB3, 0x05, 0x00, 0x01, 0x30, 0x2B, 0x25, 0x35, 0x21, 0x11, 0x21, 0x35, 0x33, 0x15,
  0x33, 0x15, 0x33, 0x15, 0x33, 0x15, 0x23, 0x15, 0x23, 0x15, 0x23, 0x15, 0x01, 0xF4, 0xFE, 0x0C,
  0x01, 0xF4, 0x7D, 0x7D, 0x7D, 0x7D, 0x7D, 0x7D, 0x7D, 0x7D, 0xFA, 0x01, 0x77, 0xFA, 0x7D, 0x7D,
  0x7D, 0x7D, 0x7D, 0x7D, 0x7D, 0x00, 0x00, 0x00, 0x00, 0x01, 0x00, 0x00, 0x00, 0x00, 0x03, 0x6B,
  0x03, 0xE8, 0x00, 0x13, 0x00, 0x06, 0xB3, 0x09, 0x00, 0x01, 0x30, 0x2B, 0x21, 0x35, 0x23, 0x35,
  0x23, 0x35, 0x23, 0x35, 0x33, 0x11, 0x21, 0x11, 0x33, 0x15, 0x23, 0x15, 0x23, 0x15, 0x23, 0x15,
  0x01, 0x77, 0x7D, 0x7D, 0x7D, 0xFA, 0x01, 0x77, 0xFA, 0x7D, 0x7D, 0x7D, 0x7D, 0x7D, 0x7D, 0x7D,
  0x01, 0xF4, 0xFE, 0x0C, 0x7D, 0x7D, 0x7D, 0x7D, 0x00, 0x01, 0x00, 0x00, 0x00, 0x7D, 0x03, 0xE8,
  0x03, 0xE8, 0x00, 0x13, 0x00, 0x06, 0xB3, 0x0D, 0x00, 0x01, 0x30, 0x2B, 0x25, 0x35, 0x23, 0x35,
  0x23, 0x35, 0x23, 0x35, 0x33, 0x35, 0x33, 0x35, 0x33, 0x35, 0x33, 0x15, 0x21, 0x11, 0x21, 0x15,
  0x01, 0x77, 0x7D, 0x7D, 0x7D, 0x7D, 0x7D, 0x7D, 0x7D, 0x01, 0xF4, 0xFE, 0x0C, 0x7D, 0x7D, 0x7D,
  0x7D, 0x7D, 0x7D, 0x7D, 0x7D, 0xFA, 0xFE, 0x89, 0xFA, 0x00, 0x00, 0x00, 0x00, 0x0C, 0x00, 0x00,
  0x00, 0x7D, 0x03, 0x6B, 0x03, 0xE8, 0x00, 0x03, 0x00, 0x07, 0x00, 0x0B, 0x00, 0x0F, 0x00, 0x13,
  0x00, 0x17, 0x00, 0x1B, 0x00, 0x1F, 0x00, 0x23, 0x00, 0x27, 0x00, 0x2B, 0x00, 0x2F, 0x00, 0x1D,
  0x40, 0x1A, 0x2E, 0x2C, 0x2A, 0x28, 0x25, 0x24, 0x22, 0x20, 0x1D, 0x1C, 0x19, 0x18, 0x15, 0x14,
  0x11, 0x10, 0x0E, 0x0C, 0x09, 0x08, 0x06, 0x04, 0x02, 0x00, 0x0C, 0x30, 0x2B, 0x01, 0x23, 0x35,
  0x33, 0x07, 0x23, 0x35, 0x33, 0x17, 0x35, 0x33, 0x15, 0x05, 0x23, 0x35, 0x33, 0x05, 0x35, 0x33,
  0x15, 0x21, 0x15, 0x23, 0x35, 0x21, 0x15, 0x23, 0x35, 0x05, 0x15, 0x23, 0x35, 0x21, 0x33, 0x15,
  0x23, 0x23, 0x15, 0x23, 0x35, 0x33, 0x33, 0x15, 0x23, 0x23, 0x33, 0x15, 0x23, 0x01, 0xF4, 0x7D,
  0x7D, 0x7D, 0x7D, 0x7D, 0x7D, 0x7D, 0xFE, 0x89, 0x7D, 0x7D, 0x01, 0x77, 0x7D, 0xFD, 0x8F, 0x7D,
  0x03, 0x6B, 0x7D, 0xFE, 0x0C, 0x7D, 0x01, 0xF4, 0x7D, 0x7D, 0xFA, 0x7D, 0xFA, 0x7D, 0x7D, 0x7D,
  0x7D, 0x7D, 0x03, 0x6B, 0x7D, 0xFA, 0x7D, 0x7D, 0x7D, 0x7D, 0x7D, 0x7D, 0x7D, 0x7D, 0x7D, 0x7D,
  0x7D, 0x7D, 0x7D, 0x7D, 0x7D, 0x7D, 0x7D, 0x7D, 0x7D, 0x7D, 0x7D, 0x00, 0x00, 0x01, 0x00, 0x00,
  0x00, 0x7D, 0x03, 0x6B, 0x03, 0xE8, 0x00, 0x0F, 0x00, 0x06, 0xB3, 0x07, 0x00, 0x01, 0x30, 0x2B,
  0x35, 0x35, 0x33, 0x35, 0x33, 0x35, 0x33, 0x35, 0x33, 0x15, 0x33, 0x15, 0x33, 0x15, 0x33, 0x15,
  0x7D, 0x7D, 0x7D, 0x7D, 0x7D, 0x7D, 0x7D, 0x7D, 0x7D, 0xFA, 0xFA, 0xFA, 0xFA, 0xFA, 0xFA, 0x7D,
  0x00, 0x01, 0x00, 0x00, 0x00, 0x7D, 0x03, 0x6B, 0x03, 0xE8, 0x00, 0x0F, 0x00, 0x06, 0xB3, 0x01,
  0x00, 0x01, 0x30, 0x2B, 0x35, 0x11, 0x33, 0x15, 0x33, 0x15, 0x33, 0x15, 0x33, 0x15, 0x23, 0x15,
  0x23, 0x15, 0x23, 0x15, 0x7D, 0xFA, 0xFA, 0xFA, 0xFA, 0xFA, 0xFA, 0x7D, 0x03, 0x6B, 0x7D, 0x7D,
  0x7D, 0x7D, 0x7D, 0x7D, 0x7D, 0x00, 0x00, 0x00, 0x00, 0x01, 0x00, 0x00, 0x00, 0x7D, 0x03, 0x6B,
  0x03, 0xE8, 0x00, 0x0F, 0x00, 0x06, 0xB3, 0x07, 0x00, 0x01, 0x30, 0x2B, 0x25, 0x35, 0x23, 0x35,
  0x23, 0x35, 0x23, 0x35, 0x21, 0x15, 0x23, 0x15, 0x23, 0x15, 0x23, 0x15, 0x01, 0x77, 0x7D, 0x7D,
  0x7D, 0x03, 0x6B, 0x7D, 0x7D, 0x7D, 0x7D, 0xFA, 0xFA, 0xFA, 0x7D, 0x7D, 0xFA, 0xFA, 0xFA, 0x00,
  0x00, 0x01, 0x00, 0x00, 0x00, 0x7D, 0x03, 0x6B, 0x03, 0xE8, 0x00, 0x0F, 0x00, 0x06, 0xB3, 0x0D,
  0x00, 0x01, 0x30, 0x2B, 0x25, 0x35, 0x23, 0x35, 0x23, 0x35, 0x23, 0x35, 0x33, 0x35, 0x33, 0x35,
  0x33, 0x35, 0x33, 0x11, 0x02, 0xEE, 0xFA, 0xFA, 0xFA, 0xFA, 0xFA, 0xFA, 0x7D, 0x7D, 0x7D, 0x7D,
  0x7D, 0x7D, 0x7D, 0x7D, 0x7D, 0xFC, 0x95, 0x00, 0x00, 0x01, 0x00, 0x00, 0x00, 0x7D, 0x03, 0x6B,
  0x03, 0xE8, 0x00, 0x1B, 0x00, 0x06, 0xB3, 0x09, 0x00, 0x01, 0x30, 0x2B, 0x37, 0x35, 0x33, 0x35,
  0x23, 0x35, 0x23, 0x35, 0x21, 0x35, 0x33, 0x15, 0x21, 0x15, 0x23, 0x15, 0x23, 0x15, 0x33, 0x15,
  0x23, 0x35, 0x23, 0x35, 0x23, 0x15, 0x23, 0x15, 0x7D, 0x7D, 0x7D, 0x7D, 0x01, 0x77, 0x7D, 0x01,
  0x77, 0x7D, 0x7D, 0x7D, 0x7D, 0x7D, 0x7D, 0x7D, 0x7D, 0xFA, 0x7D, 0x7D, 0x7D, 0xFA, 0xFA, 0x7D,
  0x7D, 0x7D, 0xFA, 0x7D, 0x7D, 0x7D, 0x7D, 0x00, 0x00, 0x04, 0x00, 0x00, 0x00, 0x7D, 0x03, 0x6B,
  0x03, 0xE8, 0x00, 0x03, 0x00, 0x0B, 0x00, 0x13, 0x00, 0x23, 0x00, 0x0D, 0x40, 0x0A, 0x18, 0x14,
  0x0F, 0x0C, 0x09, 0x05, 0x02, 0x00, 0x04, 0x30, 0x2B, 0x01, 0x23, 0x35, 0x33, 0x03, 0x15, 0x23,
  0x35, 0x23, 0x35, 0x21, 0x15, 0x25, 0x15, 0x23, 0x15, 0x23, 0x35, 0x23, 0x35, 0x15, 0x33, 0x15,
  0x33, 0x15, 0x23, 0x35, 0x21, 0x15, 0x23, 0x35, 0x33, 0x35, 0x33, 0x15, 0x33, 0x01, 0xF4, 0x7D,
  0x7D, 0xFA, 0x7D, 0x7D, 0x01, 0x77, 0x01, 0xF4, 0x7D, 0x7D, 0x7D, 0x7D, 0x7D, 0x7D, 0xFE, 0x89,
  0x7D, 0x7D, 0x7D, 0x7D, 0x02, 0xEE, 0xFA, 0xFE, 0x89, 0x7D, 0x7D, 0x7D, 0x7D, 0x7D, 0x7D, 0x7D,
  0x7D, 0x7D, 0xFA, 0x7D, 0xFA, 0x7D, 0x7D, 0xFA, 0x7D, 0x7D, 0x00, 0x00, 0x00, 0x01, 0x00, 0x00,
  0x00, 0x7D, 0x03, 0x6B, 0x03, 0xE8, 0x00, 0x17, 0x00, 0x06, 0xB3, 0x0B, 0x00, 0x01, 0x30, 0x2B,
  0x37, 0x35, 0x33, 0x35, 0x23, 0x35, 0x33, 0x35, 0x33, 0x35, 0x33, 0x35, 0x33, 0x15, 0x33, 0x15,
  0x33, 0x15, 0x33, 0x15, 0x23, 0x15, 0x33, 0x15, 0x7D, 0x7D, 0xFA, 0x7D, 0x7D, 0x7D, 0x7D, 0x7D,
  0x7D, 0x7D, 0xFA, 0x7D, 0x7D, 0x7D, 0x7D, 0xFA, 0x7D, 0x7D, 0x7D, 0x7D, 0x7D, 0x7D, 0xFA, 0x7D,
  0x7D, 0x00, 0x00, 0x00, 0x00, 0x04, 0x00, 0x7D, 0x00, 0x7D, 0x03, 0x6B, 0x03, 0xE8, 0x00, 0x03,
  0x00, 0x07, 0x00, 0x0B, 0x00, 0x13, 0x00, 0x0D, 0x40, 0x0A, 0x10, 0x0C, 0x09, 0x08, 0x05, 0x04,
  0x02, 0x00, 0x04, 0x30, 0x2B, 0x01, 0x23, 0x35, 0x33, 0x07, 0x15, 0x23, 0x35, 0x21, 0x15, 0x23,
  0x35, 0x07, 0x33, 0x15, 0x33, 0x15, 0x21, 0x35, 0x33, 0x02, 0x71, 0xFA, 0xFA, 0xFA, 0xFA, 0x02,
  0xEE, 0xFA, 0xFA, 0xFA, 0x7D, 0xFE, 0x0C, 0x7D, 0x02, 0xEE, 0xFA, 0xFA, 0xFA, 0xFA, 0xFA, 0xFA,
  0xFA, 0xFA, 0x7D, 0x7D, 0x00, 0x01, 0x00, 0x00, 0x00, 0x7D, 0x03, 0x6B, 0x03, 0xE8, 0x00, 0x17,
  0x00, 0x06, 0xB3, 0x09, 0x00, 0x01, 0x30, 0x2B, 0x25, 0x35, 0x23, 0x35, 0x23, 0x35, 0x23, 0x11,
  0x33, 0x35, 0x33, 0x15, 0x33, 0x35, 0x33, 0x15, 0x33, 0x11, 0x23, 0x15, 0x23, 0x15, 0x23, 0x15,
  0x01, 0x77, 0x7D, 0x7D, 0x7D, 0x7D, 0xFA, 0x7D, 0xFA, 0x7D, 0x7D, 0x7D, 0x7D, 0x7D, 0x7D, 0x7D,
  0x7D, 0x01, 0x77, 0x7D, 0x7D, 0x7D, 0x7D, 0xFE, 0x89, 0x7D, 0x7D, 0x7D, 0x00, 0x01, 0x00, 0x00,
  0x00, 0x7D, 0x03, 0x6B, 0x03, 0xE8, 0x00, 0x1B, 0x00, 0x06, 0xB3, 0x0D, 0x00, 0x01, 0x30, 0x2B,
  0x25, 0x35, 0x23, 0x35, 0x23, 0x35, 0x23, 0x35, 0x33, 0x35, 0x33, 0x35, 0x33, 0x35, 0x33, 0x15,
  0x33, 0x15, 0x33, 0x15, 0x33, 0x15, 0x23, 0x15, 0x23, 0x15, 0x23, 0x15, 0x01, 0x77, 0x7D, 0x7D,
  0x7D, 0x7D, 0x7D, 0x7D, 0x7D, 0x7D, 0x7D, 0x7D, 0x7D, 0x7D, 0x7D, 0x7D, 0x7D, 0x7D, 0x7D, 0x7D,
  0x7D, 0x7D, 0x7D, 0x7D, 0x7D, 0x7D, 0x7D, 0x7D, 0x7D, 0x7D, 0x00, 0x00, 0x00, 0x04, 0x00, 0x00,
  0x00, 0x7D, 0x03, 0x6B, 0x03, 0xE8, 0x00, 0x0F, 0x00, 0x13, 0x00, 0x17, 0x00, 0x1B, 0x00, 0x0D,
  0x40, 0x0A, 0x1A, 0x18, 0x15, 0x14, 0x11, 0x10, 0x0D, 0x05, 0x04, 0x30, 0x2B, 0x01, 0x15, 0x23,
  0x11, 0x23, 0x15, 0x23, 0x35, 0x23, 0x35, 0x33, 0x35, 0x33, 0x11, 0x33, 0x15, 0x17, 0x15, 0x23,
  0x35, 0x17, 0x15, 0x23, 0x35, 0x07, 0x33, 0x15, 0x23, 0x02, 0x71, 0x7D, 0x7D, 0xFA, 0x7D, 0x7D,
  0xFA, 0x7D, 0xFA, 0x7D, 0xFA, 0x7D, 0x7D, 0x7D, 0x7D, 0x03, 0x6B, 0x7D, 0xFE, 0x0C, 0x7D, 0x7D,
  0x7D, 0x7D, 0x01, 0xF4, 0x7D, 0x7D, 0x7D, 0x7D, 0x7D, 0x7D, 0x7D, 0x7D, 0x7D, 0x00, 0x00, 0x00,
  0x00, 0x02, 0x00, 0x00, 0x00, 0x7D, 0x03, 0xE8, 0x03, 0xE8, 0x00, 0x03, 0x00, 0x23, 0x00, 0x08,
  0xB5, 0x15, 0x09, 0x02, 0x00, 0x02, 0x30, 0x2B, 0x01, 0x23, 0x35, 0x33, 0x05, 0x11, 0x23, 0x15,
  0x23, 0x15, 0x23, 0x35, 0x23, 0x15, 0x23, 0x35, 0x23, 0x35, 0x23, 0x11, 0x33, 0x35, 0x21, 0x15,
  0x33, 0x35, 0x33, 0x15, 0x23, 0x15, 0x23, 0x15, 0x33, 0x35, 0x33, 0x35, 0x02, 0x71, 0x7D, 0x7D,
  0x01, 0x77, 0x7D, 0x7D, 0xFA, 0x7D, 0x7D, 0x7D, 0x7D, 0x7D, 0x01, 0x77, 0x7D, 0xFA, 0x7D, 0x7D,
  0x7D, 0x7D, 0x03, 0x6B, 0x7D, 0xFA, 0xFE, 0x89, 0x7D, 0x7D, 0x7D, 0x7D, 0x7D, 0x7D, 0x01, 0x77,
  0x7D, 0x7D, 0x7D, 0x7D, 0xFA, 0x7D, 0x7D, 0xFA, 0x00, 0x05, 0x00, 0x00, 0x00, 0x7D, 0x03, 0x6B,
  0x03, 0xE8, 0x00, 0x03, 0x00, 0x07, 0x00, 0x0F, 0x00, 0x13, 0x00, 0x17, 0x00, 0x5D, 0x40, 0x5A,
  0x09, 0x01, 0x06, 0x00, 0x04, 0x03, 0x06, 0x04, 0x66, 0x0D, 0x07, 0x02, 0x02, 0x00, 0x03, 0x0A,
  0x02, 0x03, 0x65, 0x00, 0x00, 0x00, 0x01, 0x5D, 0x0C, 0x01, 0x01, 0x01, 0x49, 0x4B, 0x00, 0x08,
  0x08, 0x05, 0x5D, 0x00, 0x05, 0x05, 0x4C, 0x4B, 0x00, 0x0A, 0x0A, 0x0B, 0x5D, 0x0E, 0x01, 0x0B,
  0x0B, 0x4A, 0x0B, 0x4C, 0x14, 0x14, 0x08, 0x08, 0x00, 0x00, 0x14, 0x17, 0x14, 0x17, 0x16, 0x15,
  0x13, 0x12, 0x11, 0x10, 0x08, 0x0F, 0x08, 0x0F, 0x0E, 0x0D, 0x0C, 0x0B, 0x0A, 0x09, 0x07, 0x06,
  0x05, 0x04, 0x00, 0x03, 0x00, 0x03, 0x11, 0x0F, 0x09, 0x15, 0x2B, 0x01, 0x15, 0x21, 0x35, 0x07,
  0x33, 0x11, 0x23, 0x01, 0x11, 0x21, 0x11, 0x21, 0x15, 0x33, 0x11, 0x07, 0x23, 0x15, 0x33, 0x01,
  0x35, 0x21, 0x15, 0x02, 0xEE, 0xFD, 0x8F, 0x7D, 0x7D, 0x7D, 0x03, 0x6B, 0xFD, 0x8F, 0x01, 0x77,
  0x7D, 0xFA, 0x7D, 0x7D, 0xFE, 0x89, 0x02, 0x71, 0x03, 0xE8, 0x7D, 0x7D, 0x7D, 0xFD, 0x8F, 0x02,
  0x71, 0xFE, 0x0C, 0x01, 0x77, 0xFA, 0x01, 0x77, 0xFA, 0x7D, 0xFE, 0x89, 0x7D, 0x7D, 0x00, 0x00,
  0x00, 0x04, 0x00, 0x00, 0x00, 0x7D, 0x03, 0x6B, 0x03, 0xE8, 0x00, 0x15, 0x00, 0x19, 0x00, 0x1F,
  0x00, 0x23, 0x00, 0xB3, 0x4B, 0xB0, 0x0A, 0x50, 0x58, 0x40, 0x41, 0x00, 0x00, 0x0D, 0x03, 0x01,
  0x00, 0x70, 0x08, 0x01, 0x06, 0x09, 0x01, 0x05, 0x0B, 0x06, 0x05, 0x65, 0x00, 0x0B, 0x00, 0x0E,
  0x04, 0x0B, 0x0E, 0x65, 0x10, 0x01, 0x0D, 0x00, 0x04, 0x0D, 0x55, 0x12, 0x11, 0x0A, 0x03, 0x04,
  0x00, 0x03, 0x01, 0x04, 0x03, 0x65, 0x00, 0x0C, 0x0C, 0x07, 0x5D, 0x00, 0x07, 0x07, 0x49, 0x4B,
  0x0F, 0x01, 0x01, 0x01, 0x02, 0x5E, 0x00, 0x02, 0x02, 0x4A, 0x02, 0x4C, 0x1B, 0x40, 0x42, 0x00,
  0x00, 0x0D, 0x03, 0x0D, 0x00, 0x03, 0x7E, 0x08, 0x01, 0x06, 0x09, 0x01, 0x05, 0x0B, 0x06, 0x05,
  0x65, 0x00, 0x0B, 0x00, 0x0E, 0x04, 0x0B, 0x0E, 0x65, 0x10, 0x01, 0x0D, 0x00, 0x04, 0x0D, 0x55,
  0x12, 0x11, 0x0A, 0x03, 0x04, 0x00, 0x03, 0x01, 0x04, 0x03, 0x65, 0x00, 0x0C, 0x0C, 0x07, 0x5D,
  0x00, 0x07, 0x07, 0x49, 0x4B, 0x0F, 0x01, 0x01, 0x01, 0x02, 0x5E, 0x00, 0x02, 0x02, 0x4A, 0x02,
  0x4C, 0x59, 0x40, 0x22, 0x20, 0x20, 0x20, 0x23, 0x20, 0x23, 0x22, 0x21, 0x1F, 0x1E, 0x1D, 0x1C,
  0x1B, 0x1A, 0x19, 0x18, 0x17, 0x16, 0x15, 0x14, 0x13, 0x12, 0x11, 0x11, 0x11, 0x11, 0x11, 0x11,
  0x11, 0x11, 0x10, 0x13, 0x09, 0x1D, 0x2B, 0x01, 0x33, 0x15, 0x33, 0x15, 0x21, 0x35, 0x23, 0x35,
  0x33, 0x35, 0x23, 0x35, 0x33, 0x35, 0x21, 0x15, 0x33, 0x15, 0x23, 0x15, 0x33, 0x25, 0x33, 0x35,
  0x23, 0x13, 0x23, 0x35, 0x23, 0x15, 0x33, 0x25, 0x15, 0x23, 0x35, 0x02, 0x71, 0x7D, 0x7D, 0xFD,
  0x12, 0x7D, 0x7D, 0x7D, 0x7D, 0x01, 0x77, 0x7D, 0x7D, 0x7D, 0xFE, 0x89, 0x7D, 0x7D, 0xFA, 0x7D,
  0x7D, 0xFA, 0x01, 0x77, 0x7D, 0x01, 0x77, 0x7D, 0x7D, 0x7D, 0xFA, 0x7D, 0xFA, 0x7D, 0x7D, 0xFA,
  0x7D, 0x7D, 0xFA, 0xFE, 0x0C, 0x7D, 0xFA, 0xFA, 0x7D, 0x7D, 0x00, 0x00, 0x00, 0x03, 0x00, 0x7D,
  0x00, 0x7D, 0x03, 0x6B, 0x03, 0xE8, 0x00, 0x0D, 0x00, 0x15, 0x00, 0x19, 0x00, 0x8F, 0x4B, 0xB0,
  0x0A, 0x50, 0x58, 0x40, 0x32, 0x00, 0x09, 0x02, 0x0A, 0x08, 0x09, 0x70, 0x00, 0x0A, 0x01, 0x07,
  0x0A, 0x6E, 0x00, 0x02, 0x00, 0x01, 0x07, 0x02, 0x01, 0x65, 0x0B, 0x01, 0x07, 0x05, 0x01, 0x00,
  0x04, 0x07, 0x00, 0x66, 0x0C, 0x01, 0x08, 0x08, 0x03, 0x5D, 0x00, 0x03, 0x03, 0x49, 0x4B, 0x0D,
  0x06, 0x02, 0x04, 0x04, 0x4A, 0x04, 0x4C, 0x1B, 0x40, 0x34, 0x00, 0x09, 0x02, 0x0A, 0x02, 0x09,
  0x0A, 0x7E, 0x00, 0x0A, 0x01, 0x02, 0x0A, 0x01, 0x7C, 0x00, 0x02, 0x00, 0x01, 0x07, 0x02, 0x01,
  0x65, 0x0B, 0x01, 0x07, 0x05, 0x01, 0x00, 0x04, 0x07, 0x00, 0x66, 0x0C, 0x01, 0x08, 0x08, 0x03,
  0x5D, 0x00, 0x03, 0x03, 0x49, 0x4B, 0x0D, 0x06, 0x02, 0x04, 0x04, 0x4A, 0x04, 0x4C, 0x59, 0x40,
  0x1B, 0x00, 0x00, 0x19, 0x18, 0x17, 0x16, 0x15, 0x14, 0x13, 0x12, 0x11, 0x10, 0x0F, 0x0E, 0x00,
  0x0D, 0x00, 0x0D, 0x11, 0x11, 0x11, 0x11, 0x11, 0x11, 0x0E, 0x09, 0x1A, 0x2B, 0x25, 0x35, 0x23,
  0x35, 0x23, 0x11, 0x33, 0x35, 0x21, 0x11, 0x23, 0x35, 0x23, 0x15, 0x03, 0x33, 0x11, 0x23, 0x15,
  0x23, 0x15, 0x33, 0x17, 0x33, 0x11, 0x23, 0x01, 0xF4, 0xFA, 0x7D, 0x7D, 0x02, 0x71, 0x7D, 0x7D,
  0xFA, 0x7D, 0x7D, 0x7D, 0x7D, 0xFA, 0x7D, 0x7D, 0x7D, 0xFA, 0x7D, 0x01, 0x77, 0x7D, 0xFC, 0x95,
  0xFA, 0xFA, 0x01, 0x77, 0x01, 0x77, 0x7D, 0x7D, 0x7D, 0x01, 0x77, 0x00, 0x00, 0x02, 0x00, 0x7D,
  0x00, 0x7D, 0x03, 0x6B, 0x03, 0xE8, 0x00, 0x11, 0x00, 0x23, 0x00, 0x76, 0x40, 0x73, 0x00, 0x09,
  0x03, 0x04, 0x03, 0x09, 0x04, 0x7E, 0x00, 0x04, 0x0A, 0x03, 0x04, 0x0A, 0x7C, 0x12, 0x08, 0x02,
  0x06, 0x00, 0x00, 0x02, 0x06, 0x00, 0x65, 0x13, 0x11, 0x02, 0x0A, 0x00, 0x10, 0x0E, 0x0A, 0x10,
  0x65, 0x00, 0x0E, 0x0D, 0x01, 0x0B, 0x0F, 0x0E, 0x0B, 0x65, 0x00, 0x01, 0x01, 0x07, 0x5D, 0x00,
  0x07, 0x07, 0x49, 0x4B, 0x05, 0x01, 0x03, 0x03, 0x02, 0x5D, 0x00, 0x02, 0x02, 0x4C, 0x4B, 0x00,
  0x0F, 0x0F, 0x0C, 0x5E, 0x00, 0x0C, 0x0C, 0x4A, 0x0C, 0x4C, 0x12, 0x12, 0x00, 0x00, 0x12, 0x23,
  0x12, 0x23, 0x22, 0x21, 0x20, 0x1F, 0x1E, 0x1D, 0x1C, 0x1B, 0x1A, 0x19, 0x18, 0x17, 0x16, 0x15,
  0x14, 0x13, 0x00, 0x11, 0x00, 0x11, 0x11, 0x11, 0x11, 0x11, 0x11, 0x11, 0x11, 0x11, 0x14, 0x09,
  0x1C, 0x2B, 0x01, 0x15, 0x23, 0x35, 0x23, 0x15, 0x33, 0x15, 0x23, 0x15, 0x23, 0x35, 0x23, 0x35,
  0x33, 0x35, 0x21, 0x15, 0x03, 0x35, 0x33, 0x15, 0x33, 0x15, 0x23, 0x15, 0x21, 0x35, 0x23, 0x35,
  0x33, 0x15, 0x33, 0x35, 0x23, 0x35, 0x03, 0x6B, 0xFA, 0xFA, 0xFA, 0xFA, 0x7D, 0x7D, 0x7D, 0x01,
  0xF4, 0x7D, 0x7D, 0x7D, 0x7D, 0xFE, 0x0C, 0x7D, 0xFA, 0xFA, 0xFA, 0x03, 0x6B, 0x7D, 0x7D, 0x7D,
  0x7D, 0x7D, 0x7D, 0xFA, 0x7D, 0x7D, 0xFE, 0x89, 0x7D, 0x7D, 0xFA, 0x7D, 0x7D, 0x7D, 0x7D, 0x7D,
  0x7D, 0x00, 0x00, 0x00, 0x00, 0x0B, 0x00, 0x00, 0x00, 0x00, 0x03, 0xE8, 0x03, 0xE8, 0x00, 0x03,
  0x00, 0x07, 0x00, 0x0B, 0x00, 0x0F, 0x00, 0x13, 0x00, 0x17, 0x00, 0x1B, 0x00, 0x1F, 0x00, 0x23,
  0x00, 0x27, 0x00, 0x2B, 0x00, 0x96, 0xB1, 0x06, 0x64, 0x44, 0x40, 0x8B, 0x00, 0x01, 0x00, 0x00,
  0x03, 0x01, 0x00, 0x65, 0x04, 0x01, 0x03, 0x16, 0x05, 0x02, 0x02, 0x07, 0x03, 0x02, 0x65, 0x18,
  0x0B, 0x08, 0x17, 0x04, 0x07, 0x00, 0x09, 0x0C, 0x07, 0x09, 0x65, 0x00, 0x0C, 0x00, 0x0D, 0x0E,
  0x0C, 0x0D, 0x65, 0x00, 0x0E, 0x19, 0x0F, 0x0A, 0x03, 0x06, 0x11, 0x0E, 0x06, 0x65, 0x12, 0x1A,
  0x02, 0x11, 0x13, 0x01, 0x10, 0x14, 0x11, 0x10, 0x65, 0x00, 0x14, 0x15, 0x15, 0x14, 0x55, 0x00,
  0x14, 0x14, 0x15, 0x5D, 0x00, 0x15, 0x14, 0x15, 0x4D, 0x20, 0x20, 0x1C, 0x1C, 0x14, 0x14, 0x0C,
  0x0C, 0x08, 0x08, 0x2B, 0x2A, 0x29, 0x28, 0x27, 0x26, 0x25, 0x24, 0x20, 0x23, 0x20, 0x23, 0x22,
  0x21, 0x1C, 0x1F, 0x1C, 0x1F, 0x1E, 0x1D, 0x1B, 0x1A, 0x19, 0x18, 0x14, 0x17, 0x14, 0x17, 0x16,
  0x15, 0x13, 0x12, 0x11, 0x10, 0x0C, 0x0F, 0x0C, 0x0F, 0x0E, 0x0D, 0x08, 0x0B, 0x08, 0x0B, 0x12,
  0x11, 0x11, 0x11, 0x10, 0x1B, 0x09, 0x19, 0x2B, 0xB1, 0x06, 0x00, 0x44, 0x01, 0x21, 0x35, 0x21,
  0x05, 0x23, 0x35, 0x33, 0x05, 0x35, 0x33, 0x15, 0x21, 0x11, 0x23, 0x11, 0x21, 0x33, 0x15, 0x23,
  0x25, 0x11, 0x23, 0x11, 0x05, 0x33, 0x15, 0x23, 0x17, 0x35, 0x33, 0x15, 0x21, 0x15, 0x23, 0x35,
  0x21, 0x33, 0x15, 0x23, 0x21, 0x21, 0x15, 0x21, 0x02, 0xEE, 0xFE, 0x0C, 0x01, 0xF4, 0xFE, 0x0C,
  0x7D, 0x7D, 0x01, 0xF4, 0x7D, 0xFD, 0x12, 0x7D, 0x01, 0x77, 0xFA, 0xFA, 0x02, 0x71, 0x7D, 0xFD,
  0x8F, 0x7D, 0x7D, 0x7D, 0xFA, 0xFE, 0x89, 0x7D, 0x02, 0x71, 0x7D, 0x7D, 0xFE, 0x0C, 0x01, 0xF4,
  0xFE, 0x0C, 0x03, 0x6B, 0x7D, 0xFA, 0x7D, 0x7D, 0x7D, 0x7D, 0xFE, 0x0C, 0x01, 0xF4, 0x7D, 0x7D,
  0xFE, 0x0C, 0x01, 0xF4, 0x7D, 0xFA, 0x7D, 0x7D, 0x7D, 0x7D, 0x7D, 0x7D, 0x7D, 0x00, 0x00, 0x00,
  0x00, 0x0B, 0x00, 0x00, 0x00, 0x00, 0x03, 0xE8, 0x03, 0xE8, 0x00, 0x03, 0x00, 0x07, 0x00, 0x0B,
  0x00, 0x0F, 0x00, 0x19, 0x00, 0x1D, 0x00, 0x21, 0x00, 0x25, 0x00, 0x29, 0x00, 0x2D, 0x00, 0x31,
  0x00, 0xAF, 0xB1, 0x06, 0x64, 0x44, 0x40, 0xA4, 0x00, 0x01, 0x00, 0x00, 0x03, 0x01, 0x00, 0x65,
  0x04, 0x01, 0x03, 0x19, 0x05, 0x02, 0x02, 0x07, 0x03, 0x02, 0x65, 0x1C, 0x0E, 0x08, 0x1A, 0x04,
  0x07, 0x00, 0x09, 0x0F, 0x07, 0x09, 0x65, 0x00, 0x0F, 0x1D, 0x01, 0x10, 0x0A, 0x0F, 0x10, 0x65,
  0x00, 0x0A, 0x00, 0x0B, 0x11, 0x0A, 0x0B, 0x65, 0x00, 0x11, 0x1E, 0x12, 0x0D, 0x1B, 0x0C, 0x05,
  0x06, 0x14, 0x11, 0x06, 0x65, 0x15, 0x1F, 0x02, 0x14, 0x16, 0x01, 0x13, 0x17, 0x14, 0x13, 0x65,
  0x00, 0x17, 0x18, 0x18, 0x17, 0x55, 0x00, 0x17, 0x17, 0x18, 0x5D, 0x00, 0x18, 0x17, 0x18, 0x4D,
  0x26, 0x26, 0x22, 0x22, 0x1E, 0x1E, 0x1A, 0x1A, 0x10, 0x10, 0x0C, 0x0C, 0x08, 0x08, 0x31, 0x30,
  0x2F, 0x2E, 0x2D, 0x2C, 0x2B, 0x2A, 0x26, 0x29, 0x26, 0x29, 0x28, 0x27, 0x22, 0x25, 0x22, 0x25,
  0x24, 0x23, 0x1E, 0x21, 0x1E, 0x21, 0x20, 0x1F, 0x1A, 0x1D, 0x1A, 0x1D, 0x1C, 0x1B, 0x10, 0x19,
  0x10, 0x19, 0x18, 0x17, 0x16, 0x15, 0x14, 0x13, 0x12, 0x11, 0x0C, 0x0F, 0x0C, 0x0F, 0x0E, 0x0D,
  0x08, 0x0B, 0x08, 0x0B, 0x12, 0x11, 0x11, 0x11, 0x10, 0x20, 0x09, 0x19, 0x2B, 0xB1, 0x06, 0x00,
  0x44, 0x01, 0x21, 0x35, 0x21, 0x05, 0x23, 0x35, 0x33, 0x05, 0x35, 0x33, 0x15, 0x21, 0x11, 0x23,
  0x11, 0x13, 0x11, 0x21, 0x15, 0x23, 0x15, 0x33, 0x15, 0x23, 0x15, 0x01, 0x11, 0x23, 0x11, 0x07,
  0x35, 0x33, 0x15, 0x07, 0x35, 0x33, 0x15, 0x21, 0x15, 0x23, 0x35, 0x21, 0x33, 0x15, 0x23, 0x21,
  0x21, 0x15, 0x21, 0x02, 0xEE, 0xFE, 0x0C, 0x01, 0xF4, 0xFE, 0x0C, 0x7D, 0x7D, 0x01, 0xF4, 0x7D,
  0xFD, 0x12, 0x7D, 0xFA, 0x01, 0x77, 0xFA, 0xFA, 0xFA, 0x02, 0x71, 0x7D, 0xFA, 0x7D, 0x7D, 0x7D,
  0xFE, 0x0C, 0x7D, 0x02, 0x71, 0x7D, 0x7D, 0xFE, 0x0C, 0x01, 0xF4, 0xFE, 0x0C, 0x03, 0x6B, 0x7D,
  0xFA, 0x7D, 0x7D, 0x7D, 0x7D, 0xFE, 0x0C, 0x01, 0xF4, 0xFE, 0x0C, 0x01, 0xF4, 0x7D, 0x7D, 0x7D,
  0x7D, 0x01, 0xF4, 0xFE, 0x0C, 0x01, 0xF4, 0xFA, 0x7D, 0x7D, 0xFA, 0x7D, 0x7D, 0x7D, 0x7D, 0x7D,
  0x7D, 0x00, 0x00, 0x00, 0x00, 0x01, 0x00, 0x7D, 0x01, 0xF4, 0x03, 0x6B, 0x03, 0xE8, 0x00, 0x0D,
  0x00, 0x06, 0xB3, 0x03, 0x00, 0x01, 0x30, 0x2B, 0x13, 0x11, 0x23, 0x35, 0x21, 0x11, 0x23, 0x35,
  0x23, 0x15, 0x23, 0x11, 0x23, 0x11, 0xFA, 0x7D, 0x02, 0xEE, 0x7D, 0x7D, 0x7D, 0x7D, 0x01, 0xF4,
  0x01, 0x77, 0x7D, 0xFE, 0x0C, 0xFA, 0xFA, 0x01, 0x77, 0xFE, 0x89, 0x00, 0x00, 0x04, 0x00, 0xFA,
  0x02, 0x71, 0x02, 0x71, 0x03, 0xE8, 0x00, 0x03, 0x00, 0x07, 0x00, 0x0B, 0x00, 0x0F, 0x00, 0x47,
  0xB1, 0x06, 0x64, 0x44, 0x40, 0x3C, 0x00, 0x01, 0x00, 0x00, 0x03, 0x01, 0x00, 0x65, 0x09, 0x05,
  0x08, 0x03, 0x03, 0x04, 0x01, 0x02, 0x06, 0x03, 0x02, 0x65, 0x00, 0x06, 0x07, 0x07, 0x06, 0x55,
  0x00, 0x06, 0x06, 0x07, 0x5D, 0x00, 0x07, 0x06, 0x07, 0x4D, 0x08, 0x08, 0x04, 0x04, 0x0F, 0x0E,
  0x0D, 0x0C, 0x08, 0x0B, 0x08, 0x0B, 0x0A, 0x09, 0x04, 0x07, 0x04, 0x07, 0x12, 0x11, 0x10, 0x0A,
  0x09, 0x17, 0x2B, 0xB1, 0x06, 0x00, 0x44, 0x01, 0x23, 0x35, 0x33, 0x07, 0x15, 0x23, 0x35, 0x21,
  0x15, 0x23, 0x35, 0x07, 0x33, 0x15, 0x23, 0x01, 0xF4, 0x7D, 0x7D, 0x7D, 0x7D, 0x01, 0x77, 0x7D,
  0x7D, 0x7D, 0x7D, 0x03, 0x6B, 0x7D, 0x7D, 0x7D, 0x7D, 0x7D, 0x7D, 0x7D, 0x7D, 0x00, 0x00, 0x00,
  0x00, 0x01, 0x01, 0x77, 0x00, 0x7D, 0x02, 0x71, 0x03, 0xE8, 0x00, 0x03, 0x00, 0x19, 0x40, 0x16,
  0x00, 0x00, 0x00, 0x49, 0x4B, 0x02, 0x01, 0x01, 0x01, 0x4A, 0x01, 0x4C, 0x00, 0x00, 0x00, 0x03,
  0x00, 0x03, 0x11, 0x03, 0x09, 0x15, 0x2B, 0x25, 0x11, 0x33, 0x11, 0x01, 0x77, 0xFA, 0x7D, 0x03,
  0x6B, 0xFC, 0x95, 0x00, 0x00, 0x02, 0x01, 0x77, 0x00, 0x7D, 0x02, 0x71, 0x03, 0xE8, 0x00, 0x03,
  0x00, 0x07, 0x00, 0x2C, 0x40, 0x29, 0x04, 0x01, 0x01, 0x01, 0x00, 0x5D, 0x00, 0x00, 0x00, 0x49,
  0x4B, 0x00, 0x02, 0x02, 0x03, 0x5D, 0x05, 0x01, 0x03, 0x03, 0x4A, 0x03, 0x4C, 0x04, 0x04, 0x00,
  0x00, 0x04, 0x07, 0x04, 0x07, 0x06, 0x05, 0x00, 0x03, 0x00, 0x03, 0x11, 0x06, 0x09, 0x15, 0x2B,
  0x01, 0x11, 0x33, 0x11, 0x03, 0x11, 0x33, 0x11, 0x01, 0x77, 0xFA, 0xFA, 0xFA, 0x02, 0x71, 0x01,
  0x77, 0xFE, 0x89, 0xFE, 0x0C, 0x01, 0x77, 0xFE, 0x89, 0x00, 0x00, 0x00, 0x00, 0x01, 0x00, 0x7D,
  0x00, 0x7D, 0x03, 0x6B, 0x03, 0xE8, 0x00, 0x0B, 0x00, 0x29, 0x40, 0x26, 0x00, 0x02, 0x02, 0x49,
  0x4B, 0x04, 0x01, 0x00, 0x00, 0x01, 0x5D, 0x03, 0x01, 0x01, 0x01, 0x4C, 0x4B, 0x06, 0x01, 0x05,
  0x05, 0x4A, 0x05, 0x4C, 0x00, 0x00, 0x00, 0x0B, 0x00, 0x0B, 0x11, 0x11, 0x11, 0x11, 0x11, 0x07,
  0x09, 0x19, 0x2B, 0x25, 0x11, 0x23, 0x35, 0x33, 0x35, 0x33, 0x15, 0x33, 0x15, 0x23, 0x11, 0x01,
  0x77, 0xFA, 0xFA, 0xFA, 0xFA, 0xFA, 0x7D, 0x01, 0xF4, 0x7D, 0xFA, 0xFA, 0x7D, 0xFE, 0x0C, 0x00,
  0x00, 0x01, 0x00, 0x7D, 0x00, 0x7D, 0x03, 0x6B, 0x03, 0xE8, 0x00, 0x13, 0x00, 0x37, 0x40, 0x34,
  0x07, 0x01, 0x01, 0x08, 0x01, 0x00, 0x09, 0x01, 0x00, 0x65, 0x00, 0x04, 0x04, 0x49, 0x4B, 0x06,
  0x01, 0x02, 0x02, 0x03, 0x5D, 0x05, 0x01, 0x03, 0x03, 0x4C, 0x4B, 0x0A, 0x01, 0x09, 0x09, 0x4A,
  0x09, 0x4C, 0x00, 0x00, 0x00, 0x13, 0x00, 0x13, 0x11, 0x11, 0x11, 0x11, 0x11, 0x11, 0x11, 0x11,
  0x11, 0x0B, 0x09, 0x1D, 0x2B, 0x25, 0x35, 0x23, 0x35, 0x33, 0x35, 0x23, 0x35, 0x33, 0x35, 0x33,
  0x15, 0x33, 0x15, 0x23, 0x15, 0x33, 0x15, 0x23, 0x15, 0x01, 0x77, 0xFA, 0xFA, 0xFA, 0xFA, 0xFA,
  0xFA, 0xFA, 0xFA, 0xFA, 0x7D, 0xFA, 0x7D, 0x7D, 0x7D, 0xFA, 0xFA, 0x7D, 0x7D, 0x7D, 0xFA, 0x00,
  0x00, 0x07, 0x00, 0x00, 0x00, 0x7D, 0x03, 0x6B, 0x03, 0xE8, 0x00, 0x05, 0x00, 0x09, 0x00, 0x0D,
  0x00, 0x11, 0x00, 0x15, 0x00, 0x19, 0x00, 0x1D, 0x00, 0x5D, 0x40, 0x5A, 0x11, 0x0A, 0x10, 0x08,
  0x04, 0x05, 0x09, 0x01, 0x07, 0x0B, 0x05, 0x07, 0x65, 0x00, 0x0B, 0x00, 0x0C, 0x0D, 0x0B, 0x0C,
  0x65, 0x03, 0x01, 0x00, 0x00, 0x02, 0x5D, 0x04, 0x0F, 0x02, 0x02, 0x02, 0x49, 0x4B, 0x00, 0x0D,
  0x0D, 0x01, 0x5D, 0x0E, 0x06, 0x02, 0x01, 0x01, 0x4A, 0x01, 0x4C, 0x12, 0x12, 0x0E, 0x0E, 0x00,
  0x00, 0x1D, 0x1C, 0x1B, 0x1A, 0x19, 0x18, 0x17, 0x16, 0x12, 0x15, 0x12, 0x15, 0x14, 0x13, 0x0E,
  0x11, 0x0E, 0x11, 0x10, 0x0F, 0x0D, 0x0C, 0x0B, 0x0A, 0x09, 0x08, 0x07, 0x06, 0x00, 0x05, 0x00,
  0x05, 0x11, 0x11, 0x12, 0x09, 0x16, 0x2B, 0x13, 0x15, 0x23, 0x11, 0x23, 0x11, 0x05, 0x23, 0x35,
  0x33, 0x05, 0x33, 0x11, 0x23, 0x01, 0x11, 0x23, 0x11, 0x21, 0x11, 0x23, 0x11, 0x03, 0x33, 0x15,
  0x23, 0x07, 0x21, 0x15, 0x21, 0xFA, 0x7D, 0x7D, 0x02, 0xEE, 0x7D, 0x7D, 0xFE, 0x0C, 0x7D, 0x7D,
  0x01, 0x77, 0x7D, 0x01, 0x77, 0x7D, 0x7D, 0x7D, 0x7D, 0x7D, 0x01, 0x77, 0xFE, 0x89, 0x03, 0xE8,
  0x7D, 0xFD, 0x12, 0x03, 0x6B, 0x7D, 0x7D, 0x7D, 0xFD, 0x12, 0x02, 0xEE, 0xFE, 0x89, 0x01, 0x77,
  0xFE, 0x89, 0x01, 0x77, 0xFE, 0x89, 0x7D, 0x7D, 0x7D, 0x00, 0x00, 0x00, 0x00, 0x01, 0x00, 0x7D,
  0x02, 0xEE, 0x02, 0xEE, 0x03, 0xE8, 0x00, 0x0B, 0x00, 0x35, 0xB1, 0x06, 0x64, 0x44, 0x40, 0x2A,
  0x00, 0x01, 0x00, 0x04, 0x00, 0x01, 0x04, 0x65, 0x02, 0x01, 0x00, 0x03, 0x03, 0x00, 0x55, 0x02,
  0x01, 0x00, 0x00, 0x03, 0x5D, 0x06, 0x05, 0x02, 0x03, 0x00, 0x03, 0x4D, 0x00, 0x00, 0x00, 0x0B,
  0x00, 0x0B, 0x11, 0x11, 0x11, 0x11, 0x11, 0x07, 0x09, 0x19, 0x2B, 0xB1, 0x06, 0x00, 0x44, 0x13,
  0x35, 0x33, 0x35, 0x21, 0x15, 0x33, 0x15, 0x23, 0x35, 0x23, 0x15, 0x7D, 0x7D, 0x01, 0x77, 0x7D,
  0xFA, 0x7D, 0x02, 0xEE, 0x7D, 0x7D, 0x7D, 0x7D, 0x7D, 0x7D, 0x00, 0x00, 0x00, 0x01, 0x00, 0x7D,
  0x01, 0xF4, 0x02, 0xEE, 0x02, 0x71, 0x00, 0x03, 0x00, 0x26, 0xB1, 0x06, 0x64, 0x44, 0x40, 0x1B,
  0x00, 0x00, 0x01, 0x01, 0x00, 0x55, 0x00, 0x00, 0x00, 0x01, 0x5D, 0x02, 0x01, 0x01, 0x00, 0x01,
  0x4D, 0x00, 0x00, 0x00, 0x03, 0x00, 0x03, 0x11, 0x03, 0x09, 0x15, 0x2B, 0xB1, 0x06, 0x00, 0x44,
  0x13, 0x35, 0x21, 0x15, 0x7D, 0x02, 0x71, 0x01, 0xF4, 0x7D, 0x7D, 0x00, 0x00, 0x02, 0xFD, 0x3A,
  0x02, 0xEE, 0xFE, 0x34, 0x03, 0xE8, 0x00, 0x03, 0x00, 0x07, 0x00, 0x38, 0xB1, 0x06, 0x64, 0x44,
  0x40, 0x2D, 0x04, 0x01, 0x01, 0x00, 0x00, 0x03, 0x01, 0x00, 0x65, 0x05, 0x01, 0x03, 0x02, 0x02,
  0x03, 0x55, 0x05, 0x01, 0x03, 0x03, 0x02, 0x5D, 0x00, 0x02, 0x03, 0x02, 0x4D, 0x04, 0x04, 0x00,
  0x00, 0x04, 0x07, 0x04, 0x07, 0x06, 0x05, 0x00, 0x03, 0x00, 0x03, 0x11, 0x06, 0x09, 0x15, 0x2B,
  0xB1, 0x06, 0x00, 0x44, 0x01, 0x15, 0x23, 0x35, 0x17, 0x15, 0x23, 0x35, 0xFD, 0xB7, 0x7D, 0xFA,
  0x7D, 0x03, 0xE8, 0x7D, 0x7D, 0x7D, 0x7D, 0x7D, 0x00, 0x02, 0xFD, 0x9E, 0x02, 0xEE, 0xFE, 0x98,
  0x03, 0xE8, 0x00, 0x03, 0x00, 0x07, 0x00, 0x32, 0xB1, 0x06, 0x64, 0x44, 0x40, 0x27, 0x04, 0x01,
  0x01, 0x00, 0x00, 0x02, 0x01, 0x00, 0x65, 0x00, 0x02, 0x03, 0x03, 0x02, 0x55, 0x00, 0x02, 0x02,
  0x03, 0x5D, 0x00, 0x03, 0x02, 0x03, 0x4D, 0x00, 0x00, 0x07, 0x06, 0x05, 0x04, 0x00, 0x03, 0x00,
  0x03, 0x11, 0x05, 0x09, 0x15, 0x2B, 0xB1, 0x06, 0x00, 0x44, 0x01, 0x15, 0x23, 0x35, 0x07, 0x33,
  0x15, 0x23, 0xFE, 0x98, 0x7D, 0x7D, 0x7D, 0x7D, 0x03, 0xE8, 0x7D, 0x7D, 0x7D, 0x7D, 0x00, 0x00,
  0x00, 0x01, 0xFD, 0x12, 0xFE, 0x8A, 0xFE, 0x89, 0x00, 0x01, 0x00, 0x07, 0x00, 0x30, 0xB1, 0x06,
  0x64, 0x44, 0x40, 0x25, 0x00, 0x01, 0x00, 0x02, 0x00, 0x01, 0x02, 0x65, 0x00, 0x00, 0x03, 0x03,
  0x00, 0x55, 0x00, 0x00, 0x00, 0x03, 0x5D, 0x04, 0x01, 0x03, 0x00, 0x03, 0x4D, 0x00, 0x00, 0x00,
  0x07, 0x00, 0x07, 0x11, 0x11, 0x11, 0x05, 0x09, 0x17, 0x2B, 0xB1, 0x06, 0x00, 0x44, 0x01, 0x35,
  0x33, 0x35, 0x33, 0x15, 0x23, 0x15, 0xFD, 0x12, 0x7D, 0xFA, 0x7D, 0xFE, 0x8A, 0x7D, 0xFA, 0xFA,
  0x7D, 0x00, 0x00, 0x00, 0x00, 0x01, 0xFD, 0x1C, 0x01, 0x67, 0xFF, 0x00, 0x01, 0xE4, 0x00, 0x03,
  0x00, 0x26, 0xB1, 0x06, 0x64, 0x44, 0x40, 0x1B, 0x00, 0x00, 0x01, 0x01, 0x00, 0x55, 0x00, 0x00,
  0x00, 0x01, 0x5D, 0x02, 0x01, 0x01, 0x00, 0x01, 0x4D, 0x00, 0x00, 0x00, 0x03, 0x00, 0x03, 0x11,
  0x03, 0x09, 0x15, 0x2B, 0xB1, 0x06, 0x00, 0x44, 0x01, 0x35, 0x21, 0x15, 0xFD, 0x1C, 0x01, 0xE4,
  0x01, 0x67, 0x7D, 0x7D, 0x00, 0x01, 0x00, 0x00, 0x02, 0x71, 0x00, 0xFA, 0x03, 0xE8, 0x00, 0x05,
  0x00, 0x4E, 0xB1, 0x06, 0x64, 0x44, 0x4B, 0xB0, 0x0A, 0x50, 0x58, 0x40, 0x17, 0x03, 0x01, 0x02,
  0x01, 0x01, 0x02, 0x6F, 0x00, 0x00, 0x01, 0x01, 0x00, 0x55, 0x00, 0x00, 0x00, 0x01, 0x5D, 0x00,
  0x01, 0x00, 0x01, 0x4D, 0x1B, 0x40, 0x16, 0x03, 0x01, 0x02, 0x01, 0x02, 0x84, 0x00, 0x00, 0x01,
  0x01, 0x00, 0x55, 0x00, 0x00, 0x00, 0x01, 0x5D, 0x00, 0x01, 0x00, 0x01, 0x4D, 0x59, 0x40, 0x0B,
  0x00, 0x00, 0x00, 0x05, 0x00, 0x05, 0x11, 0x11, 0x04, 0x09, 0x16, 0x2B, 0xB1, 0x06, 0x00, 0x44,
  0x11, 0x11, 0x33, 0x15, 0x23, 0x15, 0xFA, 0x7D, 0x02, 0x71, 0x01, 0x77, 0xFA, 0x7D, 0x00, 0x00,
  0x00, 0x01, 0x00, 0x7D, 0x03, 0x6B, 0x02, 0xEE, 0x03, 0xE8, 0x00, 0x03, 0x00, 0x26, 0xB1, 0x06,
  0x64, 0x44, 0x40, 0x1B, 0x00, 0x00, 0x01, 0x01, 0x00, 0x55, 0x00, 0x00, 0x00, 0x01, 0x5D, 0x02,
  0x01, 0x01, 0x00, 0x01, 0x4D, 0x00, 0x00, 0x00, 0x03, 0x00, 0x03, 0x11, 0x03, 0x09, 0x15, 0x2B,
  0xB1, 0x06, 0x00, 0x44, 0x13, 0x35, 0x21, 0x15, 0x7D, 0x02, 0x71, 0x03, 0x6B, 0x7D, 0x7D, 0x00,
  0x00, 0x02, 0x01, 0x77, 0x02, 0xEE, 0x02, 0x71, 0x03, 0xE8, 0x00, 0x03, 0x00, 0x07, 0x00, 0x38,
  0xB1, 0x06, 0x64, 0x44, 0x40, 0x2D, 0x04, 0x01, 0x01, 0x00, 0x00, 0x03, 0x01, 0x00, 0x65, 0x05,
  0x01, 0x03, 0x02, 0x02, 0x03, 0x55, 0x05, 0x01, 0x03, 0x03, 0x02, 0x5D, 0x00, 0x02, 0x03, 0x02,
  0x4D, 0x04, 0x04, 0x00, 0x00, 0x04, 0x07, 0x04, 0x07, 0x06, 0x05, 0x00, 0x03, 0x00, 0x03, 0x11,
  0x06, 0x09, 0x15, 0x2B, 0xB1, 0x06, 0x00, 0x44, 0x01, 0x15, 0x23, 0x35, 0x17, 0x15, 0x23, 0x35,
  0x01, 0xF4, 0x7D, 0xFA, 0x7D, 0x03, 0xE8, 0x7D, 0x7D, 0x7D, 0x7D, 0x7D, 0x00, 0x02, 0x01, 0x77,
  0x02, 0xEE, 0x02, 0x71, 0x03, 0xE8, 0x00, 0x03, 0x00, 0x07, 0x00, 0x32, 0xB1, 0x06, 0x64, 0x44,
  0x40, 0x27, 0x04, 0x01, 0x01, 0x00, 0x00, 0x02, 0x01, 0x00, 0x65, 0x00, 0x02, 0x03, 0x03, 0x02,
  0x55, 0x00, 0x02, 0x02, 0x03, 0x5D, 0x00, 0x03, 0x02, 0x03, 0x4D, 0x00, 0x00, 0x07, 0x06, 0x05,
  0x04, 0x00, 0x03, 0x00, 0x03, 0x11, 0x05, 0x09, 0x15, 0x2B, 0xB1, 0x06, 0x00, 0x44, 0x01, 0x15,
  0x23, 0x35, 0x07, 0x33, 0x15, 0x23, 0x02, 0x71, 0x7D, 0x7D, 0x7D, 0x7D, 0x03, 0xE8, 0x7D, 0x7D,
  0x7D, 0x7D, 0x00, 0x00, 0x00, 0x02, 0x01, 0x77, 0x02, 0xEE, 0x02, 0x71, 0x03, 0xE8, 0x00, 0x03,
  0x00, 0x07, 0x00, 0x32, 0xB1, 0x06, 0x64, 0x44, 0x40, 0x27, 0x04, 0x01, 0x01, 0x00, 0x00, 0x02,
  0x01, 0x00, 0x65, 0x00, 0x02, 0x03, 0x03, 0x02, 0x55, 0x00, 0x02, 0x02, 0x03, 0x5D, 0x00, 0x03,
  0x02, 0x03, 0x4D, 0x00, 0x00, 0x07, 0x06, 0x05, 0x04, 0x00, 0x03, 0x00, 0x03, 0x11, 0x05, 0x09,
  0x15, 0x2B, 0xB1, 0x06, 0x00, 0x44, 0x01, 0x15, 0x23, 0x35, 0x07, 0x33, 0x15, 0x23, 0x02, 0x71,
  0x7D, 0x7D, 0x7D, 0x7D, 0x03, 0xE8, 0x7D, 0x7D, 0x7D, 0x7D, 0x00, 0x00, 0x00, 0x03, 0x00, 0x7D,
  0x02, 0xEE, 0x02, 0xEE, 0x03, 0xE8, 0x00, 0x03, 0x00, 0x07, 0x00, 0x0B, 0x00, 0x3D, 0xB1, 0x06,
  0x64, 0x44, 0x40, 0x32, 0x07, 0x03, 0x06, 0x03, 0x01, 0x02, 0x01, 0x00, 0x04, 0x01, 0x00, 0x65,
  0x00, 0x04, 0x05, 0x05, 0x04, 0x55, 0x00, 0x04, 0x04, 0x05, 0x5D, 0x00, 0x05, 0x04, 0x05, 0x4D,
  0x04, 0x04, 0x00, 0x00, 0x0B, 0x0A, 0x09, 0x08, 0x04, 0x07, 0x04, 0x07, 0x06, 0x05, 0x00, 0x03,
  0x00, 0x03, 0x11, 0x08, 0x09, 0x15, 0x2B, 0xB1, 0x06, 0x00, 0x44, 0x13, 0x15, 0x23, 0x35, 0x21,
  0x15, 0x23, 0x35, 0x05, 0x21, 0x15, 0x21, 0xFA, 0x7D, 0x02, 0x71, 0x7D, 0xFE, 0x89, 0x01, 0x77,
  0xFE, 0x89, 0x03, 0xE8, 0x7D, 0x7D, 0x7D, 0x7D, 0x7D, 0x7D, 0x00, 0x00, 0x00, 0x01, 0x00, 0x7D,
  0x02, 0xEE, 0x02, 0xEE, 0x03, 0xE8, 0x00, 0x0B, 0x00, 0x34, 0xB1, 0x06, 0x64, 0x44, 0x40, 0x29,
  0x03, 0x01, 0x01, 0x04, 0x01, 0x00, 0x02, 0x01, 0x00, 0x65, 0x00, 0x02, 0x05, 0x05, 0x02, 0x55,
  0x00, 0x02, 0x02, 0x05, 0x5D, 0x06, 0x01, 0x05, 0x02, 0x05, 0x4D, 0x00, 0x00, 0x00, 0x0B, 0x00,
  0x0B, 0x11, 0x11, 0x11, 0x11, 0x11, 0x07, 0x09, 0x19, 0x2B, 0xB1, 0x06, 0x00, 0x44, 0x13, 0x35,
  0x23, 0x35, 0x33, 0x15, 0x33, 0x35, 0x33, 0x15, 0x23, 0x15, 0xFA, 0x7D, 0xFA, 0x7D, 0xFA, 0x7D,
  0x02, 0xEE, 0x7D, 0x7D, 0x7D, 0x7D, 0x7D, 0x7D, 0x00, 0x02, 0x00, 0xFA, 0x00, 0x00, 0x02, 0x71,
  0x00, 0xFA, 0x00, 0x03, 0x00, 0x07, 0x00, 0x32, 0xB1, 0x06, 0x64, 0x44, 0x40, 0x27, 0x04, 0x01,
  0x01, 0x00, 0x00, 0x02, 0x01, 0x00, 0x65, 0x00, 0x02, 0x03, 0x03, 0x02, 0x55, 0x00, 0x02, 0x02,
  0x03, 0x5D, 0x00, 0x03, 0x02, 0x03, 0x4D, 0x00, 0x00, 0x07, 0x06, 0x05, 0x04, 0x00, 0x03, 0x00,
  0x03, 0x11, 0x05, 0x09, 0x15, 0x2B, 0xB1, 0x06, 0x00, 0x44, 0x25, 0x15, 0x23, 0x35, 0x07, 0x33,
  0x15, 0x23, 0x02, 0x71, 0x7D, 0xFA, 0xFA, 0xFA, 0xFA, 0x7D, 0x7D, 0x7D, 0x7D, 0x00, 0x00, 0x00,
  0x00, 0x01, 0x00, 0x7D, 0x02, 0xEE, 0x02, 0xEE, 0x03, 0xE8, 0x00, 0x0B, 0x00, 0x35, 0xB1, 0x06,
  0x64, 0x44, 0x40, 0x2A, 0x00, 0x01, 0x00, 0x04, 0x00, 0x01, 0x04, 0x65, 0x02, 0x01, 0x00, 0x03,
  0x03, 0x00, 0x55, 0x02, 0x01, 0x00, 0x00, 0x03, 0x5D, 0x06, 0x05, 0x02, 0x03, 0x00, 0x03, 0x4D,
  0x00, 0x00, 0x00, 0x0B, 0x00, 0x0B, 0x11, 0x11, 0x11, 0x11, 0x11, 0x07, 0x09, 0x19, 0x2B, 0xB1,
  0x06, 0x00, 0x44, 0x13, 0x35, 0x33, 0x35, 0x21, 0x15, 0x33, 0x15, 0x23, 0x35, 0x23, 0x15, 0x7D,
  0x7D, 0x01, 0x77, 0x7D, 0xFA, 0x7D, 0x02, 0xEE, 0x7D, 0x7D, 0x7D, 0x7D, 0x7D, 0x7D, 0x00, 0x00,
  0x00, 0x02, 0x00, 0x7D, 0x03, 0x6B, 0x02, 0xEE, 0x03, 0xE8, 0x00, 0x03, 0x00, 0x07, 0x00, 0x32,
  0xB1, 0x06, 0x64, 0x44, 0x40, 0x27, 0x02, 0x01, 0x00, 0x01, 0x01, 0x00, 0x55, 0x02, 0x01, 0x00,
  0x00, 0x01, 0x5D, 0x05, 0x03, 0x04, 0x03, 0x01, 0x00, 0x01, 0x4D, 0x04, 0x04, 0x00, 0x00, 0x04,
  0x07, 0x04, 0x07, 0x06, 0x05, 0x00, 0x03, 0x00, 0x03, 0x11, 0x06, 0x09, 0x15, 0x2B, 0xB1, 0x06,
  0x00, 0x44, 0x13, 0x35, 0x33, 0x15, 0x33, 0x35, 0x33, 0x15, 0x7D, 0xFA, 0x7D, 0xFA, 0x03, 0x6B,
  0x7D, 0x7D, 0x7D, 0x7D, 0x00, 0x01, 0x01, 0x77, 0x03, 0x6B, 0x02, 0x71, 0x03, 0xE8, 0x00, 0x03,
  0x00, 0x26, 0xB1, 0x06, 0x64, 0x44, 0x40, 0x1B, 0x00, 0x00, 0x01, 0x01, 0x00, 0x55, 0x00, 0x00,
  0x00, 0x01, 0x5D, 0x02, 0x01, 0x01, 0x00, 0x01, 0x4D, 0x00, 0x00, 0x00, 0x03, 0x00, 0x03, 0x11,
  0x03, 0x09, 0x15, 0x2B, 0xB1, 0x06, 0x00, 0x44, 0x01, 0x35, 0x33, 0x15, 0x01, 0x77, 0xFA, 0x03,
  0x6B, 0x7D, 0x7D, 0x00, 0x00, 0x02, 0x01, 0x77, 0x02, 0xEE, 0x02, 0x71, 0x03, 0xE8, 0x00, 0x03,
  0x00, 0x07, 0x00, 0x38, 0xB1, 0x06, 0x64, 0x44, 0x40, 0x2D, 0x04, 0x01, 0x01, 0x00, 0x00, 0x03,
  0x01, 0x00, 0x65, 0x05, 0x01, 0x03, 0x02, 0x02, 0x03, 0x55, 0x05, 0x01, 0x03, 0x03, 0x02, 0x5D,
  0x00, 0x02, 0x03, 0x02, 0x4D, 0x04, 0x04, 0x00, 0x00, 0x04, 0x07, 0x04, 0x07, 0x06, 0x05, 0x00,
  0x03, 0x00, 0x03, 0x11, 0x06, 0x09, 0x15, 0x2B, 0xB1, 0x06, 0x00, 0x44, 0x01, 0x15, 0x23, 0x35,
  0x17, 0x15, 0x23, 0x35, 0x01, 0xF4, 0x7D, 0xFA, 0x7D, 0x03, 0xE8, 0x7D, 0x7D, 0x7D, 0x7D, 0x7D,
  0x00, 0x04, 0x00, 0x7D, 0x02, 0xEE, 0x02, 0xEE, 0x03, 0xE8, 0x00, 0x03, 0x00, 0x07, 0x00, 0x0B,
  0x00, 0x0F, 0x00, 0x3D, 0xB1, 0x06, 0x64, 0x44, 0x40, 0x32, 0x08, 0x03, 0x02, 0x00, 0x02, 0x01,
  0x01, 0x04, 0x00, 0x01, 0x65, 0x06, 0x01, 0x04, 0x05, 0x05, 0x04, 0x55, 0x06, 0x01, 0x04, 0x04,
  0x05, 0x5D, 0x07, 0x01, 0x05, 0x04, 0x05, 0x4D, 0x04, 0x04, 0x0F, 0x0E, 0x0D, 0x0C, 0x0B, 0x0A,
  0x09, 0x08, 0x04, 0x07, 0x04, 0x07, 0x12, 0x11, 0x10, 0x09, 0x09, 0x17, 0x2B, 0xB1, 0x06, 0x00,
  0x44, 0x13, 0x33, 0x15, 0x23, 0x25, 0x15, 0x23, 0x35, 0x05, 0x33, 0x15, 0x23, 0x25, 0x33, 0x15,
  0x23, 0xFA, 0x7D, 0x7D, 0x01, 0xF4, 0x7D, 0xFE, 0x0C, 0x7D, 0x7D, 0x01, 0x77, 0x7D, 0x7D, 0x03,
  0xE8, 0x7D, 0x7D, 0x7D, 0x7D, 0x7D, 0x7D, 0x7D, 0x7D, 0x00, 0x00, 0x00, 0x00, 0x01, 0x00, 0x7D,
  0x03, 0x6B, 0x02, 0xEE, 0x03, 0xE8, 0x00, 0x03, 0x00, 0x26, 0xB1, 0x06, 0x64, 0x44, 0x40, 0x1B,
  0x00, 0x00, 0x01, 0x01, 0x00, 0x55, 0x00, 0x00, 0x00, 0x01, 0x5D, 0x02, 0x01, 0x01, 0x00, 0x01,
  0x4D, 0x00, 0x00, 0x00, 0x03, 0x00, 0x03, 0x11, 0x03, 0x09, 0x15, 0x2B, 0xB1, 0x06, 0x00, 0x44,
  0x13, 0x35, 0x21, 0x15, 0x7D, 0x02, 0x71, 0x03, 0x6B, 0x7D, 0x7D, 0x00, 0x00, 0x03, 0x00, 0xFA,
  0x00, 0x00, 0x02, 0x71, 0x01, 0x77, 0x00, 0x03, 0x00, 0x07, 0x00, 0x0B, 0x00, 0x42, 0xB1, 0x06,
  0x64, 0x44, 0x40, 0x37, 0x00, 0x01, 0x00, 0x00, 0x03, 0x01, 0x00, 0x65, 0x06, 0x01, 0x03, 0x00,
  0x02, 0x05, 0x03, 0x02, 0x65, 0x07, 0x01, 0x05, 0x04, 0x04, 0x05, 0x55, 0x07, 0x01, 0x05, 0x05,
  0x04, 0x5D, 0x00, 0x04, 0x05, 0x04, 0x4D, 0x08, 0x08, 0x04, 0x04, 0x08, 0x0B, 0x08, 0x0B, 0x0A,
  0x09, 0x04, 0x07, 0x04, 0x07, 0x12, 0x11, 0x10, 0x08, 0x09, 0x17, 0x2B, 0xB1, 0x06, 0x00, 0x44,
  0x25, 0x23, 0x35, 0x33, 0x07, 0x15, 0x23, 0x35, 0x05, 0x15, 0x23, 0x35, 0x01, 0xF4, 0x7D, 0x7D,
  0x7D, 0x7D, 0x01, 0x77, 0xFA, 0xFA, 0x7D, 0x7D, 0x7D, 0x7D, 0x7D, 0x7D, 0x7D, 0x00, 0x00, 0x00,
  0x00, 0x02, 0x00, 0x7D, 0x02, 0x71, 0x02, 0xEE, 0x03, 0xE8, 0x00, 0x0B, 0x00, 0x0F, 0x00, 0x40,
  0xB1, 0x06, 0x64, 0x44, 0x40, 0x35, 0x00, 0x02, 0x00, 0x07, 0x01, 0x02, 0x07, 0x65, 0x03, 0x01,
  0x01, 0x04, 0x01, 0x00, 0x06, 0x01, 0x00, 0x65, 0x00, 0x06, 0x05, 0x05, 0x06, 0x55, 0x00, 0x06,
  0x06, 0x05, 0x5D, 0x08, 0x01, 0x05, 0x06, 0x05, 0x4D, 0x00, 0x00, 0x0F, 0x0E, 0x0D, 0x0C, 0x00,
  0x0B, 0x00, 0x0B, 0x11, 0x11, 0x11, 0x11, 0x11, 0x09, 0x09, 0x19, 0x2B, 0xB1, 0x06, 0x00, 0x44,
  0x13, 0x35, 0x23, 0x35, 0x33, 0x35, 0x21, 0x15, 0x33, 0x15, 0x23, 0x15, 0x27, 0x33, 0x35, 0x23,
  0xFA, 0x7D, 0x7D, 0x01, 0x77, 0x7D, 0x7D, 0xFA, 0x7D, 0x7D, 0x02, 0x71, 0x7D, 0x7D, 0x7D, 0x7D,
  0x7D, 0x7D, 0x7D, 0x7D, 0x00, 0x03, 0x00, 0x7D, 0x02, 0xEE, 0x02, 0xEE, 0x03, 0xE8, 0x00, 0x07,
  0x00, 0x0B, 0x00, 0x0F, 0x00, 0x3B, 0xB1, 0x06, 0x64, 0x44, 0x40, 0x30, 0x08, 0x05, 0x02, 0x03,
  0x04, 0x01, 0x02, 0x00, 0x03, 0x02, 0x65, 0x06, 0x01, 0x00, 0x01, 0x01, 0x00, 0x55, 0x06, 0x01,
  0x00, 0x00, 0x01, 0x5D, 0x07, 0x01, 0x01, 0x00, 0x01, 0x4D, 0x08, 0x08, 0x0F, 0x0E, 0x0D, 0x0C,
  0x08, 0x0B, 0x08, 0x0B, 0x12, 0x11, 0x11, 0x11, 0x10, 0x09, 0x09, 0x19, 0x2B, 0xB1, 0x06, 0x00,
  0x44, 0x01, 0x33, 0x15, 0x23, 0x35, 0x23, 0x35, 0x33, 0x33, 0x15, 0x23, 0x35, 0x05, 0x33, 0x15,
  0x23, 0x01, 0xF4, 0x7D, 0xFA, 0x7D, 0xFA, 0xFA, 0x7D, 0xFE, 0x0C, 0x7D, 0x7D, 0x03, 0x6B, 0x7D,
  0x7D, 0x7D, 0x7D, 0x7D, 0x7D, 0x7D, 0x00, 0x00, 0x00, 0x02, 0x01, 0x77, 0x02, 0xEE, 0x02, 0x71,
  0x03, 0xE8, 0x00, 0x03, 0x00, 0x07, 0x00, 0x32, 0xB1, 0x06, 0x64, 0x44, 0x40, 0x27, 0x04, 0x01,
  0x01, 0x00, 0x00, 0x02, 0x01, 0x00, 0x65, 0x00, 0x02, 0x03, 0x03, 0x02, 0x55, 0x00, 0x02, 0x02,
  0x03, 0x5D, 0x00, 0x03, 0x02, 0x03, 0x4D, 0x00, 0x00, 0x07, 0x06, 0x05, 0x04, 0x00, 0x03, 0x00,
  0x03, 0x11, 0x05, 0x08, 0x15, 0x2B, 0xB1, 0x06, 0x00, 0x44, 0x01, 0x15, 0x23, 0x35, 0x07, 0x33,
  0x15, 0x23, 0x02, 0x71, 0x7D, 0x7D, 0x7D, 0x7D, 0x03, 0xE8, 0x7D, 0x7D, 0x7D, 0x7D, 0x00, 0x00,
  0x00, 0x04, 0x00, 0x7D, 0x02, 0xEE, 0x03, 0x6B, 0x03, 0xE8, 0x00, 0x03, 0x00, 0x07, 0x00, 0x0B,
  0x00, 0x0F, 0x00, 0x3A, 0xB1, 0x06, 0x64, 0x44, 0x40, 0x2F, 0x08, 0x05, 0x02, 0x03, 0x00, 0x04,
  0x03, 0x02, 0x01, 0x06, 0x00, 0x01, 0x65, 0x00, 0x06, 0x07, 0x07, 0x06, 0x55, 0x00, 0x06, 0x06,
  0x07, 0x5D, 0x00, 0x07, 0x06, 0x07, 0x4D, 0x08, 0x08, 0x0F, 0x0E, 0x0D, 0x0C, 0x08, 0x0B, 0x08,
  0x0B, 0x12, 0x11, 0x11, 0x11, 0x10, 0x09, 0x08, 0x19, 0x2B, 0xB1, 0x06, 0x00, 0x44, 0x13, 0x33,
  0x15, 0x23, 0x25, 0x33, 0x15, 0x23, 0x25, 0x15, 0x23, 0x35, 0x05, 0x33, 0x15, 0x23, 0x7D, 0x7D,
  0x7D, 0x01, 0x77, 0x7D, 0x7D, 0x01, 0x77, 0x7D, 0xFE, 0x89, 0x7D, 0x7D, 0x03, 0xE8, 0x7D, 0x7D,
  0x7D, 0x7D, 0x7D, 0x7D, 0x7D, 0x7D, 0x00, 0x00, 0x00, 0x03, 0xFC, 0xD6, 0x02, 0xEE, 0xFF, 0x47,
  0x03, 0xE8, 0x00, 0x03, 0x00, 0x07, 0x00, 0x0B, 0x00, 0x0A, 0xB7, 0x0A, 0x08, 0x05, 0x04, 0x01,
  0x00, 0x03, 0x30, 0x2B, 0x01, 0x15, 0x23, 0x35, 0x21, 0x15, 0x23, 0x35, 0x05, 0x21, 0x15, 0x21,
  0xFD, 0x53, 0x7D, 0x02, 0x71, 0x7D, 0xFE, 0x89, 0x01, 0x77, 0xFE, 0x89, 0x03, 0xE8, 0x7D, 0x7D,
  0x7D, 0x7D, 0x7D, 0x7D, 0x00, 0x03, 0x00, 0x7D, 0x00, 0x7D, 0x03, 0x6B, 0x03, 0xE8, 0x00, 0x03,
  0x00, 0x0B, 0x00, 0x0F, 0x00, 0x0A, 0xB7, 0x0E, 0x0C, 0x06, 0x04, 0x01, 0x00, 0x03, 0x30, 0x2B,
  0x37, 0x11, 0x21, 0x11, 0x01, 0x21, 0x11, 0x21, 0x15, 0x21, 0x15, 0x23, 0x11, 0x33, 0x35, 0x23,
  0x7D, 0x02, 0xEE, 0xFE, 0x0C, 0x01, 0x77, 0xFE, 0x0C, 0x01, 0x77, 0xFA, 0x7D, 0x7D, 0x7D, 0x03,
  0x6B, 0xFC, 0x95, 0x01, 0x77, 0x01, 0x77, 0x7D, 0x7D, 0xFE, 0x89, 0x7D, 0x00, 0x01, 0x00, 0x7D,
  0x00, 0x7D, 0x02, 0xEE, 0x01, 0x77, 0x00, 0x05, 0x00, 0x06, 0xB3, 0x03, 0x00, 0x01, 0x30, 0x2B,
  0x37, 0x35, 0x33, 0x35, 0x21, 0x15, 0x7D, 0xFA, 0x01, 0x77, 0x7D, 0x7D, 0x7D, 0xFA, 0x00, 0x00,
  0x00, 0x01, 0x00, 0x00, 0x00, 0x03, 0x00, 0x00, 0x1A, 0x6F, 0x58, 0x35, 0x5F, 0x0F, 0x3C, 0xF5,
  0x00, 0x03, 0x03, 0xE8, 0x00, 0x00, 0x00, 0x00, 0xD4, 0x27, 0x20, 0xF6, 0x00, 0x00, 0x00, 0x00,
  0xD4, 0x76, 0xE3, 0x92, 0xFC, 0xD6, 0xFE, 0x8A, 0x03, 0xE8, 0x03, 0xE8, 0x00, 0x00, 0x00, 0x07,
  0x00, 0x02, 0x00, 0x00, 0x00, 0x00, 0x00, 0x00, 0x00, 0x01, 0x00, 0x00, 0x03, 0xE8, 0x00, 0x00,
  0x00, 0x00, 0x03, 0xE8, 0xFC, 0xD6, 0x00, 0x00, 0x03, 0xE8, 0x00, 0x01, 0x00, 0x00, 0x00, 0x00,
  0x00, 0x00, 0x00, 0x00, 0x00, 0x00, 0x00, 0x00, 0x00, 0x00, 0x02, 0x91, 0x03, 0xE8, 0x00, 0x7D,
  0x00, 0x00, 0x00, 0x00, 0x03, 0xE8, 0x00, 0x00, 0x03, 0xE8, 0x00, 0x00, 0x03, 0xE8, 0x00, 0x00,
  0x03, 0xE8, 0x00, 0x00, 0x03, 0xE8, 0x00, 0x00, 0x03, 0xE8, 0x00, 0x00, 0x03, 0xE8, 0x00, 0x00,
  0x03, 0xE8, 0x00, 0x00, 0x03, 0xE8, 0x00, 0x00, 0x03, 0xE8, 0x00, 0x00, 0x03, 0xE8, 0x00, 0x00,
  0x03, 0xE8, 0x00, 0x00, 0x03, 0xE8, 0x00, 0x00, 0x03, 0xE8, 0x00, 0x00, 0x03, 0xE8, 0x00, 0x00,
  0x03, 0xE8, 0x00, 0x00, 0x03, 0xE8, 0x00, 0x00, 0x03, 0xE8, 0x00, 0x00, 0x03, 0xE8, 0x00, 0x00,
  0x03, 0xE8, 0x00, 0x00, 0x03, 0xE8, 0x00, 0x00, 0x03, 0xE8, 0x00, 0x00, 0x03, 0xE8, 0x00, 0x00,
  0x03, 0xE8, 0x00, 0x00, 0x03, 0xE8, 0x00, 0x00, 0x03, 0xE8, 0x00, 0x00, 0x03, 0xE8, 0x00, 0x00,
  0x03, 0xE8, 0x00, 0x00, 0x03, 0xE8, 0x00, 0x00, 0x03, 0xE8, 0x00, 0x00, 0x03, 0xE8, 0x00, 0x00,
  0x03, 0xE8, 0x00, 0x00, 0x03, 0xE8, 0x00, 0x00, 0x03, 0xE8, 0x00, 0x00, 0x03, 0xE8, 0x00, 0x00,
  0x03, 0xE8, 0x00, 0x00, 0x03, 0xE8, 0x00, 0x00, 0x03, 0xE8, 0x00, 0x00, 0x03, 0xE8, 0x00, 0x00,
  0x03, 0xE8, 0x00, 0x00, 0x03, 0xE8, 0x00, 0x00, 0x03, 0xE8, 0x00, 0x00, 0x03, 0xE8, 0x00, 0x00,
  0x03, 0xE8, 0x00, 0x7D, 0x03, 0xE8, 0x00, 0x00, 0x03, 0xE8, 0x00, 0x7D, 0x03, 0xE8, 0x00, 0x7D,
  0x03, 0xE8, 0x00, 0x7D, 0x03, 0xE8, 0x00, 0x7D, 0x03, 0xE8, 0x00, 0x7D, 0x03, 0xE8, 0x00, 0x7D,
  0x03, 0xE8, 0x00, 0x7D, 0x03, 0xE8, 0x00, 0x7D, 0x03, 0xE8, 0x00, 0x7D, 0x03, 0xE8, 0x00, 0x00,
  0x03, 0xE8, 0x00, 0x00, 0x03, 0xE8, 0x00, 0x00, 0x03, 0xE8, 0x00, 0x00, 0x03, 0xE8, 0x00, 0x7D,
  0x03, 0xE8, 0x00, 0x7D, 0x03, 0xE8, 0x00, 0x7D, 0x03, 0xE8, 0x00, 0x7D, 0x03, 0xE8, 0x00, 0x7D,
  0x03, 0xE8, 0x00, 0x00, 0x03, 0xE8, 0x00, 0x00, 0x03, 0xE8, 0x00, 0x00, 0x03, 0xE8, 0x00, 0x00,
  0x03, 0xE8, 0x00, 0x00, 0x03, 0xE8, 0x00, 0x00, 0x03, 0xE8, 0x00, 0x00, 0x03, 0xE8, 0x00, 0x00,
  0x03, 0xE8, 0x00, 0x00, 0x03, 0xE8, 0x00, 0x00, 0x03, 0xE8, 0x00, 0x00, 0x03, 0xE8, 0x00, 0x00,
  0x03, 0xE8, 0x00, 0x00, 0x03, 0xE8, 0x00, 0x00, 0x03, 0xE8, 0x00, 0x00, 0x03, 0xE8, 0x00, 0x00,
  0x03, 0xE8, 0x00, 0x00, 0x03, 0xE8, 0x00, 0x00, 0x03, 0xE8, 0x00, 0x00, 0x03, 0xE8, 0x00, 0x00,
  0x03, 0xE8, 0x00, 0x00, 0x03, 0xE8, 0x00, 0x00, 0x03, 0xE8, 0x00, 0x00, 0x03, 0xE8, 0x00, 0x00,
  0x03, 0xE8, 0x00, 0x00, 0x03, 0xE8, 0x00, 0x00, 0x03, 0xE8, 0x00, 0x00, 0x03, 0xE8, 0x00, 0x00,
  0x03, 0xE8, 0x00, 0x00, 0x03, 0xE8, 0x00, 0x00, 0x03, 0xE8, 0x00, 0x00, 0x03, 0xE8, 0x00, 0x7D,
  0x03, 0xE8, 0x00, 0x7D, 0x03, 0xE8, 0x00, 0x7D, 0x03, 0xE8, 0x00, 0x7D, 0x03, 0xE8, 0x00, 0x00,
  0x03, 0xE8, 0x00, 0x00, 0x03, 0xE8, 0x00, 0x00, 0x03, 0xE8, 0x00, 0x00, 0x03, 0xE8, 0x00, 0x00,
  0x03, 0xE8, 0x00, 0x00, 0x03, 0xE8, 0x00, 0x00, 0x03, 0xE8, 0x00, 0x00, 0x03, 0xE8, 0x00, 0x00,
  0x03, 0xE8, 0x00, 0x00, 0x03, 0xE8, 0x00, 0x00, 0x03, 0xE8, 0x00, 0x00, 0x03, 0xE8, 0x00, 0x00,
  0x03, 0xE8, 0x00, 0x00, 0x03, 0xE8, 0x00, 0x00, 0x03, 0xE8, 0x00, 0x7D, 0x03, 0xE8, 0x00, 0x7D,
  0x03, 0xE8, 0x00, 0x7D, 0x03, 0xE8, 0x00, 0x7D, 0x03, 0xE8, 0x00, 0x00, 0x03, 0xE8, 0x00, 0x00,
  0x03, 0xE8, 0x00, 0x00, 0x03, 0xE8, 0x00, 0x00, 0x03, 0xE8, 0x00, 0x00, 0x03, 0xE8, 0x00, 0x00,
  0x03, 0xE8, 0x00, 0x00, 0x03, 0xE8, 0x00, 0x00, 0x03, 0xE8, 0x00, 0x00, 0x03, 0xE8, 0x00, 0x00,
  0x03, 0xE8, 0x00, 0x00, 0x03, 0xE8, 0x00, 0x00, 0x03, 0xE8, 0x00, 0x00, 0x03, 0xE8, 0x00, 0x00,
  0x03, 0xE8, 0x00, 0x00, 0x03, 0xE8, 0x00, 0x00, 0x03, 0xE8, 0x00, 0x00, 0x03, 0xE8, 0x00, 0x00,
  0x03, 0xE8, 0x00, 0x00, 0x03, 0xE8, 0x00, 0x00, 0x03, 0xE8, 0x00, 0x00, 0x03, 0xE8, 0x00, 0x00,
  0x03, 0xE8, 0x00, 0x00, 0x03, 0xE8, 0x00, 0x00, 0x03, 0xE8, 0x00, 0x00, 0x03, 0xE8, 0x00, 0x00,
  0x03, 0xE8, 0x00, 0x00, 0x03, 0xE8, 0x00, 0x00, 0x03, 0xE8, 0x00, 0x00, 0x03, 0xE8, 0x00, 0x00,
  0x03, 0xE8, 0x00, 0x00, 0x03, 0xE8, 0x00, 0x00, 0x03, 0xE8, 0x00, 0x00, 0x03, 0xE8, 0x00, 0x00,
  0x03, 0xE8, 0x00, 0x00, 0x03, 0xE8, 0x00, 0x00, 0x03, 0xE8, 0x00, 0x7D, 0x03, 0xE8, 0x00, 0x00,
  0x03, 0xE8, 0x00, 0x00, 0x03, 0xE8, 0x00, 0x00, 0x03, 0xE8, 0x00, 0x00, 0x03, 0xE8, 0x00, 0x00,
  0x03, 0xE8, 0x00, 0x00, 0x03, 0xE8, 0x00, 0x00, 0x03, 0xE8, 0x00, 0x00, 0x03, 0xE8, 0x00, 0x7D,
  0x03, 0xE8, 0x00, 0x7D, 0x03, 0xE8, 0x00, 0x7D, 0x03, 0xE8, 0x00, 0x7D, 0x03, 0xE8, 0x00, 0x7D,
  0x03, 0xE8, 0x00, 0x7D, 0x03, 0xE8, 0x00, 0x7D, 0x03, 0xE8, 0x00, 0x00, 0x03, 0xE8, 0x00, 0x7D,
  0x03, 0xE8, 0x00, 0x7D, 0x03, 0xE8, 0x00, 0x7D, 0x03, 0xE8, 0x00, 0x7D, 0x03, 0xE8, 0x00, 0x7D,
  0x03, 0xE8, 0x00, 0x00, 0x03, 0xE8, 0x00, 0x00, 0x03, 0xE8, 0x00, 0x00, 0x03, 0xE8, 0x00, 0x7D,
  0x03, 0xE8, 0x00, 0x00, 0x03, 0xE8, 0x00, 0x00, 0x03, 0xE8, 0x00, 0x7D, 0x03, 0xE8, 0x00, 0x00,
  0x03, 0xE8, 0x00, 0x7D, 0x03, 0xE8, 0x00, 0x00, 0x03, 0xE8, 0x00, 0x00, 0x03, 0xE8, 0x00, 0x00,
  0x03, 0xE8, 0x00, 0x00, 0x03, 0xE8, 0x00, 0x00, 0x03, 0xE8, 0x00, 0x00, 0x03, 0xE8, 0x00, 0x00,
  0x03, 0xE8, 0x00, 0x00, 0x03, 0xE8, 0x00, 0x00, 0x03, 0xE8, 0x00, 0x00, 0x03, 0xE8, 0x00, 0x00,
  0x03, 0xE8, 0x00, 0x00, 0x03, 0xE8, 0x00, 0x00, 0x03, 0xE8, 0x00, 0x00, 0x03, 0xE8, 0x00, 0x00,
  0x03, 0xE8, 0x00, 0x00, 0x03, 0xE8, 0x00, 0x00, 0x03, 0xE8, 0x00, 0x00, 0x03, 0xE8, 0x00, 0x00,
  0x03, 0xE8, 0x00, 0x00, 0x03, 0xE8, 0x00, 0x00, 0x03, 0xE8, 0x00, 0x7D, 0x03, 0xE8, 0x00, 0x7D,
  0x03, 0xE8, 0x00, 0x7D, 0x03, 0xE8, 0x00, 0x7D, 0x03, 0xE8, 0x00, 0x00, 0x03, 0xE8, 0x00, 0x00,
  0x03, 0xE8, 0x00, 0x00, 0x03, 0xE8, 0x00, 0x00, 0x03, 0xE8, 0x00, 0x00, 0x03, 0xE8, 0x00, 0x7D,
  0x03, 0xE8, 0x01, 0x77, 0x03, 0xE8, 0x00, 0x7D, 0x03, 0xE8, 0x00, 0x7D, 0x03, 0xE8, 0x00, 0x7D,
  0x03, 0xE8, 0x00, 0x7D, 0x03, 0xE8, 0x00, 0x00, 0x03, 0xE8, 0x00, 0x00, 0x03, 0xE8, 0x00, 0x00,
  0x03, 0xE8, 0x00, 0x00, 0x03, 0xE8, 0x00, 0x00, 0x03, 0xE8, 0x00, 0x00, 0x03, 0xE8, 0x00, 0x00,
  0x03, 0xE8, 0x00, 0x00, 0x03, 0xE8, 0x00, 0x00, 0x03, 0xE8, 0x00, 0x00, 0x03, 0xE8, 0x00, 0x00,
  0x03, 0xE8, 0x00, 0x7D, 0x03, 0xE8, 0x00, 0x00, 0x03, 0xE8, 0x00, 0x00, 0x03, 0xE8, 0x00, 0x00,
  0x03, 0xE8, 0x00, 0x00, 0x03, 0xE8, 0x00, 0x00, 0x03, 0xE8, 0x00, 0x00, 0x03, 0xE8, 0x00, 0x00,
  0x03, 0xE8, 0x00, 0x00, 0x03, 0xE8, 0x00, 0x00, 0x03, 0xE8, 0x00, 0x00, 0x03, 0xE8, 0x00, 0x00,
  0x03, 0xE8, 0x00, 0x00, 0x03, 0xE8, 0x00, 0x00, 0x03, 0xE8, 0x00, 0x7D, 0x03, 0xE8, 0x00, 0x7D,
  0x03, 0xE8, 0x00, 0x00, 0x03, 0xE8, 0x00, 0x00, 0x03, 0xE8, 0x00, 0x00, 0x03, 0xE8, 0x00, 0x7D,
  0x03, 0xE8, 0x00, 0x7D, 0x03, 0xE8, 0x00, 0x7D, 0x03, 0xE8, 0x00, 0x00, 0x03, 0xE8, 0x00, 0x00,
  0x03, 0xE8, 0x00, 0x00, 0x03, 0xE8, 0x00, 0x00, 0x03, 0xE8, 0x00, 0x00, 0x03, 0xE8, 0x00, 0x00,
  0x03, 0xE8, 0x00, 0x00, 0x03, 0xE8, 0x00, 0x00, 0x03, 0xE8, 0x00, 0x00, 0x03, 0xE8, 0x00, 0x00,
  0x03, 0xE8, 0x00, 0x00, 0x03, 0xE8, 0x00, 0x00, 0x03, 0xE8, 0x00, 0x00, 0x03, 0xE8, 0x00, 0x00,
  0x03, 0xE8, 0x00, 0x00, 0x03, 0xE8, 0x00, 0x00, 0x03, 0xE8, 0x00, 0x00, 0x03, 0xE8, 0x00, 0x00,
  0x03, 0xE8, 0x00, 0x7D, 0x03, 0xE8, 0x00, 0x00, 0x03, 0xE8, 0x00, 0x00, 0x03, 0xE8, 0x00, 0x00,
  0x03, 0xE8, 0x00, 0x00, 0x03, 0xE8, 0x00, 0x00, 0x03, 0xE8, 0x00, 0x00, 0x03, 0xE8, 0x00, 0x00,
  0x03, 0xE8, 0x00, 0x00, 0x03, 0xE8, 0x00, 0x00, 0x03, 0xE8, 0x00, 0x00, 0x03, 0xE8, 0x00, 0x00,
  0x03, 0xE8, 0x00, 0x00, 0x03, 0xE8, 0x00, 0x00, 0x03, 0xE8, 0x00, 0x00, 0x03, 0xE8, 0x00, 0x00,
  0x03, 0xE8, 0x00, 0x00, 0x03, 0xE8, 0x00, 0x00, 0x03, 0xE8, 0x00, 0x7D, 0x03, 0xE8, 0x00, 0x7D,
  0x03, 0xE8, 0x00, 0x00, 0x03, 0xE8, 0x00, 0x00, 0x03, 0xE8, 0x00, 0x00, 0x03, 0xE8, 0x00, 0x00,
  0x03, 0xE8, 0x00, 0x00, 0x03, 0xE8, 0x00, 0x00, 0x03, 0xE8, 0x00, 0x00, 0x03, 0xE8, 0x00, 0x00,
  0x03, 0xE8, 0x00, 0x00, 0x03, 0xE8, 0x00, 0x00, 0x03, 0xE8, 0x00, 0x7D, 0x03, 0xE8, 0x00, 0x00,
  0x03, 0xE8, 0x00, 0x00, 0x03, 0xE8, 0x00, 0x00, 0x03, 0xE8, 0x00, 0x00, 0x03, 0xE8, 0x00, 0x00,
  0x03, 0xE8, 0x00, 0x00, 0x03, 0xE8, 0x00, 0x00, 0x03, 0xE8, 0x00, 0x00, 0x03, 0xE8, 0x00, 0x7D,
  0x03, 0xE8, 0x00, 0x7D, 0x03, 0xE8, 0x00, 0x7D, 0x03, 0xE8, 0x00, 0x00, 0x03, 0xE8, 0x00, 0x00,
  0x03, 0xE8, 0x00, 0x7D, 0x03, 0xE8, 0x00, 0x7D, 0x03, 0xE8, 0x00, 0x00, 0x03, 0xE8, 0x00, 0x00,
  0x03, 0xE8, 0x00, 0x00, 0x03, 0xE8, 0x00, 0x00, 0x03, 0xE8, 0x00, 0x00, 0x03, 0xE8, 0x00, 0x00,
  0x03, 0xE8, 0x00, 0x00, 0x03, 0xE8, 0x00, 0x00, 0x03, 0xE8, 0x00, 0x00, 0x03, 0xE8, 0x00, 0x00,
  0x03, 0xE8, 0x00, 0x00, 0x03, 0xE8, 0x00, 0x00, 0x03, 0xE8, 0x00, 0x00, 0x03, 0xE8, 0x00, 0x00,
  0x03, 0xE8, 0x00, 0x00, 0x03, 0xE8, 0x00, 0x00, 0x03, 0xE8, 0x00, 0x7D, 0x03, 0xE8, 0x00, 0x00,
  0x03, 0xE8, 0x00, 0x00, 0x03, 0xE8, 0x00, 0x00, 0x03, 0xE8, 0x00, 0x00, 0x03, 0xE8, 0x00, 0x00,
  0x03, 0xE8, 0x00, 0x00, 0x03, 0xE8, 0x00, 0x7D, 0x03, 0xE8, 0x00, 0x7D, 0x03, 0xE8, 0x00, 0x7D,
  0x03, 0xE8, 0x00, 0x00, 0x03, 0xE8, 0x00, 0x00, 0x03, 0xE8, 0x00, 0x00, 0x03, 0xE8, 0x00, 0x00,
  0x03, 0xE8, 0x00, 0x00, 0x03, 0xE8, 0x00, 0x00, 0x03, 0xE8, 0x00, 0x00, 0x03, 0xE8, 0x00, 0x00,
  0x03, 0xE8, 0x00, 0x00, 0x03, 0xE8, 0x00, 0x00, 0x03, 0xE8, 0x00, 0x00, 0x03, 0xE8, 0x00, 0x00,
  0x03, 0xE8, 0x00, 0x00, 0x03, 0xE8, 0x00, 0x00, 0x03, 0xE8, 0x00, 0x00, 0x03, 0xE8, 0x00, 0x00,
  0x03, 0xE8, 0x00, 0x00, 0x03, 0xE8, 0x00, 0x00, 0x03, 0xE8, 0x00, 0x7D, 0x03, 0xE8, 0x00, 0x00,
  0x03, 0xE8, 0x00, 0x00, 0x03, 0xE8, 0x00, 0x00, 0x03, 0xE8, 0x00, 0x00, 0x03, 0xE8, 0x00, 0x00,
  0x03, 0xE8, 0x00, 0x00, 0x03, 0xE8, 0x00, 0x00, 0x03, 0xE8, 0x00, 0x00, 0x03, 0xE8, 0x00, 0x00,
  0x03, 0xE8, 0x00, 0x00, 0x03, 0xE8, 0x00, 0x00, 0x03, 0xE8, 0x00, 0x00, 0x03, 0xE8, 0x00, 0x00,
  0x03, 0xE8, 0x00, 0x00, 0x03, 0xE8, 0x00, 0x00, 0x03, 0xE8, 0x00, 0x00, 0x03, 0xE8, 0x00, 0x00,
  0x03, 0xE8, 0x00, 0x7D, 0x03, 0xE8, 0x00, 0x7D, 0x03, 0xE8, 0x00, 0x7D, 0x03, 0xE8, 0x00, 0x00,
  0x03, 0xE8, 0x00, 0x00, 0x03, 0xE8, 0x00, 0x00, 0x03, 0xE8, 0x00, 0x00, 0x03, 0xE8, 0x00, 0x00,
  0x03, 0xE8, 0x00, 0x00, 0x03, 0xE8, 0x00, 0x00, 0x03, 0xE8, 0x00, 0x7D, 0x03, 0xE8, 0x00, 0x00,
  0x03, 0xE8, 0x00, 0x7D, 0x03, 0xE8, 0x00, 0x00, 0x03, 0xE8, 0x00, 0x00, 0x03, 0xE8, 0x00, 0x00,
  0x03, 0xE8, 0x00, 0x00, 0x03, 0xE8, 0x00, 0x00, 0x03, 0xE8, 0x00, 0x00, 0x03, 0xE8, 0x00, 0x00,
  0x03, 0xE8, 0x00, 0x00, 0x03, 0xE8, 0x00, 0x7D, 0x03, 0xE8, 0x00, 0x7D, 0x03, 0xE8, 0x00, 0x7D,
  0x03, 0xE8, 0x00, 0x00, 0x03, 0xE8, 0x00, 0x00, 0x03, 0xE8, 0x00, 0x00, 0x03, 0xE8, 0x00, 0x7D,
  0x03, 0xE8, 0x00, 0x00, 0x03, 0xE8, 0x00, 0x00, 0x03, 0xE8, 0x00, 0x00, 0x03, 0xE8, 0x00, 0x00,
  0x03, 0xE8, 0x00, 0x00, 0x03, 0xE8, 0x00, 0x00, 0x03, 0xE8, 0x00, 0x00, 0x03, 0xE8, 0x00, 0x00,
  0x03, 0xE8, 0x00, 0x00, 0x03, 0xE8, 0x00, 0x00, 0x03, 0xE8, 0x00, 0x00, 0x03, 0xE8, 0x00, 0x00,
  0x03, 0xE8, 0x00, 0x00, 0x03, 0xE8, 0x00, 0x00, 0x03, 0xE8, 0x00, 0x00, 0x03, 0xE8, 0x00, 0x00,
  0x03, 0xE8, 0x00, 0x7D, 0x03, 0xE8, 0x00, 0x00, 0x03, 0xE8, 0x00, 0x00, 0x03, 0xE8, 0x00, 0x00,
  0x03, 0xE8, 0x00, 0x00, 0x03, 0xE8, 0x00, 0x00, 0x03, 0xE8, 0x00, 0x00, 0x03, 0xE8, 0x00, 0x00,
  0x03, 0xE8, 0x00, 0x00, 0x03, 0xE8, 0x00, 0x00, 0x03, 0xE8, 0x00, 0x7D, 0x03, 0xE8, 0x00, 0x00,
  0x03, 0xE8, 0x00, 0x00, 0x03, 0xE8, 0x00, 0x00, 0x03, 0xE8, 0x00, 0x00, 0x03, 0xE8, 0x00, 0x00,
  0x03, 0xE8, 0x00, 0x7D, 0x03, 0xE8, 0x00, 0x00, 0x03, 0xE8, 0x00, 0x00, 0x03, 0xE8, 0x00, 0x00,
  0x03, 0xE8, 0x00, 0x00, 0x03, 0xE8, 0x00, 0x00, 0x03, 0xE8, 0x00, 0x00, 0x03, 0xE8, 0x00, 0x00,
  0x03, 0xE8, 0x00, 0x00, 0x03, 0xE8, 0x00, 0x00, 0x03, 0xE8, 0x00, 0x7D, 0x03, 0xE8, 0x00, 0x7D,
  0x03, 0xE8, 0x00, 0x00, 0x03, 0xE8, 0x00, 0x00, 0x03, 0xE8, 0x00, 0x00, 0x03, 0xE8, 0x00, 0x00,
  0x03, 0xE8, 0x00, 0x00, 0x03, 0xE8, 0x00, 0x00, 0x03, 0xE8, 0x00, 0x00, 0x03, 0xE8, 0x00, 0x00,
  0x03, 0xE8, 0x00, 0x00, 0x03, 0xE8, 0x00, 0x00, 0x03, 0xE8, 0x00, 0x00, 0x03, 0xE8, 0x00, 0x7D,
  0x03, 0xE8, 0x00, 0x7D, 0x03, 0xE8, 0x00, 0x00, 0x03, 0xE8, 0x00, 0x00, 0x03, 0xE8, 0x00, 0x00,
  0x03, 0xE8, 0x00, 0x00, 0x03, 0xE8, 0x00, 0x00, 0x03, 0xE8, 0x00, 0x00, 0x03, 0xE8, 0x00, 0x00,
  0x03, 0xE8, 0x00, 0x00, 0x03, 0xE8, 0x00, 0x7D, 0x03, 0xE8, 0x00, 0x00, 0x03, 0xE8, 0x00, 0x00,
  0x03, 0xE8, 0x00, 0x00, 0x03, 0xE8, 0x00, 0x00, 0x03, 0xE8, 0x00, 0x00, 0x03, 0xE8, 0x00, 0x00,
  0x03, 0xE8, 0x00, 0x00, 0x03, 0xE8, 0x00, 0x00, 0x03, 0xE8, 0x00, 0x00, 0x03, 0xE8, 0x00, 0x00,
  0x03, 0xE8, 0x00, 0x7D, 0x03, 0xE8, 0x00, 0x00, 0x03, 0xE8, 0x00, 0x00, 0x03, 0xE8, 0x00, 0x00,
  0x03, 0xE8, 0x00, 0x00, 0x03, 0xE8, 0x00, 0x00, 0x03, 0xE8, 0x00, 0x7D, 0x03, 0xE8, 0x00, 0x00,
  0x03, 0xE8, 0x00, 0x00, 0x03, 0xE8, 0x00, 0x00, 0x03, 0xE8, 0x00, 0x00, 0x03, 0xE8, 0x00, 0x00,
  0x03, 0xE8, 0x00, 0x00, 0x03, 0xE8, 0x00, 0x00, 0x03, 0xE8, 0x00, 0x00, 0x03, 0xE8, 0x00, 0x00,
  0x03, 0xE8, 0x00, 0x00, 0x03, 0xE8, 0x01, 0x77, 0x03, 0xE8, 0x00, 0x00, 0x03, 0xE8, 0x00, 0x7D,
  0x03, 0xE8, 0x00, 0x00, 0x03, 0xE8, 0x00, 0x00, 0x03, 0xE8, 0x00, 0x00, 0x03, 0xE8, 0x00, 0x00,
  0x03, 0xE8, 0x00, 0x00, 0x03, 0xE8, 0x00, 0x00, 0x03, 0xE8, 0x00, 0x00, 0x03, 0xE8, 0x00, 0x00,
  0x03, 0xE8, 0x00, 0xFA, 0x03, 0xE8, 0x00, 0xFA, 0x03, 0xE8, 0x00, 0xFA, 0x03, 0xE8, 0x00, 0xFA,
  0x03, 0xE8, 0x00, 0x00, 0x03, 0xE8, 0x00, 0x00, 0x03, 0xE8, 0x00, 0x00, 0x03, 0xE8, 0x00, 0x00,
  0x03, 0xE8, 0x00, 0x00, 0x03, 0xE8, 0x00, 0x00, 0x03, 0xE8, 0x00, 0xFA, 0x03, 0xE8, 0x00, 0xFA,
  0x03, 0xE8, 0x00, 0xFA, 0x03, 0xE8, 0x00, 0x7D, 0x03, 0xE8, 0x00, 0x00, 0x03, 0xE8, 0x00, 0xFA,
  0x03, 0xE8, 0x00, 0xFA, 0x03, 0xE8, 0x00, 0x00, 0x03, 0xE8, 0x00, 0xFA, 0x03, 0xE8, 0x00, 0x00,
  0x03, 0xE8, 0x00, 0x00, 0x03, 0xE8, 0x00, 0x7D, 0x03, 0xE8, 0x00, 0xFA, 0x03, 0xE8, 0x00, 0x7D,
  0x03, 0xE8, 0x00, 0x00, 0x03, 0xE8, 0x00, 0x00, 0x03, 0xE8, 0x00, 0xFA, 0x03, 0xE8, 0x00, 0x7D,
  0x03, 0xE8, 0x00, 0xFA, 0x03, 0xE8, 0x00, 0x7D, 0x03, 0xE8, 0x00, 0xFA, 0x03, 0xE8, 0x00, 0x7D,
  0x03, 0xE8, 0x00, 0x00, 0x03, 0xE8, 0x00, 0x00, 0x03, 0xE8, 0x00, 0x00, 0x03, 0xE8, 0x00, 0x7D,
  0x03, 0xE8, 0x00, 0x7D, 0x03, 0xE8, 0x00, 0x00, 0x03, 0xE8, 0x00, 0x00, 0x03, 0xE8, 0x00, 0xFA,
  0x03, 0xE8, 0x00, 0x7D, 0x03, 0xE8, 0x00, 0x00, 0x03, 0xE8, 0x00, 0x7D, 0x03, 0xE8, 0x00, 0x7D,
  0x03, 0xE8, 0x00, 0xFA, 0x03, 0xE8, 0x00, 0xFA, 0x03, 0xE8, 0x00, 0xFA, 0x03, 0xE8, 0x00, 0xFA,
  0x03, 0xE8, 0x00, 0x7D, 0x03, 0xE8, 0x00, 0x00, 0x03, 0xE8, 0x00, 0x7D, 0x03, 0xE8, 0x00, 0x00,
  0x03, 0xE8, 0x00, 0x7D, 0x03, 0xE8, 0x00, 0x00, 0x03, 0xE8, 0x00, 0x00, 0x03, 0xE8, 0x00, 0x00,
  0x03, 0xE8, 0x00, 0x7D, 0x03, 0xE8, 0x00, 0x00, 0x03, 0xE8, 0x00, 0x00, 0x03, 0xE8, 0x00, 0x00,
  0x03, 0xE8, 0x00, 0x7D, 0x03, 0xE8, 0x00, 0x7D, 0x03, 0xE8, 0x00, 0x7D, 0x03, 0xE8, 0x00, 0x00,
  0x03, 0xE8, 0x00, 0x7D, 0x03, 0xE8, 0x00, 0x7D, 0x03, 0xE8, 0x00, 0x7D, 0x03, 0xE8, 0x00, 0x00,
  0x03, 0xE8, 0x00, 0x00, 0x03, 0xE8, 0x00, 0x7D, 0x03, 0xE8, 0x00, 0x7D, 0x03, 0xE8, 0x00, 0xFA,
  0x03, 0xE8, 0x00, 0xFA, 0x03, 0xE8, 0x00, 0x7D, 0x03, 0xE8, 0x00, 0x00, 0x03, 0xE8, 0x00, 0x00,
  0x03, 0xE8, 0x00, 0x7D, 0x03, 0xE8, 0x00, 0x00, 0x03, 0xE8, 0x00, 0x7D, 0x03, 0xE8, 0x00, 0x00,
  0x03, 0xE8, 0x00, 0x00, 0x03, 0xE8, 0x00, 0x00, 0x03, 0xE8, 0x00, 0x00, 0x03, 0xE8, 0x00, 0x00,
  0x03, 0xE8, 0x00, 0x00, 0x03, 0xE8, 0x00, 0x00, 0x03, 0xE8, 0x00, 0x00, 0x03, 0xE8, 0x00, 0x00,
  0x03, 0xE8, 0x00, 0x00, 0x03, 0xE8, 0x00, 0x00, 0x03, 0xE8, 0x00, 0x00, 0x03, 0xE8, 0x00, 0x00,
  0x03, 0xE8, 0x00, 0x00, 0x03, 0xE8, 0x00, 0x00, 0x03, 0xE8, 0x00, 0x00, 0x03, 0xE8, 0x00, 0x00,
  0x03, 0xE8, 0x00, 0x00, 0x03, 0xE8, 0x00, 0x00, 0x03, 0xE8, 0x00, 0x00, 0x03, 0xE8, 0x00, 0x7D,
  0x03, 0xE8, 0x00, 0x00, 0x03, 0xE8, 0x00, 0x00, 0x03, 0xE8, 0x00, 0x00, 0x03, 0xE8, 0x00, 0x00,
  0x03, 0xE8, 0x00, 0x00, 0x03, 0xE8, 0x00, 0x00, 0x03, 0xE8, 0x00, 0x7D, 0x03, 0xE8, 0x00, 0x7D,
  0x03, 0xE8, 0x00, 0x00, 0x03, 0xE8, 0x00, 0x00, 0x03, 0xE8, 0x00, 0x7D, 0x03, 0xE8, 0x00, 0xFA,
  0x03, 0xE8, 0x01, 0x77, 0x03, 0xE8, 0x01, 0x77, 0x03, 0xE8, 0x00, 0x7D, 0x03, 0xE8, 0x00, 0x7D,
  0x03, 0xE8, 0x00, 0x00, 0x03, 0xE8, 0x00, 0x7D, 0x03, 0xE8, 0x00, 0x7D, 0x00, 0x00, 0xFD, 0x3A,
  0x00, 0x00, 0xFD, 0x9E, 0x00, 0x00, 0xFD, 0x12, 0x00, 0x00, 0xFD, 0x1C, 0x03, 0xE8, 0x00, 0x00,
  0x03, 0xE8, 0x00, 0x7D, 0x03, 0xE8, 0x01, 0x77, 0x03, 0xE8, 0x01, 0x77, 0x03, 0xE8, 0x01, 0x77,
  0x03, 0xE8, 0x00, 0x7D, 0x03, 0xE8, 0x00, 0x7D, 0x03, 0xE8, 0x00, 0xFA, 0x03, 0xE8, 0x00, 0x7D,
  0x03, 0xE8, 0x00, 0x7D, 0x03, 0xE8, 0x01, 0x77, 0x03, 0xE8, 0x01, 0x77, 0x03, 0xE8, 0x00, 0x7D,
  0x03, 0xE8, 0x00, 0x7D, 0x03, 0xE8, 0x00, 0xFA, 0x03, 0xE8, 0x00, 0x7D, 0x03, 0xE8, 0x00, 0x7D,
  0x03, 0xE8, 0x01, 0x77, 0x03, 0xE8, 0x00, 0x7D, 0x00, 0x00, 0xFC, 0xD6, 0x03, 0xE8, 0x00, 0x7D,
  0x00, 0x7D, 0x00, 0x00, 0x00, 0x00, 0x00, 0x24, 0x00, 0x24, 0x00, 0x24, 0x00, 0x24, 0x00, 0x8A,
  0x01, 0x0A, 0x01, 0x92, 0x02, 0x20, 0x02, 0xAC, 0x03, 0x34, 0x03, 0xB4, 0x04, 0x46, 0x04, 0xC6,
  0x05, 0x5E, 0x05, 0xCC, 0x06, 0x12, 0x06, 0x60, 0x06, 0xEC, 0x07, 0x48, 0x07, 0xAC, 0x08, 0x14,
  0x08, 0x76, 0x08, 0xDE, 0x09, 0x5C, 0x09, 0xDE, 0x0A, 0x5C, 0x0A, 0x8A, 0x0A, 0xEC, 0x0B, 0x60,
  0x0B, 0xC6, 0x0C, 0x30, 0x0C, 0x7C, 0x0C, 0xBE, 0x0D, 0x28, 0x0D, 0x6A, 0x0D, 0xE2, 0x0E, 0x0C,
  0x0E, 0x80, 0x0F, 0x02, 0x0F, 0x76, 0x10, 0x00, 0x10, 0x4C, 0x10, 0x78, 0x10, 0xAE, 0x11, 0x08,
  0x11, 0x32, 0x11, 0x78, 0x11, 0xB8, 0x12, 0x08, 0x12, 0x5C, 0x12, 0xA4, 0x12, 0xE2, 0x13, 0x2A,
  0x13, 0x68, 0x13, 0xB8, 0x14, 0x24, 0x14, 0x50, 0x14, 0x8C, 0x15, 0x12, 0x15, 0xA8, 0x15, 0xC8,
  0x15, 0xF8, 0x16, 0x42, 0x16, 0x74, 0x16, 0xA4, 0x16, 0xD6, 0x17, 0x10, 0x17, 0x4C, 0x17, 0x98,
  0x17, 0xE8, 0x18, 0x3E, 0x18, 0x84, 0x18, 0xDE, 0x19, 0x16, 0x19, 0x82, 0x19, 0xDC, 0x1A, 0x2A,
  0x1A, 0x7E, 0x1A, 0xF2, 0x1B, 0x6C, 0x1B, 0xB6, 0x1C, 0x12, 0x1C, 0x8A, 0x1C, 0xCA, 0x1D, 0x00,
  0x1D, 0x3A, 0x1D, 0x8A, 0x1D, 0xFE, 0x1E, 0x86, 0x1F, 0x20, 0x1F, 0xB0, 0x20, 0x04, 0x20, 0x82,
  0x21, 0x04, 0x21, 0x66, 0x21, 0xE4, 0x22, 0x06, 0x22, 0x3A, 0x22, 0x7E, 0x22, 0xB4, 0x22, 0xE0,
  0x23, 0x24, 0x23, 0x76, 0x23, 0xC2, 0x24, 0x0A, 0x24, 0x52, 0x24, 0xA4, 0x24, 0xE2, 0x25, 0x52,
  0x25, 0xB4, 0x26, 0x02, 0x26, 0x62, 0x26, 0xA2, 0x27, 0x16, 0x27, 0x98, 0x27, 0xE4, 0x28, 0x4E,
  0x28, 0x94, 0x29, 0x00, 0x29, 0x80, 0x2A, 0x04, 0x2A, 0x8C, 0x2B, 0x08, 0x2B, 0x4A, 0x2B, 0xC8,
  0x2C, 0x56, 0x2C, 0xD4, 0x2D, 0x32, 0x2D, 0xB6, 0x2E, 0x0A, 0x2E, 0x9C, 0x2F, 0x20, 0x2F, 0xA8,
  0x30, 0x14, 0x30, 0x50, 0x30, 0x7E, 0x30, 0xE0, 0x31, 0x46, 0x31, 0x88, 0x31, 0xEE, 0x32, 0x30,
  0x32, 0x66, 0x32, 0xCC, 0x33, 0x14, 0x33, 0x56, 0x33, 0x94, 0x34, 0x0A, 0x34, 0x6A, 0x34, 0xC0,
  0x35, 0x14, 0x35, 0x70, 0x35, 0xC2, 0x36, 0x40, 0x36, 0x92, 0x37, 0x1E, 0x37, 0x52, 0x37, 0x92,
  0x37, 0xF4, 0x38, 0x4E, 0x38, 0xC6, 0x39, 0x1A, 0x39, 0x48, 0x39, 0x84, 0x39, 0xC6, 0x3A, 0x00,
  0x3A, 0x28, 0x3A, 0x66, 0x3A, 0xB2, 0x3A, 0xF8, 0x3B, 0x3C, 0x3B, 0x7E, 0x3B, 0xD8, 0x3C, 0x12,
  0x3C, 0x6A, 0x3C, 0xC0, 0x3C, 0xFC, 0x3D, 0x46, 0x3D, 0xB4, 0x3E, 0x48, 0x3E, 0xB2, 0x3E, 0xDA,
  0x3F, 0x18, 0x3F, 0x72, 0x3F, 0xAA, 0x3F, 0xE0, 0x40, 0x1A, 0x40, 0x48, 0x40, 0x70, 0x40, 0xCA,
  0x41, 0x0A, 0x41, 0x4C, 0x41, 0x82, 0x41, 0xE8, 0x42, 0x20, 0x42, 0x8C, 0x42, 0xE6, 0x43, 0x34,
  0x43, 0x88, 0x43, 0xFC, 0x44, 0x76, 0x44, 0xC0, 0x45, 0x32, 0x45, 0xAA, 0x45, 0xF0, 0x46, 0x24,
  0x46, 0x5C, 0x46, 0x92, 0x46, 0xC0, 0x47, 0x04, 0x47, 0x6E, 0x47, 0xB0, 0x47, 0xF0, 0x48, 0x6E,
  0x48, 0xF0, 0x49, 0x48, 0x49, 0xC6, 0x4A, 0x16, 0x4A, 0x3A, 0x4A, 0x64, 0x4A, 0xA0, 0x4A, 0xE4,
  0x4B, 0x22, 0x4B, 0x4A, 0x4B, 0x8A, 0x4B, 0xDA, 0x4C, 0x22, 0x4C, 0x66, 0x4C, 0xAA, 0x4C, 0xF8,
  0x4D, 0x32, 0x4D, 0xA0, 0x4E, 0x00, 0x4E, 0x4A, 0x4E, 0x94, 0x4E, 0xD2, 0x4F, 0x2C, 0x4F, 0xAC,
  0x4F, 0xE2, 0x50, 0x32, 0x50, 0x8A, 0x50, 0xE0, 0x51, 0x42, 0x51, 0xC6, 0x52, 0x4E, 0x52, 0xCA,
  0x53, 0x02, 0x53, 0x3C, 0x53, 0x94, 0x53, 0xC8, 0x54, 0x2E, 0x54, 0x68, 0x54, 0xAE, 0x54, 0xE6,
  0x55, 0x3C, 0x55, 0x5E, 0x55, 0x9C, 0x55, 0xCA, 0x56, 0x34, 0x56, 0x80, 0x57, 0x12, 0x57, 0x66,
  0x57, 0xA2, 0x57, 0xEE, 0x58, 0x44, 0x58, 0x9A, 0x59, 0x14, 0x59, 0x62, 0x59, 0x9C, 0x59, 0xC8,
  0x5A, 0x00, 0x5A, 0x24, 0x5A, 0x5A, 0x5A, 0xA8, 0x5A, 0xCA, 0x5B, 0x08, 0x5B, 0x54, 0x5B, 0xA2,
  0x5C, 0x24, 0x5C, 0x52, 0x5C, 0x80, 0x5C, 0xAA, 0x5C, 0xE0, 0x5D, 0x0C, 0x5D, 0x42, 0x5D, 0x7E,
  0x5D, 0xB6, 0x5D, 0xF4, 0x5E, 0x32, 0x5E, 0x86, 0x5E, 0xDE, 0x5F, 0x36, 0x5F, 0x60, 0x5F, 0xA8,
  0x5F, 0xD4, 0x60, 0x0A, 0x60, 0x50, 0x60, 0xBA, 0x60, 0xFA, 0x61, 0x3E, 0x61, 0xD6, 0x62, 0x1E,
  0x62, 0x88, 0x62, 0xD4, 0x63, 0x34, 0x63, 0xD6, 0x64, 0x34, 0x64, 0x8C, 0x65, 0x06, 0x65, 0x7E,
  0x65, 0xB0, 0x65, 0xDA, 0x66, 0x34, 0x66, 0x60, 0x66, 0xAC, 0x67, 0x0C, 0x67, 0x40, 0x67, 0x7E,
  0x67, 0xAC, 0x67, 0xD6, 0x68, 0x30, 0x68, 0x64, 0x68, 0xE4, 0x69, 0x70, 0x69, 0xB2, 0x69, 0xFC,
  0x6A, 0x60, 0x6A, 0xCC, 0x6B, 0x18, 0x6B, 0x6E, 0x6B, 0xC2, 0x6C, 0x0A, 0x6C, 0x56, 0x6C, 0xAC,
  0x6D, 0x0A, 0x6D, 0x52, 0x6D, 0x9A, 0x6D, 0xEC, 0x6E, 0x3C, 0x6E, 0x7C, 0x6E, 0xBE, 0x6F, 0x0A,
  0x6F, 0x50, 0x6F, 0x88, 0x6F, 0xDE, 0x70, 0x10, 0x70, 0x68, 0x70, 0xA6, 0x71, 0x24, 0x71, 0x80,
  0x71, 0xC6, 0x72, 0x14, 0x72, 0x54, 0x72, 0xA8, 0x73, 0x04, 0x73, 0x5C, 0x73, 0xD6, 0x74, 0x24,
  0x74, 0x66, 0x74, 0x90, 0x74, 0xC8, 0x74, 0xEC, 0x75, 0x2C, 0x75, 0x6A, 0x75, 0x8C, 0x75, 0xC2,
  0x76, 0x0E, 0x76, 0x5E, 0x76, 0xDE, 0x77, 0x0A, 0x77, 0x38, 0x77, 0x62, 0x77, 0x98, 0x77, 0xC4,
  0x77, 0xF8, 0x78, 0x32, 0x78, 0x68, 0x78, 0xA4, 0x78, 0xDE, 0x79, 0x1E, 0x79, 0x64, 0x79, 0xAA,
  0x79, 0xE4, 0x7A, 0x28, 0x7A, 0x64, 0x7A, 0xA0, 0x7A, 0xE6, 0x7B, 0x22, 0x7B, 0x68, 0x7B, 0xAC,
  0x7C, 0x18, 0x7C, 0x7C, 0x7C, 0xD0, 0x7D, 0x1C, 0x7D, 0x58, 0x7D, 0xA6, 0x7D, 0xFA, 0x7E, 0x68,
  0x7E, 0xD2, 0x7F, 0x2E, 0x7F, 0x5E, 0x7F, 0x88, 0x7F, 0xCC, 0x7F, 0xF8, 0x80, 0x42, 0x80, 0xA2,
  0x80, 0xD4, 0x81, 0x0E, 0x81, 0x46, 0x81, 0x6E, 0x81, 0xC8, 0x81, 0xFA, 0x82, 0x4E, 0x82, 0xAC,
  0x82, 0xFE, 0x83, 0x3C, 0x83, 0xA0, 0x84, 0x0C, 0x84, 0x5A, 0x84, 0xB0, 0x85, 0x04, 0x85, 0x68,
  0x85, 0xB4, 0x86, 0x0A, 0x86, 0x68, 0x86, 0xB0, 0x86, 0xF8, 0x87, 0x4A, 0x87, 0x80, 0x87, 0xBE,
  0x88, 0x08, 0x88, 0x50, 0x88, 0xBE, 0x89, 0x0E, 0x89, 0x74, 0x89, 0xBA, 0x89, 0xDA, 0x8A, 0x38,
  0x8A, 0x66, 0x8A, 0x6E, 0x8A, 0x9A, 0x8A, 0xDE, 0x8B, 0x08, 0x8B, 0x8E, 0x8B, 0xE4, 0x8C, 0x1E,
  0x8C, 0x26, 0x8C, 0x60, 0x8C, 0x98, 0x8C, 0xBC, 0x8C, 0xF2, 0x8D, 0x7C, 0x8D, 0x9E, 0x8D, 0xEA,
  0x8E, 0x38, 0x8E, 0x40, 0x8E, 0x82, 0x8F, 0x00, 0x8F, 0x54, 0x8F, 0x92, 0x8F, 0xD0, 0x90, 0x0E,
  0x90, 0x5E, 0x90, 0xC8, 0x91, 0x58, 0x91, 0xA0, 0x92, 0x0C, 0x92, 0x3E, 0x92, 0x8C, 0x92, 0xCA,
  0x93, 0x18, 0x93, 0x58, 0x93, 0xD8, 0x94, 0x12, 0x94, 0xA2, 0x94, 0xCE, 0x95, 0x38, 0x95, 0xB4,
  0x95, 0xE8, 0x96, 0x26, 0x96, 0xB8, 0x96, 0xF0, 0x97, 0x28, 0x97, 0x60, 0x97, 0xA0, 0x97, 0xFE,
  0x98, 0x2C, 0x98, 0x66, 0x98, 0xB0, 0x99, 0x30, 0x99, 0x6C, 0x99, 0xB0, 0x99, 0xEE, 0x9A, 0x34,
  0x9A, 0x82, 0x9A, 0xDC, 0x9B, 0x34, 0x9B, 0x9A, 0x9C, 0x06, 0x9C, 0x64, 0x9C, 0xC8, 0x9D, 0x46,
  0x9D, 0xB4, 0x9D, 0xE2, 0x9E, 0x5A, 0x9E, 0x84, 0x9F, 0x06, 0x9F, 0x7C, 0x9F, 0xE0, 0xA0, 0x22,
  0xA0, 0x96, 0xA0, 0xFC, 0xA1, 0x58, 0xA1, 0xCC, 0xA1, 0xF6, 0xA2, 0x2A, 0xA2, 0x78, 0xA2, 0xB6,
  0xA3, 0x14, 0xA3, 0xA8, 0xA4, 0x30, 0xA4, 0xCC, 0xA5, 0x14, 0xA5, 0x84, 0xA5, 0xA0, 0xA5, 0xC8,
  0xA5, 0xF2, 0xA6, 0x14, 0xA6, 0x42, 0xA6, 0x72, 0xA6, 0xA2, 0xA6, 0xF0, 0xA7, 0x08, 0xA7, 0x78,
  0xA7, 0xEE, 0xA8, 0x14, 0xA8, 0x2E, 0xA8, 0x60, 0xA8, 0xBE, 0xA8, 0xDC, 0xA9, 0x1E, 0xA9, 0x60,
  0xA9, 0x84, 0xA9, 0xA8, 0xAA, 0x0C, 0xAA, 0x70, 0xAA, 0x8C, 0xAA, 0xA8, 0xAA, 0xC4, 0xAA, 0xE0,
  0xAA, 0xFC, 0xAB, 0x84, 0xAC, 0x0C, 0xAC, 0x6A, 0xAC, 0xC8, 0xAC, 0xFC, 0xAD, 0x30, 0xAD, 0x66,
  0xAD, 0x88, 0xAD, 0xAC, 0xAD, 0xCE, 0xAD, 0xEA, 0xAE, 0x1C, 0xAE, 0x1C, 0xAE, 0x40, 0xAE, 0x96,
  0xAE, 0xFA, 0xAF, 0x5C, 0xAF, 0xBA, 0xB0, 0x1A, 0xB0, 0x5C, 0xB0, 0xCE, 0xB1, 0x18, 0xB1, 0x5C,
  0xB1, 0x90, 0xB1, 0xD8, 0xB2, 0x22, 0xB2, 0x2A, 0xB2, 0x54, 0xB2, 0xC4, 0xB2, 0xFE, 0xB3, 0x26,
  0xB3, 0x58, 0xB3, 0xD8, 0xB4, 0x58, 0xB4, 0x7E, 0xB4, 0xA6, 0xB4, 0xE0, 0xB5, 0x20, 0xB5, 0x62,
  0xB5, 0x82, 0xB5, 0xBC, 0xB5, 0xE4, 0xB6, 0x08, 0xB6, 0x1E, 0xB6, 0x4A, 0xB6, 0x64, 0xB6, 0x98,
  0xB6, 0xC4, 0xB7, 0x54, 0xB7, 0xEA, 0xB8, 0x0A, 0xB8, 0x2C, 0xB8, 0x4C, 0xB8, 0x6E, 0xB8, 0xC6,
  0xB8, 0xE0, 0xB8, 0xFC, 0xB9, 0x18, 0xB9, 0x34, 0xB9, 0x5C, 0xB9, 0x96, 0xB9, 0xBA, 0xB9, 0xE2,
  0xBA, 0x06, 0xBA, 0x2E, 0xBA, 0x60, 0xBA, 0x94, 0xBA, 0xF0, 0xBB, 0x7E, 0xBB, 0xEE, 0xBC, 0x5A,
  0xBC, 0xF0, 0xBD, 0x9A, 0xBD, 0xB6, 0xBD, 0xF8, 0xBE, 0x12, 0xBE, 0x3E, 0xBE, 0x68, 0xBE, 0xA0,
  0xBF, 0x06, 0xBF, 0x36, 0xBF, 0x56, 0xBF, 0x84, 0xBF, 0xB0, 0xBF, 0xDA, 0xBF, 0xFA, 0xC0, 0x30,
  0xC0, 0x50, 0xC0, 0x7E, 0xC0, 0xAA, 0xC0, 0xD6, 0xC1, 0x0E, 0xC1, 0x3C, 0xC1, 0x68, 0xC1, 0x98,
  0xC1, 0xC2, 0xC1, 0xE2, 0xC2, 0x10, 0xC2, 0x4E, 0xC2, 0x6E, 0xC2, 0xA8, 0xC2, 0xE2, 0xC3, 0x1C,
  0xC3, 0x48, 0xC3, 0x84, 0xC3, 0xA2, 0xC3, 0xC6, 0xC3, 0xD7, 0x00, 0x00, 0x00, 0x01, 0x00, 0x00,
  0x02, 0x92, 0x00, 0x38, 0x00, 0x0C, 0x00, 0x24, 0x00, 0x07, 0x00, 0x02, 0x00, 0x40, 0x00, 0x51,
  0x00, 0x8B, 0x00, 0x00, 0x00, 0xB8, 0x0D, 0x16, 0x00, 0x01, 0x00, 0x01, 0x00, 0x00, 0x00, 0x1A,
  0x01, 0x3E, 0x00, 0x01, 0x00, 0x00, 0x00, 0x00, 0x00, 0x00, 0x00, 0x6D, 0x00, 0x00, 0x00, 0x01,
  0x00, 0x00, 0x00, 0x00, 0x00, 0x01, 0x00, 0x0E, 0x00, 0x6D, 0x00, 0x01, 0x00, 0x00, 0x00, 0x00,
  0x00, 0x02, 0x00, 0x07, 0x00, 0x7B, 0x00, 0x01, 0x00, 0x00, 0x00, 0x00, 0x00, 0x03, 0x00, 0x1F,
  0x00, 0x82, 0x00, 0x01, 0x00, 0x00, 0x00, 0x00, 0x00, 0x04, 0x00, 0x16, 0x00, 0xA1, 0x00, 0x01,
  0x00, 0x00, 0x00, 0x00, 0x00, 0x05, 0x00, 0x0D, 0x00, 0xB7, 0x00, 0x01, 0x00, 0x00, 0x00, 0x00,
  0x00, 0x06, 0x00, 0x14, 0x00, 0xC4, 0x00, 0x01, 0x00, 0x00, 0x00, 0x00, 0x00, 0x08, 0x00, 0x09,
  0x00, 0xD8, 0x00, 0x01, 0x00, 0x00, 0x00, 0x00, 0x00, 0x09, 0x00, 0x09, 0x00, 0xE1, 0x00, 0x01,
  0x00, 0x00, 0x00, 0x00, 0x00, 0x0B, 0x00, 0x16, 0x00, 0xEA, 0x00, 0x01, 0x00, 0x00, 0x00, 0x00,
  0x00, 0x0C, 0x00, 0x16, 0x01, 0x00, 0x00, 0x01, 0x00, 0x00, 0x00, 0x00, 0x00, 0x0D, 0x00, 0x90,
  0x01, 0x16, 0x00, 0x01, 0x00, 0x00, 0x00, 0x00, 0x00, 0x0E, 0x00, 0x1A, 0x01, 0xA6, 0x00, 0x03,
  0x00, 0x01, 0x04, 0x09, 0x00, 0x00, 0x00, 0xDA, 0x01, 0xC0, 0x00, 0x03, 0x00, 0x01, 0x04, 0x09,
  0x00, 0x01, 0x00, 0x1C, 0x02, 0x9A, 0x00, 0x03, 0x00, 0x01, 0x04, 0x09, 0x00, 0x02, 0x00, 0x0E,
  0x02, 0xB6, 0x00, 0x03, 0x00, 0x01, 0x04, 0x09, 0x00, 0x03, 0x00, 0x3E, 0x02, 0xC4, 0x00, 0x03,
  0x00, 0x01, 0x04, 0x09, 0x00, 0x04, 0x00, 0x2C, 0x03, 0x02, 0x00, 0x03, 0x00, 0x01, 0x04, 0x09,
  0x00, 0x05, 0x00, 0x1A, 0x03, 0x2E, 0x00, 0x03, 0x00, 0x01, 0x04, 0x09, 0x00, 0x06, 0x00, 0x28,
  0x03, 0x48, 0x00, 0x03, 0x00, 0x01, 0x04, 0x09, 0x00, 0x08, 0x00, 0x12, 0x03, 0x70, 0x00, 0x03,
  0x00, 0x01, 0x04, 0x09, 0x00, 0x09, 0x00, 0x12, 0x03, 0x82, 0x00, 0x03, 0x00, 0x01, 0x04, 0x09,
  0x00, 0x0B, 0x00, 0x2C, 0x03, 0x94, 0x00, 0x03, 0x00, 0x01, 0x04, 0x09, 0x00, 0x0C, 0x00, 0x2C,
  0x03, 0xC0, 0x00, 0x03, 0x00, 0x01, 0x04, 0x09, 0x00, 0x0D, 0x01, 0x20, 0x03, 0xEC, 0x00, 0x03,
  0x00, 0x01, 0x04, 0x09, 0x00, 0x0E, 0x00, 0x34, 0x05, 0x0C, 0x43, 0x6F, 0x70, 0x79, 0x72, 0x69,
  0x67, 0x68, 0x74, 0x20, 0x32, 0x30, 0x31, 0x32, 0x20, 0x54, 0x68, 0x65, 0x20, 0x50, 0x72, 0x65,
  0x73, 0x73, 0x20, 0x53, 0x74, 0x61, 0x72, 0x74, 0x20, 0x32, 0x50, 0x20, 0x50, 0x72, 0x6F, 0x6A,
  0x65, 0x63, 0x74, 0x20, 0x41, 0x75, 0x74, 0x68, 0x6F, 0x72, 0x73, 0x20, 0x28, 0x63, 0x6F, 0x64,
  0x79, 0x40, 0x7A, 0x6F, 0x6E, 0x65, 0x33, 0x38, 0x2E, 0x6E, 0x65, 0x74, 0x29, 0x2C, 0x20, 0x77,
  0x69, 0x74, 0x68, 0x20, 0x52, 0x65, 0x73, 0x65, 0x72, 0x76, 0x65, 0x64, 0x20, 0x46, 0x6F, 0x6E,
  0x74, 0x20, 0x4E, 0x61, 0x6D, 0x65, 0x20, 0x22, 0x50, 0x72, 0x65, 0x73, 0x73, 0x20, 0x53, 0x74,
  0x61, 0x72, 0x74, 0x20, 0x32, 0x50, 0x22, 0x50, 0x72, 0x65, 0x73, 0x73, 0x20, 0x53, 0x74, 0x61,
  0x72, 0x74, 0x20, 0x32, 0x50, 0x52, 0x65, 0x67, 0x75, 0x6C, 0x61, 0x72, 0x33, 0x2E, 0x30, 0x30,
  0x30, 0x3B, 0x43, 0x59, 0x52, 0x45, 0x3B, 0x50, 0x72, 0x65, 0x73, 0x73, 0x53, 0x74, 0x61, 0x72,
  0x74, 0x32, 0x50, 0x2D, 0x52, 0x65, 0x67, 0x75, 0x6C, 0x61, 0x72, 0x50, 0x72, 0x65, 0x73, 0x73,
  0x20, 0x53, 0x74, 0x61, 0x72, 0x74, 0x20, 0x32, 0x50, 0x20, 0x52, 0x65, 0x67, 0x75, 0x6C, 0x61,
  0x72, 0x56, 0x65, 0x72, 0x73, 0x69, 0x6F, 0x6E, 0x20, 0x33, 0x2E, 0x30, 0x30, 0x30, 0x50, 0x72,
  0x65, 0x73, 0x73, 0x53, 0x74, 0x61, 0x72, 0x74, 0x32, 0x50, 0x2D, 0x52, 0x65, 0x67, 0x75, 0x6C,
  0x61, 0x72, 0x43, 0x6F, 0x64, 0x65, 0x4D, 0x61, 0x6E, 0x33, 0x38, 0x43, 0x6F, 0x64, 0x65, 0x4D,
  0x61, 0x6E, 0x33, 0x38, 0x68, 0x74, 0x74, 0x70, 0x3A, 0x2F, 0x2F, 0x77, 0x77, 0x77, 0x2E, 0x7A,
  0x6F, 0x6E, 0x65, 0x33, 0x38, 0x2E, 0x6E, 0x65, 0x74, 0x2F, 0x68, 0x74, 0x74, 0x70, 0x3A, 0x2F,
  0x2F, 0x77, 0x77, 0x77, 0x2E, 0x7A, 0x6F, 0x6E, 0x65, 0x33, 0x38, 0x2E, 0x6E, 0x65, 0x74, 0x2F,
  0x54, 0x68, 0x69, 0x73, 0x20, 0x46, 0x6F, 0x6E, 0x74, 0x20, 0x53, 0x6F, 0x66, 0x74, 0x77, 0x61,
  0x72, 0x65, 0x20, 0x69, 0x73, 0x20, 0x6C, 0x69, 0x63, 0x65, 0x6E, 0x73, 0x65, 0x64, 0x20, 0x75,
  0x6E, 0x64, 0x65, 0x72, 0x20, 0x74, 0x68, 0x65, 0x20, 0x53, 0x49, 0x4C, 0x20, 0x4F, 0x70, 0x65,
  0x6E, 0x20, 0x46, 0x6F, 0x6E, 0x74, 0x20, 0x4C, 0x69, 0x63, 0x65, 0x6E, 0x73, 0x65, 0x2C, 0x20,
  0x56, 0x65, 0x72, 0x73, 0x69, 0x6F, 0x6E, 0x20, 0x31, 0x2E, 0x31, 0x2E, 0x20, 0x54, 0x68, 0x69,
  0x73, 0x20, 0x6C, 0x69, 0x63, 0x65, 0x6E, 0x73, 0x65, 0x20, 0x69, 0x73, 0x20, 0x61, 0x76, 0x61,
  0x69, 0x6C, 0x61, 0x62, 0x6C, 0x65, 0x20, 0x77, 0x69, 0x74, 0x68, 0x20, 0x61, 0x20, 0x46, 0x41,
  0x51, 0x20, 0x61, 0x74, 0x3A, 0x20, 0x68, 0x74, 0x74, 0x70, 0x3A, 0x2F, 0x2F, 0x73, 0x63, 0x72,
  0x69, 0x70, 0x74, 0x73, 0x2E, 0x73, 0x69, 0x6C, 0x2E, 0x6F, 0x72, 0x67, 0x2F, 0x4F, 0x46, 0x4C,
  0x68, 0x74, 0x74, 0x70, 0x3A, 0x2F, 0x2F, 0x73, 0x63, 0x72, 0x69, 0x70, 0x74, 0x73, 0x2E, 0x73,
  0x69, 0x6C, 0x2E, 0x6F, 0x72, 0x67, 0x2F, 0x4F, 0x46, 0x4C, 0x00, 0x43, 0x00, 0x6F, 0x00, 0x70,
  0x00, 0x79, 0x00, 0x72, 0x00, 0x69, 0x00, 0x67, 0x00, 0x68, 0x00, 0x74, 0x00, 0x20, 0x00, 0x32,
  0x00, 0x30, 0x00, 0x31, 0x00, 0x32, 0x00, 0x20, 0x00, 0x54, 0x00, 0x68, 0x00, 0x65, 0x00, 0x20,
  0x00, 0x50, 0x00, 0x72, 0x00, 0x65, 0x00, 0x73, 0x00, 0x73, 0x00, 0x20, 0x00, 0x53, 0x00, 0x74,
  0x00, 0x61, 0x00, 0x72, 0x00, 0x74, 0x00, 0x20, 0x00, 0x32, 0x00, 0x50, 0x00, 0x20, 0x00, 0x50,
  0x00, 0x72, 0x00, 0x6F, 0x00, 0x6A, 0x00, 0x65, 0x00, 0x63, 0x00, 0x74, 0x00, 0x20, 0x00, 0x41,
  0x00, 0x75, 0x00, 0x74, 0x00, 0x68, 0x00, 0x6F, 0x00, 0x72, 0x00, 0x73, 0x00, 0x20, 0x00, 0x28,
  0x00, 0x63, 0x00, 0x6F, 0x00, 0x64, 0x00, 0x79, 0x00, 0x40, 0x00, 0x7A, 0x00, 0x6F, 0x00, 0x6E,
  0x00, 0x65, 0x00, 0x33, 0x00, 0x38, 0x00, 0x2E, 0x00, 0x6E, 0x00, 0x65, 0x00, 0x74, 0x00, 0x29,
  0x00, 0x2C, 0x00, 0x20, 0x00, 0x77, 0x00, 0x69, 0x00, 0x74, 0x00, 0x68, 0x00, 0x20, 0x00, 0x52,
  0x00, 0x65, 0x00, 0x73, 0x00, 0x65, 0x00, 0x72, 0x00, 0x76, 0x00, 0x65, 0x00, 0x64, 0x00, 0x20,
  0x00, 0x46, 0x00, 0x6F, 0x00, 0x6E, 0x00, 0x74, 0x00, 0x20, 0x00, 0x4E, 0x00, 0x61, 0x00, 0x6D,
  0x00, 0x65, 0x00, 0x20, 0x00, 0x22, 0x00, 0x50, 0x00, 0x72, 0x00, 0x65, 0x00, 0x73, 0x00, 0x73,
  0x00, 0x20, 0x00, 0x53, 0x00, 0x74, 0x00, 0x61, 0x00, 0x72, 0x00, 0x74, 0x00, 0x20, 0x00, 0x32,
  0x00, 0x50, 0x00, 0x22, 0x00, 0x50, 0x00, 0x72, 0x00, 0x65, 0x00, 0x73, 0x00, 0x73, 0x00, 0x20,
  0x00, 0x53, 0x00, 0x74, 0x00, 0x61, 0x00, 0x72, 0x00, 0x74, 0x00, 0x20, 0x00, 0x32, 0x00, 0x50,
  0x00, 0x52, 0x00, 0x65, 0x00, 0x67, 0x00, 0x75, 0x00, 0x6C, 0x00, 0x61, 0x00, 0x72, 0x00, 0x33,
  0x00, 0x2E, 0x00, 0x30, 0x00, 0x30, 0x00, 0x30, 0x00, 0x3B, 0x00, 0x43, 0x00, 0x59, 0x00, 0x52,
  0x00, 0x45, 0x00, 0x3B, 0x00, 0x50, 0x00, 0x72, 0x00, 0x65, 0x00, 0x73, 0x00, 0x73, 0x00, 0x53,
  0x00, 0x74, 0x00, 0x61, 0x00, 0x72, 0x00, 0x74, 0x00, 0x32, 0x00, 0x50, 0x00, 0x2D, 0x00, 0x52,
  0x00, 0x65, 0x00, 0x67, 0x00, 0x75, 0x00, 0x6C, 0x00, 0x61, 0x00, 0x72, 0x00, 0x50, 0x00, 0x72,
  0x00, 0x65, 0x00, 0x73, 0x00, 0x73, 0x00, 0x20, 0x00, 0x53, 0x00, 0x74, 0x00, 0x61, 0x00, 0x72,
  0x00, 0x74, 0x00, 0x20, 0x00, 0x32, 0x00, 0x50, 0x00, 0x20, 0x00, 0x52, 0x00, 0x65, 0x00, 0x67,
  0x00, 0x75, 0x00, 0x6C, 0x00, 0x61, 0x00, 0x72, 0x00, 0x56, 0x00, 0x65, 0x00, 0x72, 0x00, 0x73,
  0x00, 0x69, 0x00, 0x6F, 0x00, 0x6E, 0x00, 0x20, 0x00, 0x33, 0x00, 0x2E, 0x00, 0x30, 0x00, 0x30,
  0x00, 0x30, 0x00, 0x50, 0x00, 0x72, 0x00, 0x65, 0x00, 0x73, 0x00, 0x73, 0x00, 0x53, 0x00, 0x74,
  0x00, 0x61, 0x00, 0x72, 0x00, 0x74, 0x00, 0x32, 0x00, 0x50, 0x00, 0x2D, 0x00, 0x52, 0x00, 0x65,
  0x00, 0x67, 0x00, 0x75, 0x00, 0x6C, 0x00, 0x61, 0x00, 0x72, 0x00, 0x43, 0x00, 0x6F, 0x00, 0x64,
  0x00, 0x65, 0x00, 0x4D, 0x00, 0x61, 0x00, 0x6E, 0x00, 0x33, 0x00, 0x38, 0x00, 0x43, 0x00, 0x6F,
  0x00, 0x64, 0x00, 0x65, 0x00, 0x4D, 0x00, 0x61, 0x00, 0x6E, 0x00, 0x33, 0x00, 0x38, 0x00, 0x68,
  0x00, 0x74, 0x00, 0x74, 0x00, 0x70, 0x00, 0x3A, 0x00, 0x2F, 0x00, 0x2F, 0x00, 0x77, 0x00, 0x77,
  0x00, 0x77, 0x00, 0x2E, 0x00, 0x7A, 0x00, 0x6F, 0x00, 0x6E, 0x00, 0x65, 0x00, 0x33, 0x00, 0x38,
  0x00, 0x2E, 0x00, 0x6E, 0x00, 0x65, 0x00, 0x74, 0x00, 0x2F, 0x00, 0x68, 0x00, 0x74, 0x00, 0x74,
  0x00, 0x70, 0x00, 0x3A, 0x00, 0x2F, 0x00, 0x2F, 0x00, 0x77, 0x00, 0x77, 0x00, 0x77, 0x00, 0x2E,
  0x00, 0x7A, 0x00, 0x6F, 0x00, 0x6E, 0x00, 0x65, 0x00, 0x33, 0x00, 0x38, 0x00, 0x2E, 0x00, 0x6E,
  0x00, 0x65, 0x00, 0x74, 0x00, 0x2F, 0x00, 0x54, 0x00, 0x68, 0x00, 0x69, 0x00, 0x73, 0x00, 0x20,
  0x00, 0x46, 0x00, 0x6F, 0x00, 0x6E, 0x00, 0x74, 0x00, 0x20, 0x00, 0x53, 0x00, 0x6F, 0x00, 0x66,
  0x00, 0x74, 0x00, 0x77, 0x00, 0x61, 0x00, 0x72, 0x00, 0x65, 0x00, 0x20, 0x00, 0x69, 0x00, 0x73,
  0x00, 0x20, 0x00, 0x6C, 0x00, 0x69, 0x00, 0x63, 0x00, 0x65, 0x00, 0x6E, 0x00, 0x73, 0x00, 0x65,
  0x00, 0x64, 0x00, 0x20, 0x00, 0x75, 0x00, 0x6E, 0x00, 0x64, 0x00, 0x65, 0x00, 0x72, 0x00, 0x20,
  0x00, 0x74, 0x00, 0x68, 0x00, 0x65, 0x00, 0x20, 0x00, 0x53, 0x00, 0x49, 0x00, 0x4C, 0x00, 0x20,
  0x00, 0x4F, 0x00, 0x70, 0x00, 0x65, 0x00, 0x6E, 0x00, 0x20, 0x00, 0x46, 0x00, 0x6F, 0x00, 0x6E,
  0x00, 0x74, 0x00, 0x20, 0x00, 0x4C, 0x00, 0x69, 0x00, 0x63, 0x00, 0x65, 0x00, 0x6E, 0x00, 0x73,
  0x00, 0x65, 0x00, 0x2C, 0x00, 0x20, 0x00, 0x56, 0x00, 0x65, 0x00, 0x72, 0x00, 0x73, 0x00, 0x69,
  0x00, 0x6F, 0x00, 0x6E, 0x00, 0x20, 0x00, 0x31, 0x00, 0x2E, 0x00, 0x31, 0x00, 0x2E, 0x00, 0x20,
  0x00, 0x54, 0x00, 0x68, 0x00, 0x69, 0x00, 0x73, 0x00, 0x20, 0x00, 0x6C, 0x00, 0x69, 0x00, 0x63,
  0x00, 0x65, 0x00, 0x6E, 0x00, 0x73, 0x00, 0x65, 0x00, 0x20, 0x00, 0x69, 0x00, 0x73, 0x00, 0x20,
  0x00, 0x61, 0x00, 0x76, 0x00, 0x61, 0x00, 0x69, 0x00, 0x6C, 0x00, 0x61, 0x00, 0x62, 0x00, 0x6C,
  0x00, 0x65, 0x00, 0x20, 0x00, 0x77, 0x00, 0x69, 0x00, 0x74, 0x00, 0x68, 0x00, 0x20, 0x00, 0x61,
  0x00, 0x20, 0x00, 0x46, 0x00, 0x41, 0x00, 0x51, 0x00, 0x20, 0x00, 0x61, 0x00, 0x74, 0x00, 0x3A,
  0x00, 0x20, 0x00, 0x68, 0x00, 0x74, 0x00, 0x74, 0x00, 0x70, 0x00, 0x3A, 0x00, 0x2F, 0x00, 0x2F,
  0x00, 0x73, 0x00, 0x63, 0x00, 0x72, 0x00, 0x69, 0x00, 0x70, 0x00, 0x74, 0x00, 0x73, 0x00, 0x2E,
  0x00, 0x73, 0x00, 0x69, 0x00, 0x6C, 0x00, 0x2E, 0x00, 0x6F, 0x00, 0x72, 0x00, 0x67, 0x00, 0x2F,
  0x00, 0x4F, 0x00, 0x46, 0x00, 0x4C, 0x00, 0x68, 0x00, 0x74, 0x00, 0x74, 0x00, 0x70, 0x00, 0x3A,
  0x00, 0x2F, 0x00, 0x2F, 0x00, 0x73, 0x00, 0x63, 0x00, 0x72, 0x00, 0x69, 0x00, 0x70, 0x00, 0x74,
  0x00, 0x73, 0x00, 0x2E, 0x00, 0x73, 0x00, 0x69, 0x00, 0x6C, 0x00, 0x2E, 0x00, 0x6F, 0x00, 0x72,
  0x00, 0x67, 0x00, 0x2F, 0x00, 0x4F, 0x00, 0x46, 0x00, 0x4C, 0x00, 0x00, 0x00, 0x02, 0x00, 0x00,
  0x00, 0x00, 0x00, 0x00, 0xFF, 0xB5, 0x00, 0x32, 0x00, 0x00, 0x00, 0x00, 0x00, 0x00, 0x00, 0x00,
  0x00, 0x00, 0x00, 0x00, 0x00, 0x00, 0x00, 0x00, 0x00, 0x00, 0x00, 0x00, 0x02, 0x92, 0x00, 0x00,
  0x01, 0x02, 0x00, 0x02, 0x00, 0x03, 0x00, 0x24, 0x00, 0xC9, 0x01, 0x03, 0x00, 0xC7, 0x00, 0x62,
  0x00, 0xAD, 0x01, 0x04, 0x01, 0x05, 0x00, 0x63, 0x00, 0xAE, 0x00, 0x90, 0x00, 0x25, 0x00, 0x26,
  0x00, 0xFD, 0x00, 0xFF, 0x00, 0x64, 0x01, 0x06, 0x01, 0x07, 0x00, 0x27, 0x00, 0xE9, 0x01, 0x08,
  0x01, 0x09, 0x00, 0x28, 0x00, 0x65, 0x01, 0x0A, 0x01, 0x0B, 0x00, 0xC8, 0x00, 0xCA, 0x01, 0x0C,
  0x00, 0xCB, 0x01, 0x0D, 0x01, 0x0E, 0x00, 0x29, 0x00, 0x2A, 0x00, 0xF8, 0x01, 0x0F, 0x01, 0x10,
  0x01, 0x11, 0x00, 0x2B, 0x01, 0x12, 0x01, 0x13, 0x00, 0x2C, 0x01, 0x14, 0x00, 0xCC, 0x01, 0x15,
  0x00, 0xCD, 0x00, 0xCE, 0x00, 0xFA, 0x00, 0xCF, 0x01, 0x16, 0x01, 0x17, 0x01, 0x18, 0x00, 0x2D,
  0x01, 0x19, 0x00, 0x2E, 0x01, 0x1A, 0x00, 0x2F, 0x01, 0x1B, 0x01, 0x1C, 0x01, 0x1D, 0x01, 0x1E,
  0x00, 0xE2, 0x00, 0x30, 0x00, 0x31, 0x01, 0x1F, 0x01, 0x20, 0x01, 0x21, 0x01, 0x22, 0x00, 0x66,
  0x00, 0x32, 0x00, 0xD0, 0x01, 0x23, 0x00, 0xD1, 0x00, 0x67, 0x00, 0xD3, 0x01, 0x24, 0x01, 0x25,
  0x00, 0x91, 0x00, 0xAF, 0x00, 0xB0, 0x00, 0x33, 0x00, 0xED, 0x00, 0x34, 0x00, 0x35, 0x01, 0x26,
  0x01, 0x27, 0x01, 0x28, 0x00, 0x36, 0x01, 0x29, 0x00, 0xE4, 0x00, 0xFB, 0x01, 0x2A, 0x00, 0x37,
  0x01, 0x2B, 0x01, 0x2C, 0x01, 0x2D, 0x00, 0x38, 0x00, 0xD4, 0x01, 0x2E, 0x00, 0xD5, 0x00, 0x68,
  0x00, 0xD6, 0x01, 0x2F, 0x01, 0x30, 0x01, 0x31, 0x01, 0x32, 0x01, 0x33, 0x00, 0x39, 0x00, 0x3A,
  0x01, 0x34, 0x00, 0x3B, 0x00, 0x3C, 0x00, 0xEB, 0x01, 0x35, 0x00, 0xBB, 0x00, 0x3D, 0x01, 0x36,
  0x00, 0xE6, 0x01, 0x37, 0x00, 0x44, 0x00, 0x69, 0x01, 0x38, 0x00, 0x6B, 0x00, 0x6C, 0x00, 0x6A,
  0x01, 0x39, 0x01, 0x3A, 0x00, 0x6E, 0x00, 0x6D, 0x00, 0xA0, 0x00, 0x45, 0x00, 0x46, 0x00, 0xFE,
  0x01, 0x00, 0x00, 0x6F, 0x01, 0x3B, 0x01, 0x3C, 0x00, 0x47, 0x00, 0xEA, 0x01, 0x3D, 0x01, 0x01,
  0x00, 0x48, 0x00, 0x70, 0x01, 0x3E, 0x01, 0x3F, 0x00, 0x72, 0x00, 0x73, 0x01, 0x40, 0x00, 0x71,
  0x01, 0x41, 0x01, 0x42, 0x00, 0x49, 0x00, 0x4A, 0x00, 0xF9, 0x01, 0x43, 0x01, 0x44, 0x01, 0x45,
  0x00, 0x4B, 0x01, 0x46, 0x01, 0x47, 0x00, 0x4C, 0x00, 0xD7, 0x00, 0x74, 0x01, 0x48, 0x00, 0x76,
  0x00, 0x77, 0x00, 0x75, 0x01, 0x49, 0x01, 0x4A, 0x01, 0x4B, 0x01, 0x4C, 0x00, 0x4D, 0x01, 0x4D,
  0x00, 0x4E, 0x01, 0x4E, 0x01, 0x4F, 0x00, 0x4F, 0x01, 0x50, 0x01, 0x51, 0x01, 0x52, 0x01, 0x53,
  0x00, 0xE3, 0x00, 0x50, 0x00, 0x51, 0x01, 0x54, 0x01, 0x55, 0x01, 0x56, 0x01, 0x57, 0x00, 0x78,
  0x00, 0x52, 0x00, 0x79, 0x01, 0x58, 0x00, 0x7B, 0x00, 0x7C, 0x00, 0x7A, 0x01, 0x59, 0x01, 0x5A,
  0x00, 0xA1, 0x00, 0x7D, 0x00, 0xB1, 0x00, 0x53, 0x00, 0xEE, 0x00, 0x54, 0x00, 0x55, 0x01, 0x5B,
  0x01, 0x5C, 0x01, 0x5D, 0x00, 0x56, 0x01, 0x5E, 0x00, 0xE5, 0x00, 0xFC, 0x01, 0x5F, 0x00, 0x89,
  0x01, 0x60, 0x00, 0x57, 0x01, 0x61, 0x01, 0x62, 0x01, 0x63, 0x00, 0x58, 0x00, 0x7E, 0x01, 0x64,
  0x00, 0x80, 0x00, 0x81, 0x00, 0x7F, 0x01, 0x65, 0x01, 0x66, 0x01, 0x67, 0x01, 0x68, 0x01, 0x69,
  0x00, 0x59, 0x00, 0x5A, 0x01, 0x6A, 0x00, 0x5B, 0x00, 0x5C, 0x00, 0xEC, 0x01, 0x6B, 0x00, 0xBA,
  0x00, 0x5D, 0x01, 0x6C, 0x00, 0xE7, 0x01, 0x6D, 0x00, 0xC0, 0x00, 0xC1, 0x00, 0x9D, 0x00, 0x9E,
  0x01, 0x6E, 0x01, 0x6F, 0x01, 0x70, 0x01, 0x71, 0x01, 0x72, 0x01, 0x73, 0x01, 0x74, 0x01, 0x75,
  0x01, 0x76, 0x01, 0x77, 0x01, 0x78, 0x01, 0x79, 0x01, 0x7A, 0x01, 0x7B, 0x01, 0x7C, 0x01, 0x7D,
  0x01, 0x7E, 0x01, 0x7F, 0x01, 0x80, 0x01, 0x81, 0x01, 0x82, 0x01, 0x83, 0x01, 0x84, 0x01, 0x85,
  0x01, 0x86, 0x01, 0x87, 0x01, 0x88, 0x01, 0x89, 0x01, 0x8A, 0x01, 0x8B, 0x01, 0x8C, 0x01, 0x8D,
  0x01, 0x8E, 0x01, 0x8F, 0x01, 0x90, 0x01, 0x91, 0x01, 0x92, 0x01, 0x93, 0x01, 0x94, 0x01, 0x95,
  0x01, 0x96, 0x01, 0x97, 0x01, 0x98, 0x01, 0x99, 0x01, 0x9A, 0x01, 0x9B, 0x01, 0x9C, 0x01, 0x9D,
  0x01, 0x9E, 0x01, 0x9F, 0x01, 0xA0, 0x01, 0xA1, 0x01, 0xA2, 0x01, 0xA3, 0x01, 0xA4, 0x01, 0xA5,
  0x01, 0xA6, 0x01, 0xA7, 0x01, 0xA8, 0x01, 0xA9, 0x01, 0xAA, 0x01, 0xAB, 0x01, 0xAC, 0x01, 0xAD,
  0x01, 0xAE, 0x01, 0xAF, 0x01, 0xB0, 0x01, 0xB1, 0x01, 0xB2, 0x01, 0xB3, 0x01, 0xB4, 0x01, 0xB5,
  0x01, 0xB6, 0x01, 0xB7, 0x01, 0xB8, 0x01, 0xB9, 0x01, 0xBA, 0x01, 0xBB, 0x01, 0xBC, 0x01, 0xBD,
  0x01, 0xBE, 0x01, 0xBF, 0x01, 0xC0, 0x01, 0xC1, 0x01, 0xC2, 0x01, 0xC3, 0x01, 0xC4, 0x01, 0xC5,
  0x01, 0xC6, 0x01, 0xC7, 0x01, 0xC8, 0x01, 0xC9, 0x01, 0xCA, 0x01, 0xCB, 0x01, 0xCC, 0x01, 0xCD,
  0x01, 0xCE, 0x01, 0xCF, 0x01, 0xD0, 0x01, 0xD1, 0x01, 0xD2, 0x01, 0xD3, 0x01, 0xD4, 0x01, 0xD5,
  0x01, 0xD6, 0x01, 0xD7, 0x01, 0xD8, 0x01, 0xD9, 0x01, 0xDA, 0x01, 0xDB, 0x01, 0xDC, 0x01, 0xDD,
  0x01, 0xDE, 0x01, 0xDF, 0x01, 0xE0, 0x01, 0xE1, 0x01, 0xE2, 0x01, 0xE3, 0x01, 0xE4, 0x01, 0xE5,
  0x01, 0xE6, 0x01, 0xE7, 0x01, 0xE8, 0x01, 0xE9, 0x01, 0xEA, 0x01, 0xEB, 0x01, 0xEC, 0x01, 0xED,
  0x01, 0xEE, 0x01, 0xEF, 0x01, 0xF0, 0x01, 0xF1, 0x01, 0xF2, 0x01, 0xF3, 0x01, 0xF4, 0x01, 0xF5,
  0x01, 0xF6, 0x01, 0xF7, 0x01, 0xF8, 0x01, 0xF9, 0x01, 0xFA, 0x01, 0xFB, 0x01, 0xFC, 0x01, 0xFD,
  0x01, 0xFE, 0x01, 0xFF, 0x02, 0x00, 0x02, 0x01, 0x02, 0x02, 0x02, 0x03, 0x02, 0x04, 0x02, 0x05,
  0x02, 0x06, 0x02, 0x07, 0x02, 0x08, 0x02, 0x09, 0x02, 0x0A, 0x02, 0x0B, 0x02, 0x0C, 0x02, 0x0D,
  0x02, 0x0E, 0x02, 0x0F, 0x02, 0x10, 0x02, 0x11, 0x02, 0x12, 0x02, 0x13, 0x02, 0x14, 0x02, 0x15,
  0x02, 0x16, 0x02, 0x17, 0x02, 0x18, 0x02, 0x19, 0x02, 0x1A, 0x02, 0x1B, 0x02, 0x1C, 0x02, 0x1D,
  0x02, 0x1E, 0x02, 0x1F, 0x02, 0x20, 0x02, 0x21, 0x02, 0x22, 0x02, 0x23, 0x02, 0x24, 0x02, 0x25,
  0x02, 0x26, 0x02, 0x27, 0x02, 0x28, 0x02, 0x29, 0x02, 0x2A, 0x02, 0x2B, 0x02, 0x2C, 0x02, 0x2D,
  0x02, 0x2E, 0x02, 0x2F, 0x02, 0x30, 0x02, 0x31, 0x02, 0x32, 0x02, 0x33, 0x02, 0x34, 0x02, 0x35,
  0x02, 0x36, 0x02, 0x37, 0x02, 0x38, 0x02, 0x39, 0x02, 0x3A, 0x02, 0x3B, 0x02, 0x3C, 0x02, 0x3D,
  0x02, 0x3E, 0x02, 0x3F, 0x02, 0x40, 0x02, 0x41, 0x02, 0x42, 0x02, 0x43, 0x02, 0x44, 0x02, 0x45,
  0x02, 0x46, 0x02, 0x47, 0x02, 0x48, 0x02, 0x49, 0x02, 0x4A, 0x02, 0x4B, 0x02, 0x4C, 0x02, 0x4D,
  0x02, 0x4E, 0x02, 0x4F, 0x02, 0x50, 0x02, 0x51, 0x02, 0x52, 0x02, 0x53, 0x02, 0x54, 0x02, 0x55,
  0x00, 0x9B, 0x02, 0x56, 0x02, 0x57, 0x02, 0x58, 0x02, 0x59, 0x02, 0x5A, 0x02, 0x5B, 0x02, 0x5C,
  0x02, 0x5D, 0x02, 0x5E, 0x02, 0x5F, 0x02, 0x60, 0x02, 0x61, 0x02, 0x62, 0x02, 0x63, 0x02, 0x64,
  0x02, 0x65, 0x02, 0x66, 0x02, 0x67, 0x02, 0x68, 0x02, 0x69, 0x02, 0x6A, 0x00, 0x13, 0x00, 0x14,
  0x00, 0x15, 0x00, 0x16, 0x00, 0x17, 0x00, 0x18, 0x00, 0x19, 0x00, 0x1A, 0x00, 0x1B, 0x00, 0x1C,
  0x02, 0x6B, 0x02, 0x6C, 0x02, 0x6D, 0x02, 0x6E, 0x00, 0xBC, 0x00, 0xF4, 0x00, 0xF5, 0x00, 0xF6,
  0x00, 0x0D, 0x00, 0x3F, 0x00, 0xC3, 0x00, 0x87, 0x00, 0x1D, 0x00, 0x0F, 0x00, 0xAB, 0x00, 0x04,
  0x00, 0xA3, 0x00, 0x06, 0x00, 0x11, 0x00, 0x22, 0x00, 0xA2, 0x00, 0x05, 0x00, 0x0A, 0x00, 0x1E,
  0x00, 0x12, 0x00, 0x42, 0x00, 0x5E, 0x00, 0x60, 0x00, 0x3E, 0x00, 0x40, 0x00, 0x0B, 0x00, 0x0C,
  0x00, 0xB3, 0x00, 0xB2, 0x02, 0x6F, 0x00, 0x10, 0x02, 0x70, 0x00, 0xA9, 0x00, 0xAA, 0x00, 0xBE,
  0x00, 0xBF, 0x00, 0xC5, 0x00, 0xB4, 0x00, 0xB5, 0x00, 0xB6, 0x00, 0xB7, 0x00, 0xC4, 0x02, 0x71,
  0x02, 0x72, 0x02, 0x73, 0x02, 0x74, 0x00, 0x84, 0x00, 0xBD, 0x00, 0x07, 0x02, 0x75, 0x02, 0x76,
  0x00, 0xA6, 0x02, 0x77, 0x02, 0x78, 0x00, 0x85, 0x02, 0x79, 0x02, 0x7A, 0x00, 0x96, 0x02, 0x7B,
  0x00, 0x0E, 0x00, 0xF0, 0x00, 0xB8, 0x00, 0x20, 0x00, 0x8F, 0x00, 0x21, 0x00, 0x1F, 0x00, 0x95,
  0x00, 0x94, 0x00, 0x93, 0x00, 0xA7, 0x00, 0x61, 0x00, 0xA4, 0x00, 0x92, 0x00, 0x9C, 0x02, 0x7C,
  0x00, 0x9A, 0x00, 0x99, 0x00, 0xA5, 0x02, 0x7D, 0x00, 0x98, 0x00, 0x08, 0x00, 0xC6, 0x02, 0x7E,
  0x02, 0x7F, 0x02, 0x80, 0x02, 0x81, 0x00, 0xB9, 0x02, 0x82, 0x02, 0x83, 0x02, 0x84, 0x02, 0x85,
  0x02, 0x86, 0x02, 0x87, 0x02, 0x88, 0x02, 0x89, 0x02, 0x8A, 0x02, 0x8B, 0x02, 0x8C, 0x02, 0x8D,
  0x00, 0x23, 0x00, 0x09, 0x00, 0x88, 0x00, 0x86, 0x00, 0x8B, 0x00, 0x8A, 0x00, 0x8C, 0x00, 0x83,
  0x00, 0x5F, 0x00, 0xE8, 0x00, 0x82, 0x00, 0xC2, 0x02, 0x8E, 0x00, 0x41, 0x02, 0x8F, 0x02, 0x90,
  0x02, 0x91, 0x02, 0x92, 0x02, 0x93, 0x02, 0x94, 0x02, 0x95, 0x02, 0x96, 0x02, 0x97, 0x00, 0x8D,
  0x00, 0xDB, 0x00, 0xE1, 0x00, 0xDE, 0x00, 0xD8, 0x00, 0x8E, 0x00, 0xDC, 0x00, 0x43, 0x00, 0xDF,
  0x00, 0xDA, 0x00, 0xE0, 0x00, 0xDD, 0x00, 0xD9, 0x02, 0x98, 0x02, 0x99, 0x02, 0x9A, 0x02, 0x9B,
  0x02, 0x9C, 0x04, 0x4E, 0x55, 0x4C, 0x4C, 0x06, 0x41, 0x62, 0x72, 0x65, 0x76, 0x65, 0x07, 0x41,
  0x6D, 0x61, 0x63, 0x72, 0x6F, 0x6E, 0x07, 0x41, 0x6F, 0x67, 0x6F, 0x6E, 0x65, 0x6B, 0x0B, 0x43,
  0x63, 0x69, 0x72, 0x63, 0x75, 0x6D, 0x66, 0x6C, 0x65, 0x78, 0x0A, 0x43, 0x64, 0x6F, 0x74, 0x61,
  0x63, 0x63, 0x65, 0x6E, 0x74, 0x06, 0x44, 0x63, 0x61, 0x72, 0x6F, 0x6E, 0x06, 0x44, 0x63, 0x72,
  0x6F, 0x61, 0x74, 0x06, 0x45, 0x62, 0x72, 0x65, 0x76, 0x65, 0x06, 0x45, 0x63, 0x61, 0x72, 0x6F,
  0x6E, 0x0A, 0x45, 0x64, 0x6F, 0x74, 0x61, 0x63, 0x63, 0x65, 0x6E, 0x74, 0x07, 0x45, 0x6D, 0x61,
  0x63, 0x72, 0x6F, 0x6E, 0x07, 0x45, 0x6F, 0x67, 0x6F, 0x6E, 0x65, 0x6B, 0x0B, 0x47, 0x63, 0x69,
  0x72, 0x63, 0x75, 0x6D, 0x66, 0x6C, 0x65, 0x78, 0x0C, 0x47, 0x63, 0x6F, 0x6D, 0x6D, 0x61, 0x61,
  0x63, 0x63, 0x65, 0x6E, 0x74, 0x0A, 0x47, 0x64, 0x6F, 0x74, 0x61, 0x63, 0x63, 0x65, 0x6E, 0x74,
  0x04, 0x48, 0x62, 0x61, 0x72, 0x0B, 0x48, 0x63, 0x69, 0x72, 0x63, 0x75, 0x6D, 0x66, 0x6C, 0x65,
  0x78, 0x02, 0x49, 0x4A, 0x06, 0x49, 0x62, 0x72, 0x65, 0x76, 0x65, 0x07, 0x49, 0x6D, 0x61, 0x63,
  0x72, 0x6F, 0x6E, 0x07, 0x49, 0x6F, 0x67, 0x6F, 0x6E, 0x65, 0x6B, 0x06, 0x49, 0x74, 0x69, 0x6C,
  0x64, 0x65, 0x0B, 0x4A, 0x63, 0x69, 0x72, 0x63, 0x75, 0x6D, 0x66, 0x6C, 0x65, 0x78, 0x0C, 0x4B,
  0x63, 0x6F, 0x6D, 0x6D, 0x61, 0x61, 0x63, 0x63, 0x65, 0x6E, 0x74, 0x06, 0x4C, 0x61, 0x63, 0x75,
  0x74, 0x65, 0x06, 0x4C, 0x63, 0x61, 0x72, 0x6F, 0x6E, 0x0C, 0x4C, 0x63, 0x6F, 0x6D, 0x6D, 0x61,
  0x61, 0x63, 0x63, 0x65, 0x6E, 0x74, 0x04, 0x4C, 0x64, 0x6F, 0x74, 0x06, 0x4E, 0x61, 0x63, 0x75,
  0x74, 0x65, 0x06, 0x4E, 0x63, 0x61, 0x72, 0x6F, 0x6E, 0x0C, 0x4E, 0x63, 0x6F, 0x6D, 0x6D, 0x61,
  0x61, 0x63, 0x63, 0x65, 0x6E, 0x74, 0x03, 0x45, 0x6E, 0x67, 0x06, 0x4F, 0x62, 0x72, 0x65, 0x76,
  0x65, 0x0D, 0x4F, 0x68, 0x75, 0x6E, 0x67, 0x61, 0x72, 0x75, 0x6D, 0x6C, 0x61, 0x75, 0x74, 0x07,
  0x4F, 0x6D, 0x61, 0x63, 0x72, 0x6F, 0x6E, 0x06, 0x52, 0x61, 0x63, 0x75, 0x74, 0x65, 0x06, 0x52,
  0x63, 0x61, 0x72, 0x6F, 0x6E, 0x0C, 0x52, 0x63, 0x6F, 0x6D, 0x6D, 0x61, 0x61, 0x63, 0x63, 0x65,
  0x6E, 0x74, 0x06, 0x53, 0x61, 0x63, 0x75, 0x74, 0x65, 0x0B, 0x53, 0x63, 0x69, 0x72, 0x63, 0x75,
  0x6D, 0x66, 0x6C, 0x65, 0x78, 0x04, 0x54, 0x62, 0x61, 0x72, 0x06, 0x54, 0x63, 0x61, 0x72, 0x6F,
  0x6E, 0x07, 0x75, 0x6E, 0x69, 0x30, 0x32, 0x31, 0x41, 0x06, 0x55, 0x62, 0x72, 0x65, 0x76, 0x65,
  0x0D, 0x55, 0x68, 0x75, 0x6E, 0x67, 0x61, 0x72, 0x75, 0x6D, 0x6C, 0x61, 0x75, 0x74, 0x07, 0x55,
  0x6D, 0x61, 0x63, 0x72, 0x6F, 0x6E, 0x07, 0x55, 0x6F, 0x67, 0x6F, 0x6E, 0x65, 0x6B, 0x05, 0x55,
  0x72, 0x69, 0x6E, 0x67, 0x06, 0x55, 0x74, 0x69, 0x6C, 0x64, 0x65, 0x0B, 0x57, 0x63, 0x69, 0x72,
  0x63, 0x75, 0x6D, 0x66, 0x6C, 0x65, 0x78, 0x0B, 0x59, 0x63, 0x69, 0x72, 0x63, 0x75, 0x6D, 0x66,
  0x6C, 0x65, 0x78, 0x06, 0x5A, 0x61, 0x63, 0x75, 0x74, 0x65, 0x0A, 0x5A, 0x64, 0x6F, 0x74, 0x61,
  0x63, 0x63, 0x65, 0x6E, 0x74, 0x06, 0x61, 0x62, 0x72, 0x65, 0x76, 0x65, 0x07, 0x61, 0x6D, 0x61,
  0x63, 0x72, 0x6F, 0x6E, 0x07, 0x61, 0x6F, 0x67, 0x6F, 0x6E, 0x65, 0x6B, 0x0B, 0x63, 0x63, 0x69,
  0x72, 0x63, 0x75, 0x6D, 0x66, 0x6C, 0x65, 0x78, 0x0A, 0x63, 0x64, 0x6F, 0x74, 0x61, 0x63, 0x63,
  0x65, 0x6E, 0x74, 0x06, 0x64, 0x63, 0x61, 0x72, 0x6F, 0x6E, 0x06, 0x65, 0x62, 0x72, 0x65, 0x76,
  0x65, 0x06, 0x65, 0x63, 0x61, 0x72, 0x6F, 0x6E, 0x0A, 0x65, 0x64, 0x6F, 0x74, 0x61, 0x63, 0x63,
  0x65, 0x6E, 0x74, 0x07, 0x65, 0x6D, 0x61, 0x63, 0x72, 0x6F, 0x6E, 0x07, 0x65, 0x6F, 0x67, 0x6F,
  0x6E, 0x65, 0x6B, 0x0B, 0x67, 0x63, 0x69, 0x72, 0x63, 0x75, 0x6D, 0x66, 0x6C, 0x65, 0x78, 0x0C,
  0x67, 0x63, 0x6F, 0x6D, 0x6D, 0x61, 0x61, 0x63, 0x63, 0x65, 0x6E, 0x74, 0x0A, 0x67, 0x64, 0x6F,
  0x74, 0x61, 0x63, 0x63, 0x65, 0x6E, 0x74, 0x04, 0x68, 0x62, 0x61, 0x72, 0x0B, 0x68, 0x63, 0x69,
  0x72, 0x63, 0x75, 0x6D, 0x66, 0x6C, 0x65, 0x78, 0x06, 0x69, 0x62, 0x72, 0x65, 0x76, 0x65, 0x02,
  0x69, 0x6A, 0x07, 0x69, 0x6D, 0x61, 0x63, 0x72, 0x6F, 0x6E, 0x07, 0x69, 0x6F, 0x67, 0x6F, 0x6E,
  0x65, 0x6B, 0x06, 0x69, 0x74, 0x69, 0x6C, 0x64, 0x65, 0x0B, 0x6A, 0x63, 0x69, 0x72, 0x63, 0x75,
  0x6D, 0x66, 0x6C, 0x65, 0x78, 0x0C, 0x6B, 0x63, 0x6F, 0x6D, 0x6D, 0x61, 0x61, 0x63, 0x63, 0x65,
  0x6E, 0x74, 0x0C, 0x6B, 0x67, 0x72, 0x65, 0x65, 0x6E, 0x6C, 0x61, 0x6E, 0x64, 0x69, 0x63, 0x06,
  0x6C, 0x61, 0x63, 0x75, 0x74, 0x65, 0x06, 0x6C, 0x63, 0x61, 0x72, 0x6F, 0x6E, 0x0C, 0x6C, 0x63,
  0x6F, 0x6D, 0x6D, 0x61, 0x61, 0x63, 0x63, 0x65, 0x6E, 0x74, 0x04, 0x6C, 0x64, 0x6F, 0x74, 0x06,
  0x6E, 0x61, 0x63, 0x75, 0x74, 0x65, 0x06, 0x6E, 0x63, 0x61, 0x72, 0x6F, 0x6E, 0x0C, 0x6E, 0x63,
  0x6F, 0x6D, 0x6D, 0x61, 0x61, 0x63, 0x63, 0x65, 0x6E, 0x74, 0x03, 0x65, 0x6E, 0x67, 0x06, 0x6F,
  0x62, 0x72, 0x65, 0x76, 0x65, 0x0D, 0x6F, 0x68, 0x75, 0x6E, 0x67, 0x61, 0x72, 0x75, 0x6D, 0x6C,
  0x61, 0x75, 0x74, 0x07, 0x6F, 0x6D, 0x61, 0x63, 0x72, 0x6F, 0x6E, 0x06, 0x72, 0x61, 0x63, 0x75,
  0x74, 0x65, 0x06, 0x72, 0x63, 0x61, 0x72, 0x6F, 0x6E, 0x0C, 0x72, 0x63, 0x6F, 0x6D, 0x6D, 0x61,
  0x61, 0x63, 0x63, 0x65, 0x6E, 0x74, 0x06, 0x73, 0x61, 0x63, 0x75, 0x74, 0x65, 0x0B, 0x73, 0x63,
  0x69, 0x72, 0x63, 0x75, 0x6D, 0x66, 0x6C, 0x65, 0x78, 0x05, 0x6C, 0x6F, 0x6E, 0x67, 0x73, 0x04,
  0x74, 0x62, 0x61, 0x72, 0x06, 0x74, 0x63, 0x61, 0x72, 0x6F, 0x6E, 0x07, 0x75, 0x6E, 0x69, 0x30,
  0x32, 0x31, 0x42, 0x06, 0x75, 0x62, 0x72, 0x65, 0x76, 0x65, 0x0D, 0x75, 0x68, 0x75, 0x6E, 0x67,
  0x61, 0x72, 0x75, 0x6D, 0x6C, 0x61, 0x75, 0x74, 0x07, 0x75, 0x6D, 0x61, 0x63, 0x72, 0x6F, 0x6E,
  0x07, 0x75, 0x6F, 0x67, 0x6F, 0x6E, 0x65, 0x6B, 0x05, 0x75, 0x72, 0x69, 0x6E, 0x67, 0x06, 0x75,
  0x74, 0x69, 0x6C, 0x64, 0x65, 0x0B, 0x77, 0x63, 0x69, 0x72, 0x63, 0x75, 0x6D, 0x66, 0x6C, 0x65,
  0x78, 0x0B, 0x79, 0x63, 0x69, 0x72, 0x63, 0x75, 0x6D, 0x66, 0x6C, 0x65, 0x78, 0x06, 0x7A, 0x61,
  0x63, 0x75, 0x74, 0x65, 0x0A, 0x7A, 0x64, 0x6F, 0x74, 0x61, 0x63, 0x63, 0x65, 0x6E, 0x74, 0x07,
  0x75, 0x6E, 0x69, 0x30, 0x34, 0x31, 0x30, 0x07, 0x75, 0x6E, 0x69, 0x30, 0x34, 0x31, 0x31, 0x07,
  0x75, 0x6E, 0x69, 0x30, 0x34, 0x31, 0x32, 0x07, 0x75, 0x6E, 0x69, 0x30, 0x34, 0x31, 0x33, 0x07,
  0x75, 0x6E, 0x69, 0x30, 0x34, 0x30, 0x33, 0x07, 0x75, 0x6E, 0x69, 0x30, 0x34, 0x39, 0x30, 0x07,
  0x75, 0x6E, 0x69, 0x30, 0x34, 0x31, 0x34, 0x07, 0x75, 0x6E, 0x69, 0x30, 0x34, 0x31, 0x35, 0x07,
  0x75, 0x6E, 0x69, 0x30, 0x34, 0x30, 0x30, 0x07, 0x75, 0x6E, 0x69, 0x30, 0x34, 0x30, 0x31, 0x07,
  0x75, 0x6E, 0x69, 0x30, 0x34, 0x31, 0x36, 0x07, 0x75, 0x6E, 0x69, 0x30, 0x34, 0x31, 0x37, 0x07,
  0x75, 0x6E, 0x69, 0x30, 0x34, 0x31, 0x38, 0x07, 0x75, 0x6E, 0x69, 0x30, 0x34, 0x31, 0x39, 0x07,
  0x75, 0x6E, 0x69, 0x30, 0x34, 0x30, 0x44, 0x07, 0x75, 0x6E, 0x69, 0x30, 0x34, 0x31, 0x41, 0x07,
  0x75, 0x6E, 0x69, 0x30, 0x34, 0x30, 0x43, 0x07, 0x75, 0x6E, 0x69, 0x30, 0x34, 0x31, 0x42, 0x07,
  0x75, 0x6E, 0x69, 0x30, 0x34, 0x31, 0x43, 0x07, 0x75, 0x6E, 0x69, 0x30, 0x34, 0x31, 0x44, 0x07,
  0x75, 0x6E, 0x69, 0x30, 0x34, 0x31, 0x45, 0x07, 0x75, 0x6E, 0x69, 0x30, 0x34, 0x31, 0x46, 0x07,
  0x75, 0x6E, 0x69, 0x30, 0x34, 0x32, 0x30, 0x07, 0x75, 0x6E, 0x69, 0x30, 0x34, 0x32, 0x31, 0x07,
  0x75, 0x6E, 0x69, 0x30, 0x34, 0x32, 0x32, 0x07, 0x75, 0x6E, 0x69, 0x30, 0x34, 0x32, 0x33, 0x07,
  0x75, 0x6E, 0x69, 0x30, 0x34, 0x30, 0x45, 0x07, 0x75, 0x6E, 0x69, 0x30, 0x34, 0x32, 0x34, 0x07,
  0x75, 0x6E, 0x69, 0x30, 0x34, 0x32, 0x35, 0x07, 0x75, 0x6E, 0x69, 0x30, 0x34, 0x32, 0x37, 0x07,
  0x75, 0x6E, 0x69, 0x30, 0x34, 0x32, 0x36, 0x07, 0x75, 0x6E, 0x69, 0x30, 0x34, 0x32, 0x38, 0x07,
  0x75, 0x6E, 0x69, 0x30, 0x34, 0x32, 0x39, 0x07, 0x75, 0x6E, 0x69, 0x30, 0x34, 0x30, 0x46, 0x07,
  0x75, 0x6E, 0x69, 0x30, 0x34, 0x32, 0x43, 0x07, 0x75, 0x6E, 0x69, 0x30, 0x34, 0x32, 0x41, 0x07,
  0x75, 0x6E, 0x69, 0x30, 0x34, 0x32, 0x42, 0x07, 0x75, 0x6E, 0x69, 0x30, 0x34, 0x30, 0x39, 0x07,
  0x75, 0x6E, 0x69, 0x30, 0x34, 0x30, 0x41, 0x07, 0x75, 0x6E, 0x69, 0x30, 0x34, 0x30, 0x35, 0x07,
  0x75, 0x6E, 0x69, 0x30, 0x34, 0x30, 0x34, 0x07, 0x75, 0x6E, 0x69, 0x30, 0x34, 0x32, 0x44, 0x07,
  0x75, 0x6E, 0x69, 0x30, 0x34, 0x30, 0x36, 0x07, 0x75, 0x6E, 0x69, 0x30, 0x34, 0x30, 0x37, 0x07,
  0x75, 0x6E, 0x69, 0x30, 0x34, 0x30, 0x38, 0x07, 0x75, 0x6E, 0x69, 0x30, 0x34, 0x30, 0x42, 0x07,
  0x75, 0x6E, 0x69, 0x30, 0x34, 0x32, 0x45, 0x07, 0x75, 0x6E, 0x69, 0x30, 0x34, 0x32, 0x46, 0x07,
  0x75, 0x6E, 0x69, 0x30, 0x34, 0x30, 0x32, 0x07, 0x75, 0x6E, 0x69, 0x30, 0x34, 0x36, 0x32, 0x07,
  0x75, 0x6E, 0x69, 0x30, 0x34, 0x36, 0x41, 0x07, 0x75, 0x6E, 0x69, 0x30, 0x34, 0x37, 0x32, 0x07,
  0x75, 0x6E, 0x69, 0x30, 0x34, 0x37, 0x34, 0x07, 0x75, 0x6E, 0x69, 0x30, 0x34, 0x39, 0x32, 0x07,
  0x75, 0x6E, 0x69, 0x30, 0x34, 0x39, 0x34, 0x07, 0x75, 0x6E, 0x69, 0x30, 0x34, 0x39, 0x36, 0x07,
  0x75, 0x6E, 0x69, 0x30, 0x34, 0x39, 0x38, 0x07, 0x75, 0x6E, 0x69, 0x30, 0x34, 0x39, 0x41, 0x07,
  0x75, 0x6E, 0x69, 0x30, 0x34, 0x39, 0x43, 0x07, 0x75, 0x6E, 0x69, 0x30, 0x34, 0x41, 0x30, 0x07,
  0x75, 0x6E, 0x69, 0x30, 0x34, 0x41, 0x32, 0x07, 0x75, 0x6E, 0x69, 0x30, 0x35, 0x32, 0x34, 0x07,
  0x75, 0x6E, 0x69, 0x30, 0x34, 0x41, 0x41, 0x07, 0x75, 0x6E, 0x69, 0x30, 0x34, 0x41, 0x43, 0x07,
  0x75, 0x6E, 0x69, 0x30, 0x34, 0x41, 0x45, 0x07, 0x75, 0x6E, 0x69, 0x30, 0x34, 0x42, 0x30, 0x07,
  0x75, 0x6E, 0x69, 0x30, 0x34, 0x42, 0x36, 0x07, 0x75, 0x6E, 0x69, 0x30, 0x34, 0x42, 0x38, 0x07,
  0x75, 0x6E, 0x69, 0x30, 0x34, 0x42, 0x41, 0x07, 0x75, 0x6E, 0x69, 0x30, 0x34, 0x43, 0x30, 0x07,
  0x75, 0x6E, 0x69, 0x30, 0x34, 0x43, 0x31, 0x07, 0x75, 0x6E, 0x69, 0x30, 0x34, 0x43, 0x42, 0x07,
  0x75, 0x6E, 0x69, 0x30, 0x34, 0x44, 0x30, 0x07, 0x75, 0x6E, 0x69, 0x30, 0x34, 0x44, 0x32, 0x07,
  0x75, 0x6E, 0x69, 0x30, 0x34, 0x44, 0x36, 0x07, 0x75, 0x6E, 0x69, 0x30, 0x34, 0x44, 0x38, 0x07,
  0x75, 0x6E, 0x69, 0x30, 0x34, 0x44, 0x43, 0x07, 0x75, 0x6E, 0x69, 0x30, 0x34, 0x44, 0x45, 0x07,
  0x75, 0x6E, 0x69, 0x30, 0x34, 0x45, 0x32, 0x07, 0x75, 0x6E, 0x69, 0x30, 0x34, 0x45, 0x34, 0x07,
  0x75, 0x6E, 0x69, 0x30, 0x34, 0x45, 0x36, 0x07, 0x75, 0x6E, 0x69, 0x30, 0x34, 0x45, 0x38, 0x07,
  0x75, 0x6E, 0x69, 0x30, 0x34, 0x45, 0x45, 0x07, 0x75, 0x6E, 0x69, 0x30, 0x34, 0x46, 0x30, 0x07,
  0x75, 0x6E, 0x69, 0x30, 0x34, 0x46, 0x32, 0x07, 0x75, 0x6E, 0x69, 0x30, 0x34, 0x46, 0x34, 0x07,
  0x75, 0x6E, 0x69, 0x30, 0x34, 0x46, 0x36, 0x07, 0x75, 0x6E, 0x69, 0x30, 0x34, 0x46, 0x38, 0x07,
  0x75, 0x6E, 0x69, 0x30, 0x35, 0x31, 0x41, 0x07, 0x75, 0x6E, 0x69, 0x30, 0x35, 0x31, 0x43, 0x07,
  0x75, 0x6E, 0x69, 0x30, 0x34, 0x33, 0x30, 0x07, 0x75, 0x6E, 0x69, 0x30, 0x34, 0x33, 0x31, 0x07,
  0x75, 0x6E, 0x69, 0x30, 0x34, 0x33, 0x32, 0x07, 0x75, 0x6E, 0x69, 0x30, 0x34, 0x33, 0x33, 0x07,
  0x75, 0x6E, 0x69, 0x30, 0x34, 0x35, 0x33, 0x07, 0x75, 0x6E, 0x69, 0x30, 0x34, 0x39, 0x31, 0x07,
  0x75, 0x6E, 0x69, 0x30, 0x34, 0x33, 0x34, 0x07, 0x75, 0x6E, 0x69, 0x30, 0x34, 0x33, 0x35, 0x07,
  0x75, 0x6E, 0x69, 0x30, 0x34, 0x35, 0x30, 0x07, 0x75, 0x6E, 0x69, 0x30, 0x34, 0x35, 0x31, 0x07,
  0x75, 0x6E, 0x69, 0x30, 0x34, 0x33, 0x36, 0x07, 0x75, 0x6E, 0x69, 0x30, 0x34, 0x33, 0x37, 0x07,
  0x75, 0x6E, 0x69, 0x30, 0x34, 0x33, 0x38, 0x07, 0x75, 0x6E, 0x69, 0x30, 0x34, 0x33, 0x39, 0x07,
  0x75, 0x6E, 0x69, 0x30, 0x34, 0x35, 0x44, 0x07, 0x75, 0x6E, 0x69, 0x30, 0x34, 0x33, 0x41, 0x07,
  0x75, 0x6E, 0x69, 0x30, 0x34, 0x35, 0x43, 0x07, 0x75, 0x6E, 0x69, 0x30, 0x34, 0x33, 0x42, 0x07,
  0x75, 0x6E, 0x69, 0x30, 0x34, 0x33, 0x43, 0x07, 0x75, 0x6E, 0x69, 0x30, 0x34, 0x33, 0x44, 0x07,
  0x75, 0x6E, 0x69, 0x30, 0x34, 0x33, 0x45, 0x07, 0x75, 0x6E, 0x69, 0x30, 0x34, 0x33, 0x46, 0x07,
  0x75, 0x6E, 0x69, 0x30, 0x34, 0x34, 0x30, 0x07, 0x75, 0x6E, 0x69, 0x30, 0x34, 0x34, 0x31, 0x07,
  0x75, 0x6E, 0x69, 0x30, 0x34, 0x34, 0x32, 0x07, 0x75, 0x6E, 0x69, 0x30, 0x34, 0x34, 0x33, 0x07,
  0x75, 0x6E, 0x69, 0x30, 0x34, 0x35, 0x45, 0x07, 0x75, 0x6E, 0x69, 0x30, 0x34, 0x34, 0x34, 0x07,
  0x75, 0x6E, 0x69, 0x30, 0x34, 0x34, 0x35, 0x07, 0x75, 0x6E, 0x69, 0x30, 0x34, 0x34, 0x37, 0x07,
  0x75, 0x6E, 0x69, 0x30, 0x34, 0x34, 0x36, 0x07, 0x75, 0x6E, 0x69, 0x30, 0x34, 0x34, 0x38, 0x07,
  0x75, 0x6E, 0x69, 0x30, 0x34, 0x34, 0x39, 0x07, 0x75, 0x6E, 0x69, 0x30, 0x34, 0x35, 0x46, 0x07,
  0x75, 0x6E, 0x69, 0x30, 0x34, 0x34, 0x43, 0x07, 0x75, 0x6E, 0x69, 0x30, 0x34, 0x34, 0x41, 0x07,
  0x75, 0x6E, 0x69, 0x30, 0x34, 0x34, 0x42, 0x07, 0x75, 0x6E, 0x69, 0x30, 0x34, 0x35, 0x39, 0x07,
  0x75, 0x6E, 0x69, 0x30, 0x34, 0x35, 0x41, 0x07, 0x75, 0x6E, 0x69, 0x30, 0x34, 0x35, 0x35, 0x07,
  0x75, 0x6E, 0x69, 0x30, 0x34, 0x35, 0x34, 0x07, 0x75, 0x6E, 0x69, 0x30, 0x34, 0x34, 0x44, 0x07,
  0x75, 0x6E, 0x69, 0x30, 0x34, 0x35, 0x36, 0x07, 0x75, 0x6E, 0x69, 0x30, 0x34, 0x35, 0x37, 0x07,
  0x75, 0x6E, 0x69, 0x30, 0x34, 0x35, 0x38, 0x07, 0x75, 0x6E, 0x69, 0x30, 0x34, 0x35, 0x42, 0x07,
  0x75, 0x6E, 0x69, 0x30, 0x34, 0x34, 0x45, 0x07, 0x75, 0x6E, 0x69, 0x30, 0x34, 0x34, 0x46, 0x07,
  0x75, 0x6E, 0x69, 0x30, 0x34, 0x35, 0x32, 0x07, 0x75, 0x6E, 0x69, 0x30, 0x34, 0x36, 0x33, 0x07,
  0x75, 0x6E, 0x69, 0x30, 0x34, 0x36, 0x42, 0x07, 0x75, 0x6E, 0x69, 0x30, 0x34, 0x37, 0x33, 0x07,
  0x75, 0x6E, 0x69, 0x30, 0x34, 0x37, 0x35, 0x07, 0x75, 0x6E, 0x69, 0x30, 0x34, 0x39, 0x33, 0x07,
  0x75, 0x6E, 0x69, 0x30, 0x34, 0x39, 0x35, 0x07, 0x75, 0x6E, 0x69, 0x30, 0x34, 0x39, 0x37, 0x07,
  0x75, 0x6E, 0x69, 0x30, 0x34, 0x39, 0x39, 0x07, 0x75, 0x6E, 0x69, 0x30, 0x34, 0x39, 0x42, 0x07,
  0x75, 0x6E, 0x69, 0x30, 0x34, 0x39, 0x44, 0x07, 0x75, 0x6E, 0x69, 0x30, 0x34, 0x41, 0x31, 0x07,
  0x75, 0x6E, 0x69, 0x30, 0x34, 0x41, 0x33, 0x07, 0x75, 0x6E, 0x69, 0x30, 0x35, 0x32, 0x35, 0x07,
  0x75, 0x6E, 0x69, 0x30, 0x34, 0x41, 0x42, 0x07, 0x75, 0x6E, 0x69, 0x30, 0x34, 0x41, 0x44, 0x07,
  0x75, 0x6E, 0x69, 0x30, 0x34, 0x41, 0x46, 0x07, 0x75, 0x6E, 0x69, 0x30, 0x34, 0x42, 0x31, 0x07,
  0x75, 0x6E, 0x69, 0x30, 0x34, 0x42, 0x37, 0x07, 0x75, 0x6E, 0x69, 0x30, 0x34, 0x42, 0x39, 0x07,
  0x75, 0x6E, 0x69, 0x30, 0x34, 0x42, 0x42, 0x07, 0x75, 0x6E, 0x69, 0x30, 0x34, 0x43, 0x46, 0x07,
  0x75, 0x6E, 0x69, 0x30, 0x34, 0x43, 0x32, 0x07, 0x75, 0x6E, 0x69, 0x30, 0x34, 0x43, 0x43, 0x07,
  0x75, 0x6E, 0x69, 0x30, 0x34, 0x44, 0x31, 0x07, 0x75, 0x6E, 0x69, 0x30, 0x34, 0x44, 0x33, 0x07,
  0x75, 0x6E, 0x69, 0x30, 0x34, 0x44, 0x37, 0x07, 0x75, 0x6E, 0x69, 0x30, 0x34, 0x44, 0x39, 0x07,
  0x75, 0x6E, 0x69, 0x30, 0x34, 0x44, 0x44, 0x07, 0x75, 0x6E, 0x69, 0x30, 0x34, 0x44, 0x46, 0x07,
  0x75, 0x6E, 0x69, 0x30, 0x34, 0x45, 0x33, 0x07, 0x75, 0x6E, 0x69, 0x30, 0x34, 0x45, 0x35, 0x07,
  0x75, 0x6E, 0x69, 0x30, 0x34, 0x45, 0x37, 0x07, 0x75, 0x6E, 0x69, 0x30, 0x34, 0x45, 0x39, 0x07,
  0x75, 0x6E, 0x69, 0x30, 0x34, 0x45, 0x46, 0x07, 0x75, 0x6E, 0x69, 0x30, 0x34, 0x46, 0x31, 0x07,
  0x75, 0x6E, 0x69, 0x30, 0x34, 0x46, 0x33, 0x07, 0x75, 0x6E, 0x69, 0x30, 0x34, 0x46, 0x35, 0x07,
  0x75, 0x6E, 0x69, 0x30, 0x34, 0x46, 0x37, 0x07, 0x75, 0x6E, 0x69, 0x30, 0x34, 0x46, 0x39, 0x07,
  0x75, 0x6E, 0x69, 0x30, 0x35, 0x31, 0x42, 0x07, 0x75, 0x6E, 0x69, 0x30, 0x35, 0x31, 0x44, 0x07,
  0x75, 0x6E, 0x69, 0x30, 0x34, 0x41, 0x34, 0x07, 0x75, 0x6E, 0x69, 0x30, 0x34, 0x41, 0x35, 0x07,
  0x75, 0x6E, 0x69, 0x30, 0x34, 0x44, 0x34, 0x07, 0x75, 0x6E, 0x69, 0x30, 0x34, 0x44, 0x35, 0x05,
  0x41, 0x6C, 0x70, 0x68, 0x61, 0x04, 0x42, 0x65, 0x74, 0x61, 0x05, 0x47, 0x61, 0x6D, 0x6D, 0x61,
  0x07, 0x75, 0x6E, 0x69, 0x30, 0x33, 0x39, 0x34, 0x07, 0x45, 0x70, 0x73, 0x69, 0x6C, 0x6F, 0x6E,
  0x04, 0x5A, 0x65, 0x74, 0x61, 0x03, 0x45, 0x74, 0x61, 0x05, 0x54, 0x68, 0x65, 0x74, 0x61, 0x04,
  0x49, 0x6F, 0x74, 0x61, 0x05, 0x4B, 0x61, 0x70, 0x70, 0x61, 0x06, 0x4C, 0x61, 0x6D, 0x62, 0x64,
  0x61, 0x02, 0x4D, 0x75, 0x02, 0x4E, 0x75, 0x02, 0x58, 0x69, 0x07, 0x4F, 0x6D, 0x69, 0x63, 0x72,
  0x6F, 0x6E, 0x02, 0x50, 0x69, 0x03, 0x52, 0x68, 0x6F, 0x05, 0x53, 0x69, 0x67, 0x6D, 0x61, 0x03,
  0x54, 0x61, 0x75, 0x07, 0x55, 0x70, 0x73, 0x69, 0x6C, 0x6F, 0x6E, 0x03, 0x50, 0x68, 0x69, 0x03,
  0x43, 0x68, 0x69, 0x03, 0x50, 0x73, 0x69, 0x07, 0x75, 0x6E, 0x69, 0x30, 0x33, 0x41, 0x39, 0x0A,
  0x41, 0x6C, 0x70, 0x68, 0x61, 0x74, 0x6F, 0x6E, 0x6F, 0x73, 0x0C, 0x45, 0x70, 0x73, 0x69, 0x6C,
  0x6F, 0x6E, 0x74, 0x6F, 0x6E, 0x6F, 0x73, 0x08, 0x45, 0x74, 0x61, 0x74, 0x6F, 0x6E, 0x6F, 0x73,
  0x09, 0x49, 0x6F, 0x74, 0x61, 0x74, 0x6F, 0x6E, 0x6F, 0x73, 0x0C, 0x4F, 0x6D, 0x69, 0x63, 0x72,
  0x6F, 0x6E, 0x74, 0x6F, 0x6E, 0x6F, 0x73, 0x0C, 0x55, 0x70, 0x73, 0x69, 0x6C, 0x6F, 0x6E, 0x74,
  0x6F, 0x6E, 0x6F, 0x73, 0x0A, 0x4F, 0x6D, 0x65, 0x67, 0x61, 0x74, 0x6F, 0x6E, 0x6F, 0x73, 0x0C,
  0x49, 0x6F, 0x74, 0x61, 0x64, 0x69, 0x65, 0x72, 0x65, 0x73, 0x69, 0x73, 0x0F, 0x55, 0x70, 0x73,
  0x69, 0x6C, 0x6F, 0x6E, 0x64, 0x69, 0x65, 0x72, 0x65, 0x73, 0x69, 0x73, 0x05, 0x61, 0x6C, 0x70,
  0x68, 0x61, 0x04, 0x62, 0x65, 0x74, 0x61, 0x05, 0x67, 0x61, 0x6D, 0x6D, 0x61, 0x05, 0x64, 0x65,
  0x6C, 0x74, 0x61, 0x07, 0x65, 0x70, 0x73, 0x69, 0x6C, 0x6F, 0x6E, 0x04, 0x7A, 0x65, 0x74, 0x61,
  0x03, 0x65, 0x74, 0x61, 0x05, 0x74, 0x68, 0x65, 0x74, 0x61, 0x04, 0x69, 0x6F, 0x74, 0x61, 0x05,
  0x6B, 0x61, 0x70, 0x70, 0x61, 0x06, 0x6C, 0x61, 0x6D, 0x62, 0x64, 0x61, 0x07, 0x75, 0x6E, 0x69,
  0x30, 0x33, 0x42, 0x43, 0x02, 0x6E, 0x75, 0x02, 0x78, 0x69, 0x07, 0x6F, 0x6D, 0x69, 0x63, 0x72,
  0x6F, 0x6E, 0x03, 0x72, 0x68, 0x6F, 0x07, 0x75, 0x6E, 0x69, 0x30, 0x33, 0x43, 0x32, 0x05, 0x73,
  0x69, 0x67, 0x6D, 0x61, 0x03, 0x74, 0x61, 0x75, 0x07, 0x75, 0x70, 0x73, 0x69, 0x6C, 0x6F, 0x6E,
  0x03, 0x70, 0x68, 0x69, 0x03, 0x63, 0x68, 0x69, 0x03, 0x70, 0x73, 0x69, 0x05, 0x6F, 0x6D, 0x65,
  0x67, 0x61, 0x09, 0x69, 0x6F, 0x74, 0x61, 0x74, 0x6F, 0x6E, 0x6F, 0x73, 0x0C, 0x69, 0x6F, 0x74,
  0x61, 0x64, 0x69, 0x65, 0x72, 0x65, 0x73, 0x69, 0x73, 0x11, 0x69, 0x6F, 0x74, 0x61, 0x64, 0x69,
  0x65, 0x72, 0x65, 0x73, 0x69, 0x73, 0x74, 0x6F, 0x6E, 0x6F, 0x73, 0x0C, 0x75, 0x70, 0x73, 0x69,
  0x6C, 0x6F, 0x6E, 0x74, 0x6F, 0x6E, 0x6F, 0x73, 0x0F, 0x75, 0x70, 0x73, 0x69, 0x6C, 0x6F, 0x6E,
  0x64, 0x69, 0x65, 0x72, 0x65, 0x73, 0x69, 0x73, 0x14, 0x75, 0x70, 0x73, 0x69, 0x6C, 0x6F, 0x6E,
  0x64, 0x69, 0x65, 0x72, 0x65, 0x73, 0x69, 0x73, 0x74, 0x6F, 0x6E, 0x6F, 0x73, 0x0C, 0x6F, 0x6D,
  0x69, 0x63, 0x72, 0x6F, 0x6E, 0x74, 0x6F, 0x6E, 0x6F, 0x73, 0x0A, 0x6F, 0x6D, 0x65, 0x67, 0x61,
  0x74, 0x6F, 0x6E, 0x6F, 0x73, 0x0A, 0x61, 0x6C, 0x70, 0x68, 0x61, 0x74, 0x6F, 0x6E, 0x6F, 0x73,
  0x0C, 0x65, 0x70, 0x73, 0x69, 0x6C, 0x6F, 0x6E, 0x74, 0x6F, 0x6E, 0x6F, 0x73, 0x08, 0x65, 0x74,
  0x61, 0x74, 0x6F, 0x6E, 0x6F, 0x73, 0x07, 0x75, 0x6E, 0x69, 0x30, 0x33, 0x37, 0x41, 0x07, 0x75,
  0x6E, 0x69, 0x30, 0x30, 0x42, 0x39, 0x07, 0x75, 0x6E, 0x69, 0x30, 0x30, 0x42, 0x32, 0x07, 0x75,
  0x6E, 0x69, 0x30, 0x30, 0x42, 0x33, 0x07, 0x75, 0x6E, 0x69, 0x32, 0x30, 0x37, 0x34, 0x07, 0x75,
  0x6E, 0x69, 0x32, 0x30, 0x31, 0x35, 0x07, 0x75, 0x6E, 0x69, 0x30, 0x30, 0x41, 0x44, 0x09, 0x61,
  0x6E, 0x6F, 0x74, 0x65, 0x6C, 0x65, 0x69, 0x61, 0x07, 0x75, 0x6E, 0x69, 0x30, 0x33, 0x37, 0x45,
  0x07, 0x75, 0x6E, 0x69, 0x30, 0x30, 0x41, 0x30, 0x03, 0x44, 0x45, 0x4C, 0x07, 0x75, 0x6E, 0x69,
  0x32, 0x30, 0x41, 0x46, 0x04, 0x45, 0x75, 0x72, 0x6F, 0x07, 0x75, 0x6E, 0x69, 0x32, 0x30, 0x42,
  0x34, 0x07, 0x75, 0x6E, 0x69, 0x32, 0x30, 0x42, 0x44, 0x07, 0x75, 0x6E, 0x69, 0x32, 0x30, 0x42,
  0x38, 0x07, 0x75, 0x6E, 0x69, 0x32, 0x30, 0x41, 0x45, 0x07, 0x75, 0x6E, 0x69, 0x32, 0x32, 0x31,
  0x35, 0x07, 0x75, 0x6E, 0x69, 0x32, 0x32, 0x30, 0x36, 0x07, 0x75, 0x6E, 0x69, 0x30, 0x30, 0x42,
  0x35, 0x07, 0x61, 0x72, 0x72, 0x6F, 0x77, 0x75, 0x70, 0x0A, 0x61, 0x72, 0x72, 0x6F, 0x77, 0x72,
  0x69, 0x67, 0x68, 0x74, 0x09, 0x61, 0x72, 0x72, 0x6F, 0x77, 0x64, 0x6F, 0x77, 0x6E, 0x09, 0x61,
  0x72, 0x72, 0x6F, 0x77, 0x6C, 0x65, 0x66, 0x74, 0x07, 0x74, 0x72, 0x69, 0x61, 0x67, 0x75, 0x70,
  0x07, 0x75, 0x6E, 0x69, 0x32, 0x35, 0x42, 0x36, 0x07, 0x74, 0x72, 0x69, 0x61, 0x67, 0x64, 0x6E,
  0x07, 0x75, 0x6E, 0x69, 0x32, 0x35, 0x43, 0x30, 0x07, 0x75, 0x6E, 0x69, 0x32, 0x36, 0x30, 0x35,
  0x07, 0x75, 0x6E, 0x69, 0x32, 0x36, 0x30, 0x36, 0x05, 0x73, 0x70, 0x61, 0x64, 0x65, 0x04, 0x63,
  0x6C, 0x75, 0x62, 0x05, 0x68, 0x65, 0x61, 0x72, 0x74, 0x07, 0x64, 0x69, 0x61, 0x6D, 0x6F, 0x6E,
  0x64, 0x0B, 0x6D, 0x75, 0x73, 0x69, 0x63, 0x61, 0x6C, 0x6E, 0x6F, 0x74, 0x65, 0x07, 0x75, 0x6E,
  0x69, 0x46, 0x38, 0x46, 0x46, 0x07, 0x75, 0x6E, 0x69, 0x32, 0x31, 0x31, 0x36, 0x07, 0x75, 0x6E,
  0x69, 0x30, 0x32, 0x44, 0x37, 0x09, 0x67, 0x72, 0x61, 0x76, 0x65, 0x63, 0x6F, 0x6D, 0x62, 0x09,
  0x61, 0x63, 0x75, 0x74, 0x65, 0x63, 0x6F, 0x6D, 0x62, 0x07, 0x75, 0x6E, 0x69, 0x30, 0x33, 0x32,
  0x36, 0x07, 0x75, 0x6E, 0x69, 0x30, 0x33, 0x33, 0x35, 0x07, 0x75, 0x6E, 0x69, 0x30, 0x32, 0x42,
  0x43, 0x07, 0x75, 0x6E, 0x69, 0x30, 0x32, 0x43, 0x39, 0x07, 0x75, 0x6E, 0x69, 0x30, 0x32, 0x43,
  0x42, 0x07, 0x75, 0x6E, 0x69, 0x30, 0x32, 0x43, 0x41, 0x05, 0x74, 0x6F, 0x6E, 0x6F, 0x73, 0x0D,
  0x64, 0x69, 0x65, 0x72, 0x65, 0x73, 0x69, 0x73, 0x74, 0x6F, 0x6E, 0x6F, 0x73, 0x0B, 0x62, 0x72,
  0x65, 0x76, 0x65, 0x63, 0x6F, 0x6D, 0x62, 0x63, 0x79, 0x07, 0x75, 0x6E, 0x69, 0x46, 0x31, 0x30,
  0x30, 0x07, 0x75, 0x6E, 0x69, 0x46, 0x31, 0x30, 0x31, 0x00, 0x00, 0x00, 0x00, 0x01, 0x00, 0x01,
  0xFF, 0xFF, 0x00, 0x0F, 0x00, 0x00, 0x00, 0x00, 0x00, 0x00, 0x00, 0x00, 0x00, 0x00, 0x00, 0x00,
  0x00, 0x00, 0x00, 0x00, 0x00, 0x00, 0x00, 0x00, 0x00, 0x00, 0x00, 0x00, 0x00, 0x00, 0x00, 0x00,
  0x00, 0x00, 0x00, 0x00, 0x00, 0x00, 0x00, 0x00, 0x00, 0x00, 0x00, 0xFA, 0x00, 0xFA, 0x02, 0x71,
  0x00, 0x9C, 0x00, 0x7D, 0x00, 0x7D, 0x01, 0x77, 0x00, 0x5D, 0x03, 0xE8, 0x00, 0x7D, 0x02, 0xEE,
  0x00, 0x7D, 0x00, 0x00, 0x03, 0xE8, 0xFE, 0x8A, 0x03, 0xE8, 0x00, 0x7D, 0x02, 0xEE, 0x00, 0x7D,
  0x00, 0x00, 0x03, 0xE8, 0xFE, 0x8A, 0x00, 0xFA, 0x00, 0xFA, 0x02, 0x71, 0x00, 0x9C, 0x00, 0x7D,
  0x00, 0x7D, 0x01, 0x77, 0x00, 0x5D, 0x03, 0xE8, 0x00, 0x7D, 0x03, 0xE8, 0x02, 0xEE, 0x00, 0x7D,
  0x00, 0x00, 0x03, 0xE8, 0xFE, 0x8A, 0x03, 0xE8, 0x00, 0x7D, 0x03, 0xE8, 0x02, 0xEE, 0x00, 0x7D,
  0x00, 0x00, 0x03, 0xE8, 0xFE, 0x8A, 0x00, 0xFA, 0x00, 0xFA, 0x02, 0x71, 0x00, 0x9C, 0x00, 0x7D,
  0x00, 0x7D, 0x01, 0x77, 0x00, 0x5D, 0x03, 0xE8, 0x00, 0x7D, 0x03, 0xE8, 0x02, 0xEE, 0x00, 0x7D,
  0x00, 0x00, 0x03, 0xE8, 0xFE, 0x8A, 0x03, 0xE8, 0x00, 0x7D, 0x03, 0xE8, 0x02, 0xEE, 0x00, 0x7D,
  0x00, 0x00, 0x03, 0xE8, 0xFE, 0x8A, 0x00, 0xFA, 0x00, 0xFA, 0x02, 0x71, 0x00, 0x9C, 0x00, 0x7D,
  0x00, 0x7D, 0x01, 0x77, 0x00, 0x5D, 0x03, 0xE8, 0x00, 0x7D, 0x03, 0xE8, 0x02, 0xEE, 0x00, 0x7D,
  0x00, 0x00, 0x03, 0xE8, 0xFE, 0x8A, 0x03, 0xE8, 0x00, 0x7D, 0x03, 0xE8, 0x02, 0xEE, 0x00, 0x7D,
  0x00, 0x00, 0x03, 0xE8, 0xFE, 0x8A, 0x00, 0x00, 0xB0, 0x00, 0x2C, 0x20, 0xB0, 0x00, 0x55, 0x58,
  0x45, 0x59, 0x20, 0x20, 0x4B, 0xB8, 0x00, 0x0E, 0x51, 0x4B, 0xB0, 0x06, 0x53, 0x5A, 0x58, 0xB0,
  0x34, 0x1B, 0xB0, 0x28, 0x59, 0x60, 0x66, 0x20, 0x8A, 0x55, 0x58, 0xB0, 0x02, 0x25, 0x61, 0xB9,
  0x08, 0x00, 0x08, 0x00, 0x63, 0x63, 0x23, 0x62, 0x1B, 0x21, 0x21, 0xB0, 0x00, 0x59, 0xB0, 0x00,
  0x43, 0x23, 0x44, 0xB2, 0x00, 0x01, 0x00, 0x43, 0x60, 0x42, 0x2D, 0xB0, 0x01, 0x2C, 0xB0, 0x20,
  0x60, 0x66, 0x2D, 0xB0, 0x02, 0x2C, 0x20, 0x64, 0x20, 0xB0, 0xC0, 0x50, 0xB0, 0x04, 0x26, 0x5A,
  0xB2, 0x28, 0x01, 0x0A, 0x43, 0x45, 0x63, 0x45, 0xB0, 0x06, 0x45, 0x58, 0x21, 0xB0, 0x03, 0x25,
  0x59, 0x52, 0x5B, 0x58, 0x21, 0x23, 0x21, 0x1B, 0x8A, 0x58, 0x20, 0xB0, 0x50, 0x50, 0x58, 0x21,
  0xB0, 0x40, 0x59, 0x1B, 0x20, 0xB0, 0x38, 0x50, 0x58, 0x21, 0xB0, 0x38, 0x59, 0x59, 0x20, 0xB1,
  0x01, 0x0A, 0x43, 0x45, 0x63, 0x45, 0x61, 0x64, 0xB0, 0x28, 0x50, 0x58, 0x21, 0xB1, 0x01, 0x0A,
  0x43, 0x45, 0x63, 0x45, 0x20, 0xB0, 0x30, 0x50, 0x58, 0x21, 0xB0, 0x30, 0x59, 0x1B, 0x20, 0xB0,
  0xC0, 0x50, 0x58, 0x20, 0x66, 0x20, 0x8A, 0x8A, 0x61, 0x20, 0xB0, 0x0A, 0x50, 0x58, 0x60, 0x1B,
  0x20, 0xB0, 0x20, 0x50, 0x58, 0x21, 0xB0, 0x0A, 0x60, 0x1B, 0x20, 0xB0, 0x36, 0x50, 0x58, 0x21,
  0xB0, 0x36, 0x60, 0x1B, 0x60, 0x59, 0x59, 0x59, 0x1B, 0xB0, 0x01, 0x2B, 0x59, 0x59, 0x23, 0xB0,
  0x00, 0x50, 0x58, 0x65, 0x59, 0x59, 0x2D, 0xB0, 0x03, 0x2C, 0x20, 0x45, 0x20, 0xB0, 0x04, 0x25,
  0x61, 0x64, 0x20, 0xB0, 0x05, 0x43, 0x50, 0x58, 0xB0, 0x05, 0x23, 0x42, 0xB0, 0x06, 0x23, 0x42,
  0x1B, 0x21, 0x21, 0x59, 0xB0, 0x01, 0x60, 0x2D, 0xB0, 0x04, 0x2C, 0x23, 0x21, 0x23, 0x21, 0x20,
  0x64, 0xB1, 0x05, 0x62, 0x42, 0x20, 0xB0, 0x06, 0x23, 0x42, 0xB0, 0x06, 0x45, 0x58, 0x1B, 0xB1,
  0x01, 0x0A, 0x43, 0x45, 0x63, 0xB1, 0x01, 0x0A, 0x43, 0xB0, 0x04, 0x60, 0x45, 0x63, 0xB0, 0x03,
  0x2A, 0x21, 0x20, 0xB0, 0x06, 0x43, 0x20, 0x8A, 0x20, 0x8A, 0xB0, 0x01, 0x2B, 0xB1, 0x30, 0x05,
  0x25, 0xB0, 0x04, 0x26, 0x51, 0x58, 0x60, 0x50, 0x1B, 0x61, 0x52, 0x59, 0x58, 0x23, 0x59, 0x21,
  0x59, 0x20, 0xB0, 0x40, 0x53, 0x58, 0xB0, 0x01, 0x2B, 0x1B, 0x21, 0xB0, 0x40, 0x59, 0x23, 0xB0,
  0x00, 0x50, 0x58, 0x65, 0x59, 0x2D, 0xB0, 0x05, 0x2C, 0xB0, 0x07, 0x43, 0x2B, 0xB2, 0x00, 0x02,
  0x00, 0x43, 0x60, 0x42, 0x2D, 0xB0, 0x06, 0x2C, 0xB0, 0x07, 0x23, 0x42, 0x23, 0x20, 0xB0, 0x00,
  0x23, 0x42, 0x61, 0xB0, 0x02, 0x62, 0x66, 0xB0, 0x01, 0x63, 0xB0, 0x01, 0x60, 0xB0, 0x05, 0x2A,
  0x2D, 0xB0, 0x07, 0x2C, 0x20, 0x20, 0x45, 0x20, 0xB0, 0x0B, 0x43, 0x63, 0xB8, 0x04, 0x00, 0x62,
  0x20, 0xB0, 0x00, 0x50, 0x58, 0xB0, 0x40, 0x60, 0x59, 0x66, 0xB0, 0x01, 0x63, 0x60, 0x44, 0xB0,
  0x01, 0x60, 0x2D, 0xB0, 0x08, 0x2C, 0xB2, 0x07, 0x0B, 0x00, 0x43, 0x45, 0x42, 0x2A, 0x21, 0xB2,
  0x00, 0x01, 0x00, 0x43, 0x60, 0x42, 0x2D, 0xB0, 0x09, 0x2C, 0xB0, 0x00, 0x43, 0x23, 0x44, 0xB2,
  0x00, 0x01, 0x00, 0x43, 0x60, 0x42, 0x2D, 0xB0, 0x0A, 0x2C, 0x20, 0x20, 0x45, 0x20, 0xB0, 0x01,
  0x2B, 0x23, 0xB0, 0x00, 0x43, 0xB0, 0x04, 0x25, 0x60, 0x20, 0x45, 0x8A, 0x23, 0x61, 0x20, 0x64,
  0x20, 0xB0, 0x20, 0x50, 0x58, 0x21, 0xB0, 0x00, 0x1B, 0xB0, 0x30, 0x50, 0x58, 0xB0, 0x20, 0x1B,
  0xB0, 0x40, 0x59, 0x59, 0x23, 0xB0, 0x00, 0x50, 0x58, 0x65, 0x59, 0xB0, 0x03, 0x25, 0x23, 0x61,
  0x44, 0x44, 0xB0, 0x01, 0x60, 0x2D, 0xB0, 0x0B, 0x2C, 0x20, 0x20, 0x45, 0x20, 0xB0, 0x01, 0x2B,
  0x23, 0xB0, 0x00, 0x43, 0xB0, 0x04, 0x25, 0x60, 0x20, 0x45, 0x8A, 0x23, 0x61, 0x20, 0x64, 0xB0,
  0x24, 0x50, 0x58, 0xB0, 0x00, 0x1B, 0xB0, 0x40, 0x59, 0x23, 0xB0, 0x00, 0x50, 0x58, 0x65, 0x59,
  0xB0, 0x03, 0x25, 0x23, 0x61, 0x44, 0x44, 0xB0, 0x01, 0x60, 0x2D, 0xB0, 0x0C, 0x2C, 0x20, 0xB0,
  0x00, 0x23, 0x42, 0xB2, 0x0B, 0x0A, 0x03, 0x45, 0x58, 0x21, 0x1B, 0x23, 0x21, 0x59, 0x2A, 0x21,
  0x2D, 0xB0, 0x0D, 0x2C, 0xB1, 0x02, 0x02, 0x45, 0xB0, 0x64, 0x61, 0x44, 0x2D, 0xB0, 0x0E, 0x2C,
  0xB0, 0x01, 0x60, 0x20, 0x20, 0xB0, 0x0C, 0x43, 0x4A, 0xB0, 0x00, 0x50, 0x58, 0x20, 0xB0, 0x0C,
  0x23, 0x42, 0x59, 0xB0, 0x0D, 0x43, 0x4A, 0xB0, 0x00, 0x52, 0x58, 0x20, 0xB0, 0x0D, 0x23, 0x42,
  0x59, 0x2D, 0xB0, 0x0F, 0x2C, 0x20, 0xB0, 0x10, 0x62, 0x66, 0xB0, 0x01, 0x63, 0x20, 0xB8, 0x04,
  0x00, 0x63, 0x8A, 0x23, 0x61, 0xB0, 0x0E, 0x43, 0x60, 0x20, 0x8A, 0x60, 0x20, 0xB0, 0x0E, 0x23,
  0x42, 0x23, 0x2D, 0xB0, 0x10, 0x2C, 0x4B, 0x54, 0x58, 0xB1, 0x04, 0x64, 0x44, 0x59, 0x24, 0xB0,
  0x0D, 0x65, 0x23, 0x78, 0x2D, 0xB0, 0x11, 0x2C, 0x4B, 0x51, 0x58, 0x4B, 0x53, 0x58, 0xB1, 0x04,
  0x64, 0x44, 0x59, 0x1B, 0x21, 0x59, 0x24, 0xB0, 0x13, 0x65, 0x23, 0x78, 0x2D, 0xB0, 0x12, 0x2C,
  0xB1, 0x00, 0x0F, 0x43, 0x55, 0x58, 0xB1, 0x0F, 0x0F, 0x43, 0xB0, 0x01, 0x61, 0x42, 0xB0, 0x0F,
  0x2B, 0x59, 0xB0, 0x00, 0x43, 0xB0, 0x02, 0x25, 0x42, 0xB1, 0x0C, 0x02, 0x25, 0x42, 0xB1, 0x0D,
  0x02, 0x25, 0x42, 0xB0, 0x01, 0x16, 0x23, 0x20, 0xB0, 0x03, 0x25, 0x50, 0x58, 0xB1, 0x01, 0x00,
  0x43, 0x60, 0xB0, 0x04, 0x25, 0x42, 0x8A, 0x8A, 0x20, 0x8A, 0x23, 0x61, 0xB0, 0x0E, 0x2A, 0x21,
  0x23, 0xB0, 0x01, 0x61, 0x20, 0x8A, 0x23, 0x61, 0xB0, 0x0E, 0x2A, 0x21, 0x1B, 0xB1, 0x01, 0x00,
  0x43, 0x60, 0xB0, 0x02, 0x25, 0x42, 0xB0, 0x02, 0x25, 0x61, 0xB0, 0x0E, 0x2A, 0x21, 0x59, 0xB0,
  0x0C, 0x43, 0x47, 0xB0, 0x0D, 0x43, 0x47, 0x60, 0xB0, 0x02, 0x62, 0x20, 0xB0, 0x00, 0x50, 0x58,
  0xB0, 0x40, 0x60, 0x59, 0x66, 0xB0, 0x01, 0x63, 0x20, 0xB0, 0x0B, 0x43, 0x63, 0xB8, 0x04, 0x00,
  0x62, 0x20, 0xB0, 0x00, 0x50, 0x58, 0xB0, 0x40, 0x60, 0x59, 0x66, 0xB0, 0x01, 0x63, 0x60, 0xB1,
  0x00, 0x00, 0x13, 0x23, 0x44, 0xB0, 0x01, 0x43, 0xB0, 0x00, 0x3E, 0xB2, 0x01, 0x01, 0x01, 0x43,
  0x60, 0x42, 0x2D, 0xB0, 0x13, 0x2C, 0x00, 0xB1, 0x00, 0x02, 0x45, 0x54, 0x58, 0xB0, 0x0F, 0x23,
  0x42, 0x20, 0x45, 0xB0, 0x0B, 0x23, 0x42, 0xB0, 0x0A, 0x23, 0xB0, 0x04, 0x60, 0x42, 0x20, 0x60,
  0xB0, 0x01, 0x61, 0xB5, 0x11, 0x11, 0x01, 0x00, 0x0E, 0x00, 0x42, 0x42, 0x8A, 0x60, 0xB1, 0x12,
  0x06, 0x2B, 0xB0, 0x89, 0x2B, 0x1B, 0x22, 0x59, 0x2D, 0xB0, 0x14, 0x2C, 0xB1, 0x00, 0x13, 0x2B,
  0x2D, 0xB0, 0x15, 0x2C, 0xB1, 0x01, 0x13, 0x2B, 0x2D, 0xB0, 0x16, 0x2C, 0xB1, 0x02, 0x13, 0x2B,
  0x2D, 0xB0, 0x17, 0x2C, 0xB1, 0x03, 0x13, 0x2B, 0x2D, 0xB0, 0x18, 0x2C, 0xB1, 0x04, 0x13, 0x2B,
  0x2D, 0xB0, 0x19, 0x2C, 0xB1, 0x05, 0x13, 0x2B, 0x2D, 0xB0, 0x1A, 0x2C, 0xB1, 0x06, 0x13, 0x2B,
  0x2D, 0xB0, 0x1B, 0x2C, 0xB1, 0x07, 0x13, 0x2B, 0x2D, 0xB0, 0x1C, 0x2C, 0xB1, 0x08, 0x13, 0x2B,
  0x2D, 0xB0, 0x1D, 0x2C, 0xB1, 0x09, 0x13, 0x2B, 0x2D, 0xB0, 0x29, 0x2C, 0x23, 0x20, 0xB0, 0x10,
  0x62, 0x66, 0xB0, 0x01, 0x63, 0xB0, 0x06, 0x60, 0x4B, 0x54, 0x58, 0x23, 0x20, 0x2E, 0xB0, 0x01,
  0x5D, 0x1B, 0x21, 0x21, 0x59, 0x2D, 0xB0, 0x2A, 0x2C, 0x23, 0x20, 0xB0, 0x10, 0x62, 0x66, 0xB0,
  0x01, 0x63, 0xB0, 0x16, 0x60, 0x4B, 0x54, 0x58, 0x23, 0x20, 0x2E, 0xB0, 0x01, 0x71, 0x1B, 0x21,
  0x21, 0x59, 0x2D, 0xB0, 0x2B, 0x2C, 0x23, 0x20, 0xB0, 0x10, 0x62, 0x66, 0xB0, 0x01, 0x63, 0xB0,
  0x26, 0x60, 0x4B, 0x54, 0x58, 0x23, 0x20, 0x2E, 0xB0, 0x01, 0x72, 0x1B, 0x21, 0x21, 0x59, 0x2D,
  0xB0, 0x1E, 0x2C, 0x00, 0xB0, 0x0D, 0x2B, 0xB1, 0x00, 0x02, 0x45, 0x54, 0x58, 0xB0, 0x0F, 0x23,
  0x42, 0x20, 0x45, 0xB0, 0x0B, 0x23, 0x42, 0xB0, 0x0A, 0x23, 0xB0, 0x04, 0x60, 0x42, 0x20, 0x60,
  0xB0, 0x01, 0x61, 0xB5, 0x11, 0x11, 0x01, 0x00, 0x0E, 0x00, 0x42, 0x42, 0x8A, 0x60, 0xB1, 0x12,
  0x06, 0x2B, 0xB0, 0x89, 0x2B, 0x1B, 0x22, 0x59, 0x2D, 0xB0, 0x1F, 0x2C, 0xB1, 0x00, 0x1E, 0x2B,
  0x2D, 0xB0, 0x20, 0x2C, 0xB1, 0x01, 0x1E, 0x2B, 0x2D, 0xB0, 0x21, 0x2C, 0xB1, 0x02, 0x1E, 0x2B,
  0x2D, 0xB0, 0x22, 0x2C, 0xB1, 0x03, 0x1E, 0x2B, 0x2D, 0xB0, 0x23, 0x2C, 0xB1, 0x04, 0x1E, 0x2B,
  0x2D, 0xB0, 0x24, 0x2C, 0xB1, 0x05, 0x1E, 0x2B, 0x2D, 0xB0, 0x25, 0x2C, 0xB1, 0x06, 0x1E, 0x2B,
  0x2D, 0xB0, 0x26, 0x2C, 0xB1, 0x07, 0x1E, 0x2B, 0x2D, 0xB0, 0x27, 0x2C, 0xB1, 0x08, 0x1E, 0x2B,
  0x2D, 0xB0, 0x28, 0x2C, 0xB1, 0x09, 0x1E, 0x2B, 0x2D, 0xB0, 0x2C, 0x2C, 0x20, 0x3C, 0xB0, 0x01,
  0x60, 0x2D, 0xB0, 0x2D, 0x2C, 0x20, 0x60, 0xB0, 0x11, 0x60, 0x20, 0x43, 0x23, 0xB0, 0x01, 0x60,
  0x43, 0xB0, 0x02, 0x25, 0x61, 0xB0, 0x01, 0x60, 0xB0, 0x2C, 0x2A, 0x21, 0x2D, 0xB0, 0x2E, 0x2C,
  0xB0, 0x2D, 0x2B, 0xB0, 0x2D, 0x2A, 0x2D, 0xB0, 0x2F, 0x2C, 0x20, 0x20, 0x47, 0x20, 0x20, 0xB0,
  0x0B, 0x43, 0x63, 0xB8, 0x04, 0x00, 0x62, 0x20, 0xB0, 0x00, 0x50, 0x58, 0xB0, 0x40, 0x60, 0x59,
  0x66, 0xB0, 0x01, 0x63, 0x60, 0x23, 0x61, 0x38, 0x23, 0x20, 0x8A, 0x55, 0x58, 0x20, 0x47, 0x20,
  0x20, 0xB0, 0x0B, 0x43, 0x63, 0xB8, 0x04, 0x00, 0x62, 0x20, 0xB0, 0x00, 0x50, 0x58, 0xB0, 0x40,
  0x60, 0x59, 0x66, 0xB0, 0x01, 0x63, 0x60, 0x23, 0x61, 0x38, 0x1B, 0x21, 0x59, 0x2D, 0xB0, 0x30,
  0x2C, 0x00, 0xB1, 0x00, 0x02, 0x45, 0x54, 0x58, 0xB0, 0x01, 0x16, 0xB0, 0x2F, 0x2A, 0xB1, 0x05,
  0x01, 0x15, 0x45, 0x58, 0x30, 0x59, 0x1B, 0x22, 0x59, 0x2D, 0xB0, 0x31, 0x2C, 0x00, 0xB0, 0x0D,
  0x2B, 0xB1, 0x00, 0x02, 0x45, 0x54, 0x58, 0xB0, 0x01, 0x16, 0xB0, 0x2F, 0x2A, 0xB1, 0x05, 0x01,
  0x15, 0x45, 0x58, 0x30, 0x59, 0x1B, 0x22, 0x59, 0x2D, 0xB0, 0x32, 0x2C, 0x20, 0x35, 0xB0, 0x01,
  0x60, 0x2D, 0xB0, 0x33, 0x2C, 0x00, 0xB0, 0x01, 0x45, 0x63, 0xB8, 0x04, 0x00, 0x62, 0x20, 0xB0,
  0x00, 0x50, 0x58, 0xB0, 0x40, 0x60, 0x59, 0x66, 0xB0, 0x01, 0x63, 0xB0, 0x01, 0x2B, 0xB0, 0x0B,
  0x43, 0x63, 0xB8, 0x04, 0x00, 0x62, 0x20, 0xB0, 0x00, 0x50, 0x58, 0xB0, 0x40, 0x60, 0x59, 0x66,
  0xB0, 0x01, 0x63, 0xB0, 0x01, 0x2B, 0xB0, 0x00, 0x16, 0xB4, 0x00, 0x00, 0x00, 0x00, 0x00, 0x44,
  0x3E, 0x23, 0x38, 0xB1, 0x32, 0x01, 0x15, 0x2A, 0x21, 0x2D, 0xB0, 0x34, 0x2C, 0x20, 0x3C, 0x20,
  0x47, 0x20, 0xB0, 0x0B, 0x43, 0x63, 0xB8, 0x04, 0x00, 0x62, 0x20, 0xB0, 0x00, 0x50, 0x58, 0xB0,
  0x40, 0x60, 0x59, 0x66, 0xB0, 0x01, 0x63, 0x60, 0xB0, 0x00, 0x43, 0x61, 0x38, 0x2D, 0xB0, 0x35,
  0x2C, 0x2E, 0x17, 0x3C, 0x2D, 0xB0, 0x36, 0x2C, 0x20, 0x3C, 0x20, 0x47, 0x20, 0xB0, 0x0B, 0x43,
  0x63, 0xB8, 0x04, 0x00, 0x62, 0x20, 0xB0, 0x00, 0x50, 0x58, 0xB0, 0x40, 0x60, 0x59, 0x66, 0xB0,
  0x01, 0x63, 0x60, 0xB0, 0x00, 0x43, 0x61, 0xB0, 0x01, 0x43, 0x63, 0x38, 0x2D, 0xB0, 0x37, 0x2C,
  0xB1, 0x02, 0x00, 0x16, 0x25, 0x20, 0x2E, 0x20, 0x47, 0xB0, 0x00, 0x23, 0x42, 0xB0, 0x02, 0x25,
  0x49, 0x8A, 0x8A, 0x47, 0x23, 0x47, 0x23, 0x61, 0x20, 0x58, 0x62, 0x1B, 0x21, 0x59, 0xB0, 0x01,
  0x23, 0x42, 0xB2, 0x36, 0x01, 0x01, 0x15, 0x14, 0x2A, 0x2D, 0xB0, 0x38, 0x2C, 0xB0, 0x00, 0x16,
  0xB0, 0x10, 0x23, 0x42, 0xB0, 0x04, 0x25, 0xB0, 0x04, 0x25, 0x47, 0x23, 0x47, 0x23, 0x61, 0xB0,
  0x09, 0x43, 0x2B, 0x65, 0x8A, 0x2E, 0x23, 0x20, 0x20, 0x3C, 0x8A, 0x38, 0x2D, 0xB0, 0x39, 0x2C,
  0xB0, 0x00, 0x16, 0xB0, 0x10, 0x23, 0x42, 0xB0, 0x04, 0x25, 0xB0, 0x04, 0x25, 0x20, 0x2E, 0x47,
  0x23, 0x47, 0x23, 0x61, 0x20, 0xB0, 0x04, 0x23, 0x42, 0xB0, 0x09, 0x43, 0x2B, 0x20, 0xB0, 0x60,
  0x50, 0x58, 0x20, 0xB0, 0x40, 0x51, 0x58, 0xB3, 0x02, 0x20, 0x03, 0x20, 0x1B, 0xB3, 0x02, 0x26,
  0x03, 0x1A, 0x59, 0x42, 0x42, 0x23, 0x20, 0xB0, 0x08, 0x43, 0x20, 0x8A, 0x23, 0x47, 0x23, 0x47,
  0x23, 0x61, 0x23, 0x46, 0x60, 0xB0, 0x04, 0x43, 0xB0, 0x02, 0x62, 0x20, 0xB0, 0x00, 0x50, 0x58,
  0xB0, 0x40, 0x60, 0x59, 0x66, 0xB0, 0x01, 0x63, 0x60, 0x20, 0xB0, 0x01, 0x2B, 0x20, 0x8A, 0x8A,
  0x61, 0x20, 0xB0, 0x02, 0x43, 0x60, 0x64, 0x23, 0xB0, 0x03, 0x43, 0x61, 0x64, 0x50, 0x58, 0xB0,
  0x02, 0x43, 0x61, 0x1B, 0xB0, 0x03, 0x43, 0x60, 0x59, 0xB0, 0x03, 0x25, 0xB0, 0x02, 0x62, 0x20,
  0xB0, 0x00, 0x50, 0x58, 0xB0, 0x40, 0x60, 0x59, 0x66, 0xB0, 0x01, 0x63, 0x61, 0x23, 0x20, 0x20,
  0xB0, 0x04, 0x26, 0x23, 0x46, 0x61, 0x38, 0x1B, 0x23, 0xB0, 0x08, 0x43, 0x46, 0xB0, 0x02, 0x25,
  0xB0, 0x08, 0x43, 0x47, 0x23, 0x47, 0x23, 0x61, 0x60, 0x20, 0xB0, 0x04, 0x43, 0xB0, 0x02, 0x62,
  0x20, 0xB0, 0x00, 0x50, 0x58, 0xB0, 0x40, 0x60, 0x59, 0x66, 0xB0, 0x01, 0x63, 0x60, 0x23, 0x20,
  0xB0, 0x01, 0x2B, 0x23, 0xB0, 0x04, 0x43, 0x60, 0xB0, 0x01, 0x2B, 0xB0, 0x05, 0x25, 0x61, 0xB0,
  0x05, 0x25, 0xB0, 0x02, 0x62, 0x20, 0xB0, 0x00, 0x50, 0x58, 0xB0, 0x40, 0x60, 0x59, 0x66, 0xB0,
  0x01, 0x63, 0xB0, 0x04, 0x26, 0x61, 0x20, 0xB0, 0x04, 0x25, 0x60, 0x64, 0x23, 0xB0, 0x03, 0x25,
  0x60, 0x64, 0x50, 0x58, 0x21, 0x1B, 0x23, 0x21, 0x59, 0x23, 0x20, 0x20, 0xB0, 0x04, 0x26, 0x23,
  0x46, 0x61, 0x38, 0x59, 0x2D, 0xB0, 0x3A, 0x2C, 0xB0, 0x00, 0x16, 0xB0, 0x10, 0x23, 0x42, 0x20,
  0x20, 0x20, 0xB0, 0x05, 0x26, 0x20, 0x2E, 0x47, 0x23, 0x47, 0x23, 0x61, 0x23, 0x3C, 0x38, 0x2D,
  0xB0, 0x3B, 0x2C, 0xB0, 0x00, 0x16, 0xB0, 0x10, 0x23, 0x42, 0x20, 0xB0, 0x08, 0x23, 0x42, 0x20,
  0x20, 0x20, 0x46, 0x23, 0x47, 0xB0, 0x01, 0x2B, 0x23, 0x61, 0x38, 0x2D, 0xB0, 0x3C, 0x2C, 0xB0,
  0x00, 0x16, 0xB0, 0x10, 0x23, 0x42, 0xB0, 0x03, 0x25, 0xB0, 0x02, 0x25, 0x47, 0x23, 0x47, 0x23,
  0x61, 0xB0, 0x00, 0x54, 0x58, 0x2E, 0x20, 0x3C, 0x23, 0x21, 0x1B, 0xB0, 0x02, 0x25, 0xB0, 0x02,
  0x25, 0x47, 0x23, 0x47, 0x23, 0x61, 0x20, 0xB0, 0x05, 0x25, 0xB0, 0x04, 0x25, 0x47, 0x23, 0x47,
  0x23, 0x61, 0xB0, 0x06, 0x25, 0xB0, 0x05, 0x25, 0x49, 0xB0, 0x02, 0x25, 0x61, 0xB9, 0x08, 0x00,
  0x08, 0x00, 0x63, 0x63, 0x23, 0x20, 0x58, 0x62, 0x1B, 0x21, 0x59, 0x63, 0xB8, 0x04, 0x00, 0x62,
  0x20, 0xB0, 0x00, 0x50, 0x58, 0xB0, 0x40, 0x60, 0x59, 0x66, 0xB0, 0x01, 0x63, 0x60, 0x23, 0x2E,
  0x23, 0x20, 0x20, 0x3C, 0x8A, 0x38, 0x23, 0x21, 0x59, 0x2D, 0xB0, 0x3D, 0x2C, 0xB0, 0x00, 0x16,
  0xB0, 0x10, 0x23, 0x42, 0x20, 0xB0, 0x08, 0x43, 0x20, 0x2E, 0x47, 0x23, 0x47, 0x23, 0x61, 0x20,
  0x60, 0xB0, 0x20, 0x60, 0x66, 0xB0, 0x02, 0x62, 0x20, 0xB0, 0x00, 0x50, 0x58, 0xB0, 0x40, 0x60,
  0x59, 0x66, 0xB0, 0x01, 0x63, 0x23, 0x20, 0x20, 0x3C, 0x8A, 0x38, 0x2D, 0xB0, 0x3E, 0x2C, 0x23,
  0x20, 0x2E, 0x46, 0xB0, 0x02, 0x25, 0x46, 0xB0, 0x10, 0x43, 0x58, 0x50, 0x1B, 0x52, 0x59, 0x58,
  0x20, 0x3C, 0x59, 0x2E, 0xB1, 0x2E, 0x01, 0x14, 0x2B, 0x2D, 0xB0, 0x3F, 0x2C, 0x23, 0x20, 0x2E,
  0x46, 0xB0, 0x02, 0x25, 0x46, 0xB0, 0x10, 0x43, 0x58, 0x52, 0x1B, 0x50, 0x59, 0x58, 0x20, 0x3C,
  0x59, 0x2E, 0xB1, 0x2E, 0x01, 0x14, 0x2B, 0x2D, 0xB0, 0x40, 0x2C, 0x23, 0x20, 0x2E, 0x46, 0xB0,
  0x02, 0x25, 0x46, 0xB0, 0x10, 0x43, 0x58, 0x50, 0x1B, 0x52, 0x59, 0x58, 0x20, 0x3C, 0x59, 0x23,
  0x20, 0x2E, 0x46, 0xB0, 0x02, 0x25, 0x46, 0xB0, 0x10, 0x43, 0x58, 0x52, 0x1B, 0x50, 0x59, 0x58,
  0x20, 0x3C, 0x59, 0x2E, 0xB1, 0x2E, 0x01, 0x14, 0x2B, 0x2D, 0xB0, 0x41, 0x2C, 0xB0, 0x38, 0x2B,
  0x23, 0x20, 0x2E, 0x46, 0xB0, 0x02, 0x25, 0x46, 0xB0, 0x10, 0x43, 0x58, 0x50, 0x1B, 0x52, 0x59,
  0x58, 0x20, 0x3C, 0x59, 0x2E, 0xB1, 0x2E, 0x01, 0x14, 0x2B, 0x2D, 0xB0, 0x42, 0x2C, 0xB0, 0x39,
  0x2B, 0x8A, 0x20, 0x20, 0x3C, 0xB0, 0x04, 0x23, 0x42, 0x8A, 0x38, 0x23, 0x20, 0x2E, 0x46, 0xB0,
  0x02, 0x25, 0x46, 0xB0, 0x10, 0x43, 0x58, 0x50, 0x1B, 0x52, 0x59, 0x58, 0x20, 0x3C, 0x59, 0x2E,
  0xB1, 0x2E, 0x01, 0x14, 0x2B, 0xB0, 0x04, 0x43, 0x2E, 0xB0, 0x2E, 0x2B, 0x2D, 0xB0, 0x43, 0x2C,
  0xB0, 0x00, 0x16, 0xB0, 0x04, 0x25, 0xB0, 0x04, 0x26, 0x20, 0x2E, 0x47, 0x23, 0x47, 0x23, 0x61,
  0xB0, 0x09, 0x43, 0x2B, 0x23, 0x20, 0x3C, 0x20, 0x2E, 0x23, 0x38, 0xB1, 0x2E, 0x01, 0x14, 0x2B,
  0x2D, 0xB0, 0x44, 0x2C, 0xB1, 0x08, 0x04, 0x25, 0x42, 0xB0, 0x00, 0x16, 0xB0, 0x04, 0x25, 0xB0,
  0x04, 0x25, 0x20, 0x2E, 0x47, 0x23, 0x47, 0x23, 0x61, 0x20, 0xB0, 0x04, 0x23, 0x42, 0xB0, 0x09,
  0x43, 0x2B, 0x20, 0xB0, 0x60, 0x50, 0x58, 0x20, 0xB0, 0x40, 0x51, 0x58, 0xB3, 0x02, 0x20, 0x03,
  0x20, 0x1B, 0xB3, 0x02, 0x26, 0x03, 0x1A, 0x59, 0x42, 0x42, 0x23, 0x20, 0x47, 0xB0, 0x04, 0x43,
  0xB0, 0x02, 0x62, 0x20, 0xB0, 0x00, 0x50, 0x58, 0xB0, 0x40, 0x60, 0x59, 0x66, 0xB0, 0x01, 0x63,
  0x60, 0x20, 0xB0, 0x01, 0x2B, 0x20, 0x8A, 0x8A, 0x61, 0x20, 0xB0, 0x02, 0x43, 0x60, 0x64, 0x23,
  0xB0, 0x03, 0x43, 0x61, 0x64, 0x50, 0x58, 0xB0, 0x02, 0x43, 0x61, 0x1B, 0xB0, 0x03, 0x43, 0x60,
  0x59, 0xB0, 0x03, 0x25, 0xB0, 0x02, 0x62, 0x20, 0xB0, 0x00, 0x50, 0x58, 0xB0, 0x40, 0x60, 0x59,
  0x66, 0xB0, 0x01, 0x63, 0x61, 0xB0, 0x02, 0x25, 0x46, 0x61, 0x38, 0x23, 0x20, 0x3C, 0x23, 0x38,
  0x1B, 0x21, 0x20, 0x20, 0x46, 0x23, 0x47, 0xB0, 0x01, 0x2B, 0x23, 0x61, 0x38, 0x21, 0x59, 0xB1,
  0x2E, 0x01, 0x14, 0x2B, 0x2D, 0xB0, 0x45, 0x2C, 0xB1, 0x00, 0x38, 0x2B, 0x2E, 0xB1, 0x2E, 0x01,
  0x14, 0x2B, 0x2D, 0xB0, 0x46, 0x2C, 0xB1, 0x00, 0x39, 0x2B, 0x21, 0x23, 0x20, 0x20, 0x3C, 0xB0,
  0x04, 0x23, 0x42, 0x23, 0x38, 0xB1, 0x2E, 0x01, 0x14, 0x2B, 0xB0, 0x04, 0x43, 0x2E, 0xB0, 0x2E,
  0x2B, 0x2D, 0xB0, 0x47, 0x2C, 0xB0, 0x00, 0x15, 0x20, 0x47, 0xB0, 0x00, 0x23, 0x42, 0xB2, 0x00,
  0x01, 0x01, 0x15, 0x14, 0x13, 0x2E, 0xB0, 0x34, 0x2A, 0x2D, 0xB0, 0x48, 0x2C, 0xB0, 0x00, 0x15,
  0x20, 0x47, 0xB0, 0x00, 0x23, 0x42, 0xB2, 0x00, 0x01, 0x01, 0x15, 0x14, 0x13, 0x2E, 0xB0, 0x34,
  0x2A, 0x2D, 0xB0, 0x49, 0x2C, 0xB1, 0x00, 0x01, 0x14, 0x13, 0xB0, 0x35, 0x2A, 0x2D, 0xB0, 0x4A,
  0x2C, 0xB0, 0x37, 0x2A, 0x2D, 0xB0, 0x4B, 0x2C, 0xB0, 0x00, 0x16, 0x45, 0x23, 0x20, 0x2E, 0x20,
  0x46, 0x8A, 0x23, 0x61, 0x38, 0xB1, 0x2E, 0x01, 0x14, 0x2B, 0x2D, 0xB0, 0x4C, 0x2C, 0xB0, 0x08,
  0x23, 0x42, 0xB0, 0x4B, 0x2B, 0x2D, 0xB0, 0x4D, 0x2C, 0xB2, 0x00, 0x00, 0x44, 0x2B, 0x2D, 0xB0,
  0x4E, 0x2C, 0xB2, 0x00, 0x01, 0x44, 0x2B, 0x2D, 0xB0, 0x4F, 0x2C, 0xB2, 0x01, 0x00, 0x44, 0x2B,
  0x2D, 0xB0, 0x50, 0x2C, 0xB2, 0x01, 0x01, 0x44, 0x2B, 0x2D, 0xB0, 0x51, 0x2C, 0xB2, 0x00, 0x00,
  0x45, 0x2B, 0x2D, 0xB0, 0x52, 0x2C, 0xB2, 0x00, 0x01, 0x45, 0x2B, 0x2D, 0xB0, 0x53, 0x2C, 0xB2,
  0x01, 0x00, 0x45, 0x2B, 0x2D, 0xB0, 0x54, 0x2C, 0xB2, 0x01, 0x01, 0x45, 0x2B, 0x2D, 0xB0, 0x55,
  0x2C, 0xB3, 0x00, 0x00, 0x00, 0x41, 0x2B, 0x2D, 0xB0, 0x56, 0x2C, 0xB3, 0x00, 0x01, 0x00, 0x41,
  0x2B, 0x2D, 0xB0, 0x57, 0x2C, 0xB3, 0x01, 0x00, 0x00, 0x41, 0x2B, 0x2D, 0xB0, 0x58, 0x2C, 0xB3,
  0x01, 0x01, 0x00, 0x41, 0x2B, 0x2D, 0xB0, 0x59, 0x2C, 0xB3, 0x00, 0x00, 0x01, 0x41, 0x2B, 0x2D,
  0xB0, 0x5A, 0x2C, 0xB3, 0x00, 0x01, 0x01, 0x41, 0x2B, 0x2D, 0xB0, 0x5B, 0x2C, 0xB3, 0x01, 0x00,
  0x01, 0x41, 0x2B, 0x2D, 0xB0, 0x5C, 0x2C, 0xB3, 0x01, 0x01, 0x01, 0x41, 0x2B, 0x2D, 0xB0, 0x5D,
  0x2C, 0xB2, 0x00, 0x00, 0x43, 0x2B, 0x2D, 0xB0, 0x5E, 0x2C, 0xB2, 0x00, 0x01, 0x43, 0x2B, 0x2D,
  0xB0, 0x5F, 0x2C, 0xB2, 0x01, 0x00, 0x43, 0x2B, 0x2D, 0xB0, 0x60, 0x2C, 0xB2, 0x01, 0x01, 0x43,
  0x2B, 0x2D, 0xB0, 0x61, 0x2C, 0xB2, 0x00, 0x00, 0x46, 0x2B, 0x2D, 0xB0, 0x62, 0x2C, 0xB2, 0x00,
  0x01, 0x46, 0x2B, 0x2D, 0xB0, 0x63, 0x2C, 0xB2, 0x01, 0x00, 0x46, 0x2B, 0x2D, 0xB0, 0x64, 0x2C,
  0xB2, 0x01, 0x01, 0x46, 0x2B, 0x2D, 0xB0, 0x65, 0x2C, 0xB3, 0x00, 0x00, 0x00, 0x42, 0x2B, 0x2D,
  0xB0, 0x66, 0x2C, 0xB3, 0x00, 0x01, 0x00, 0x42, 0x2B, 0x2D, 0xB0, 0x67, 0x2C, 0xB3, 0x01, 0x00,
  0x00, 0x42, 0x2B, 0x2D, 0xB0, 0x68, 0x2C, 0xB3, 0x01, 0x01, 0x00, 0x42, 0x2B, 0x2D, 0xB0, 0x69,
  0x2C, 0xB3, 0x00, 0x00, 0x01, 0x42, 0x2B, 0x2D, 0xB0, 0x6A, 0x2C, 0xB3, 0x00, 0x01, 0x01, 0x42,
  0x2B, 0x2D, 0xB0, 0x6B, 0x2C, 0xB3, 0x01, 0x00, 0x01, 0x42, 0x2B, 0x2D, 0xB0, 0x6C, 0x2C, 0xB3,
  0x01, 0x01, 0x01, 0x42, 0x2B, 0x2D, 0xB0, 0x6D, 0x2C, 0xB1, 0x00, 0x3A, 0x2B, 0x2E, 0xB1, 0x2E,
  0x01, 0x14, 0x2B, 0x2D, 0xB0, 0x6E, 0x2C, 0xB1, 0x00, 0x3A, 0x2B, 0xB0, 0x3E, 0x2B, 0x2D, 0xB0,
  0x6F, 0x2C, 0xB1, 0x00, 0x3A, 0x2B, 0xB0, 0x3F, 0x2B, 0x2D, 0xB0, 0x70, 0x2C, 0xB0, 0x00, 0x16,
  0xB1, 0x00, 0x3A, 0x2B, 0xB0, 0x40, 0x2B, 0x2D, 0xB0, 0x71, 0x2C, 0xB1, 0x01, 0x3A, 0x2B, 0xB0,
  0x3E, 0x2B, 0x2D, 0xB0, 0x72, 0x2C, 0xB1, 0x01, 0x3A, 0x2B, 0xB0, 0x3F, 0x2B, 0x2D, 0xB0, 0x73,
  0x2C, 0xB0, 0x00, 0x16, 0xB1, 0x01, 0x3A, 0x2B, 0xB0, 0x40, 0x2B, 0x2D, 0xB0, 0x74, 0x2C, 0xB1,
  0x00, 0x3B, 0x2B, 0x2E, 0xB1, 0x2E, 0x01, 0x14, 0x2B, 0x2D, 0xB0, 0x75, 0x2C, 0xB1, 0x00, 0x3B,
  0x2B, 0xB0, 0x3E, 0x2B, 0x2D, 0xB0, 0x76, 0x2C, 0xB1, 0x00, 0x3B, 0x2B, 0xB0, 0x3F, 0x2B, 0x2D,
  0xB0, 0x77, 0x2C, 0xB1, 0x00, 0x3B, 0x2B, 0xB0, 0x40, 0x2B, 0x2D, 0xB0, 0x78, 0x2C, 0xB1, 0x01,
  0x3B, 0x2B, 0xB0, 0x3E, 0x2B, 0x2D, 0xB0, 0x79, 0x2C, 0xB1, 0x01, 0x3B, 0x2B, 0xB0, 0x3F, 0x2B,
  0x2D, 0xB0, 0x7A, 0x2C, 0xB1, 0x01, 0x3B, 0x2B, 0xB0, 0x40, 0x2B, 0x2D, 0xB0, 0x7B, 0x2C, 0xB1,
  0x00, 0x3C, 0x2B, 0x2E, 0xB1, 0x2E, 0x01, 0x14, 0x2B, 0x2D, 0xB0, 0x7C, 0x2C, 0xB1, 0x00, 0x3C,
  0x2B, 0xB0, 0x3E, 0x2B, 0x2D, 0xB0, 0x7D, 0x2C, 0xB1, 0x00, 0x3C, 0x2B, 0xB0, 0x3F, 0x2B, 0x2D,
  0xB0, 0x7E, 0x2C, 0xB1, 0x00, 0x3C, 0x2B, 0xB0, 0x40, 0x2B, 0x2D, 0xB0, 0x7F, 0x2C, 0xB1, 0x01,
  0x3C, 0x2B, 0xB0, 0x3E, 0x2B, 0x2D, 0xB0, 0x80, 0x2C, 0xB1, 0x01, 0x3C, 0x2B, 0xB0, 0x3F, 0x2B,
  0x2D, 0xB0, 0x81, 0x2C, 0xB1, 0x01, 0x3C, 0x2B, 0xB0, 0x40, 0x2B, 0x2D, 0xB0, 0x82, 0x2C, 0xB1,
  0x00, 0x3D, 0x2B, 0x2E, 0xB1, 0x2E, 0x01, 0x14, 0x2B, 0x2D, 0xB0, 0x83, 0x2C, 0xB1, 0x00, 0x3D,
  0x2B, 0xB0, 0x3E, 0x2B, 0x2D, 0xB0, 0x84, 0x2C, 0xB1, 0x00, 0x3D, 0x2B, 0xB0, 0x3F, 0x2B, 0x2D,
  0xB0, 0x85, 0x2C, 0xB1, 0x00, 0x3D, 0x2B, 0xB0, 0x40, 0x2B, 0x2D, 0xB0, 0x86, 0x2C, 0xB1, 0x01,
  0x3D, 0x2B, 0xB0, 0x3E, 0x2B, 0x2D, 0xB0, 0x87, 0x2C, 0xB1, 0x01, 0x3D, 0x2B, 0xB0, 0x3F, 0x2B,
  0x2D, 0xB0, 0x88, 0x2C, 0xB1, 0x01, 0x3D, 0x2B, 0xB0, 0x40, 0x2B, 0x2D, 0xB0, 0x89, 0x2C, 0xB3,
  0x09, 0x04, 0x02, 0x03, 0x45, 0x58, 0x21, 0x1B, 0x23, 0x21, 0x59, 0x42, 0x2B, 0xB0, 0x08, 0x65,
  0xB0, 0x03, 0x24, 0x50, 0x78, 0xB1, 0x05, 0x01, 0x15, 0x45, 0x58, 0x30, 0x59, 0x2D, 0x00, 0x00,
  0x00, 0x4B, 0xB8, 0x00, 0xC8, 0x52, 0x58, 0xB1, 0x01, 0x01, 0x8E, 0x59, 0xB0, 0x01, 0xB9, 0x08,
  0x00, 0x08, 0x00, 0x63, 0x70, 0xB1, 0x00, 0x07, 0x42, 0xB5, 0x6C, 0x54, 0x3C, 0x24, 0x04, 0x00,
  0x2A, 0xB1, 0x00, 0x07, 0x42, 0x40, 0x0A, 0x5D, 0x0A, 0x45, 0x0A, 0x2D, 0x0A, 0x17, 0x09, 0x04,
  0x08, 0x2A, 0xB1, 0x00, 0x07, 0x42, 0x40, 0x0A, 0x69, 0x06, 0x51, 0x06, 0x39, 0x06, 0x22, 0x05,
  0x04, 0x08, 0x2A, 0xB1, 0x00, 0x0B, 0x42, 0xBD, 0x17, 0x80, 0x11, 0x80, 0x0B, 0x80, 0x06, 0x00,
  0x00, 0x04, 0x00, 0x09, 0x2A, 0xB1, 0x00, 0x0F, 0x42, 0xBD, 0x00, 0xC0, 0x00, 0xC0, 0x00, 0xC0,
  0x00, 0xC0, 0x00, 0x04, 0x00, 0x09, 0x2A, 0xB1, 0x03, 0x00, 0x44, 0xB1, 0x24, 0x01, 0x88, 0x51,
  0x58, 0xB0, 0x40, 0x88, 0x58, 0xB1, 0x03, 0x64, 0x44, 0xB1, 0x26, 0x01, 0x88, 0x51, 0x58, 0xBA,
  0x08, 0x80, 0x00, 0x01, 0x04, 0x40, 0x88, 0x63, 0x54, 0x58, 0xB1, 0x03, 0x00, 0x44, 0x59, 0x59,
  0x59, 0x59, 0x40, 0x0A, 0x61, 0x08, 0x49, 0x08, 0x31, 0x08, 0x1B, 0x07, 0x04, 0x0C, 0x2A, 0xB8,
  0x01, 0xFF, 0x85, 0xB0, 0x04, 0x8D, 0xB1, 0x02, 0x00, 0x44, 0xB3, 0x05, 0x64, 0x06, 0x00, 0x44,
  0x44, 0x00, 0x00, 0x00, 0x00, 0x00, 0x00, 0x01, 0x00, 0x00, 0x00, 0x00,
};
static constexpr std::size_t kEmbeddedFontSize = sizeof(kEmbeddedFontData);
} // namespace neon::embedded
